tree
version=v4
num_class=1
num_tree_per_iteration=1
label_index=0
max_feature_idx=48
objective=binary sigmoid:1
feature_names=age sex bmi smoking allergy fev1_pct flares_last_year controller_adherence has_purifier outdoor_hours_day hr_mean_6h hr_mean_24h hr_mean_72h rr_mean_6h rr_mean_24h rr_mean_72h spo2_mean_6h spo2_mean_24h spo2_mean_72h spo2_min_6h hr_dev_24h rr_dev_24h spo2_dev_24h rr_trend_24h steps_6h steps_24h steps_ratio_24h disturb_24h puffs_6h puffs_24h puffs_72h hours_since_puff pm25_now pm25_mean_6h pm25_mean_24h pm25_mean_72h pm25_max_24h pm25_hours_above_120_24h pm25_trend_24h pm10_mean_24h temp_now temp_min_24h rh_mean_24h pm25_fcst_mean_24h pm25_fcst_max_24h exp_next24_mean exp_next24_max exp_past24_mean hour_of_day
feature_infos=[18:73] [0:1] [17:37.200000000000003] [0:2] [0:1] [47:104] [0:8] [0.20000000000000001:0.97999999999999998] [0:1] [0.20000000000000001:5.5] [48:104.33333333333331] [56.041666666666657:102.125] [57.458333333333336:105.47222222222224] [12.333333333333334:25.483333333333331] [13.929166666666667:25.720833333333331] [14.318055555555556:26.763888888888889] [92.333333333333314:99] [91.875:98.416666666666686] [91.194444444444443:98.236111111111114] [90:98] [-5.3534585569469186:16.279041180086054] [-2.3338239875389419:7.5323883425527569] [-3.1737096442525115:1.2405816757082562] [-4.7708333333333321:5.9583333333333321] [0:3657] [635:8846] [0.25230135886874971:1.4518307006680724] [0:32] [0:3] [0:43] [0:183] [0:72] [37.200000000000003:473.80000000000001] [34.016666666666666:431.30000000000001] [46.612499999999997:363.96249999999992] [59.43333333333333:291.53750000000002] [60.600000000000001:490.39999999999998] [0:24] [-187.14583333333331:159.68333333333331] [73.045833333333334:664.74166666666667] [3.2999999999999998:27.699999999999999] [1.3999999999999999:17.899999999999999] [56.125:94.041666666666686] [32.013539623430823:397.49947063470239] [38.574147875128737:602.05821004748555] [16.139628944638755:271.91786701733122] [19.414289797636275:463.33339531273401] [23.4941924334892:247.71509786348929] [0:18]
tree_sizes=3330 3374 3384 3386 3371 3402 3414 3404 3404 3407 3404 3399 3417 3420 3421 3419 3431 3419 3423 3433 3435 3414 3456 3413 3432 3440 3439 3433 3426 3426 3432 3453 3430 3442 3444 3412

Tree=0
num_leaves=31
num_cat=0
split_feature=13 46 29 14 38 19 43 28 17 14 17 36 29 13 43 43 43 13 14 43 29 46 31 21 43 38 43 25 14 43
split_gain=10327.6 1887.94 1222.38 1081.65 966.409 941.262 772.114 254.848 247.3 214.396 167.107 153.673 149.814 146.866 265.199 118.593 117.782 115.792 108.785 113.03 108.739 73.0669 70.9213 75.635 56.6268 56.284 52.7321 43.9945 39.8999 54.2264
threshold=19.358333333333338 138.15115083716776 6.5000000000000009 20.556250000000002 45.354166666666679 94.500000000000014 259.57603711884025 1.5000000000000002 95.562500000000014 18.893750000000001 94.312500000000014 222.35000000000002 14.500000000000002 18.175000000000004 259.57603711884025 126.99646227425696 124.67183078439379 17.558333333333337 19.452083333333338 117.4932082013453 3.5000000000000004 171.87636518134477 5.5000000000000009 0.78431315476633057 220.67421396743472 -1.5041666666666769 169.2728708120006 2661.5000000000005 17.039583333333336 259.57603711884025
decision_type=2 2 2 2 2 2 2 2 2 2 2 2 2 2 2 2 2 2 2 2 2 2 2 2 2 2 2 2 2 2
left_child=5 3 4 18 8 6 7 15 20 -6 -4 12 -5 28 26 -1 -9 -17 -2 -20 21 -3 -19 -24 -12 -22 -15 -28 -7 -30
right_child=1 2 10 11 9 13 -8 16 -10 -11 24 -13 -14 14 -16 17 -18 22 19 -21 25 -23 23 -25 -26 -27 27 -29 29 -31
leaf_value=-3.0459656995283875 -3.0104182070012446 -2.8669681025331575 -1.8167656618055523 -2.725031757694913 -2.3392238616898506 -3.0927763577492264 -2.3277277118651121 -2.896006828041652 -2.9899698620085502 -1.8762568559400068 -2.2055089237545777 -2.0928048025894226 -2.2349045135659371 -3.0697573764214257 -2.69594449264254 -3.0558287084227032 -2.530433857696643 -2.7093009773729917 -2.9172866729440399 -2.6030085334447901 -2.5841947708694986 -2.5737963121254817 -2.7114456575900472 -2.9637385150261242 -1.9487405794795922 -2.3051099734881197 -2.8752009134013408 -3.0230747998691343 -3.0734499803315236 -2.9440933936929654
leaf_weight=51.005029279738665 23.77907695248723 5.8902300707995945 11.911354143172504 4.6249213889241201 6.8501194156706315 1394.1956420913339 7.6791147589683524 5.8465987369418126 7.5482207573950282 7.5918520912528038 9.5116307809948903 5.8902300707995883 4.3631333857774734 95.247201811522245 8.2899534329771978 14.529234174638985 6.9373820833861828 9.0316861085593683 13.045768823474647 6.0211240723729125 5.4539167322218418 6.3701747432351112 5.5411793999373939 18.761473558843136 4.5812900550663462 4.973972059786318 9.5552621148526651 29.931095026433468 258.95196644589305 12.216773480176924
leaf_count=1169 545 135 273 106 157 31954 176 134 173 174 218 135 100 2183 190 333 159 207 299 138 125 146 127 430 105 114 219 686 5935 280
internal_value=-3.03819 -2.51717 -2.30926 -2.77176 -2.49962 -3.0729 -2.90969 -2.94971 -2.69248 -2.09585 -1.98221 -2.331 -2.48711 -3.08367 -3.02532 -2.98231 -2.69762 -2.91447 -2.92481 -2.81804 -2.5935 -2.71464 -2.85286 -2.90621 -2.12204 -2.45107 -3.04559 -2.98729 -3.08868 -3.06762
internal_weight=2056.13 128.407 70.6828 57.7243 44.6785 1927.72 119.332 111.653 30.2365 14.442 26.0043 14.8783 8.98805 1808.39 143.024 98.8686 12.784 47.8636 42.846 19.0669 22.6883 12.2604 33.3343 24.3027 14.0929 10.4279 134.734 39.4864 1665.36 271.169
internal_count=47125 2943 1620 1323 1024 44182 2735 2559 693 331 596 341 206 41447 3278 2266 293 1097 982 437 520 281 764 557 323 239 3088 905 38169 6215
is_linear=0
shrinkage=1


Tree=1
num_leaves=31
num_cat=0
split_feature=16 13 13 32 44 44 13 13 31 16 13 44 32 18 45 16 17 35 38 28 13 38 29 43 14 44 10 7 7 31
split_gain=5626.73 805.994 440.329 329.663 296.438 247.816 190.037 109.306 91.3643 84.9662 81.9237 77.391 68.6449 68.2412 62.6033 67.669 60.617 56.8566 49.0939 48.788 40.1917 32.6222 31.4209 29.1183 28.2454 33.6649 27.9355 27.8486 25.8663 23.784
threshold=95.250000000000014 19.125000000000007 18.75833333333334 96.850000000000009 337.80781742866367 337.80781742866367 20.991666666666671 20.333333333333336 7.5000000000000009 95.750000000000014 18.441666666666674 337.80781742866367 166.15000000000001 94.9513888888889 70.451486960348731 94.916666666666671 95.895833333333357 171.06250000000003 18.570833333333336 1.5000000000000002 17.091666666666672 22.045833333333366 7.5000000000000009 137.38782467188764 16.510416666666671 398.38382299720132 82.416666666666671 0.57500000000000007 0.51000000000000012 10.500000000000002
decision_type=2 2 2 2 2 2 2 2 2 2 2 2 2 2 2 2 2 2 2 2 2 2 2 2 2 2 2 2 2 2
left_child=1 5 9 6 19 8 22 12 14 11 -7 -2 13 27 -1 -16 18 -14 -6 23 -13 -22 -3 -4 -11 -26 -15 -5 -27 -25
right_child=2 3 4 7 16 10 -8 -9 -10 24 -12 20 17 26 15 -17 -18 -19 -20 -21 21 -23 -24 29 25 28 -28 -29 -30 -31
leaf_value=0.030296086436493588 -0.021471601862794693 0.02894730705335781 -0.025657399828976635 0.3992046031532972 0.18276460617931473 0.19904569430771468 0.37619989059242709 0.42990054228342239 0.0044952035246865508 -0.055767075515585712 0.446649713073063 -0.026766003165317524 0.45920544882645964 0.1030269835355926 0.30077670952730762 0.072419992589286983 0.10738359817780846 0.3013937086993243 0.37950199393917111 0.16544525009985411 0.041204272572834322 0.21415342637013424 0.16236322100490524 0.11922251404065204 -0.042618139588165342 0.14919652975924302 0.26971165002792452 0.24702953217772591 -0.001714856072578679 0.0074079566206481885
leaf_weight=11.576772145926954 108.78150956332684 14.927216790616514 43.345825672149658 11.096258118748667 7.2780995853245321 11.611206367611887 11.786458920687435 68.715917520225048 41.806095879524946 1086.7348998449743 8.2134329229593259 6.5514397807419327 17.116724971681833 9.3252877295017225 11.35075354203582 7.9390211924910536 7.6962434239685527 15.810052640736101 12.254702266305683 7.5708512663841239 6.3219880945980576 10.360864773392676 11.065857242792843 11.467708565294744 467.43918142095208 4.8063688725233069 5.915978740900754 7.0990763120353213 27.385920245200396 17.001760356128216
leaf_count=257 2535 298 967 156 125 195 144 731 940 26165 128 139 211 165 202 154 139 194 166 132 136 196 167 219 11093 107 92 105 607 367
internal_value=-0.00161221 0.256546 -0.0391486 0.333039 0.0791716 0.113596 0.176362 0.376859 0.0623019 -0.0464897 0.301629 -0.000240589 0.321938 0.261382 0.140596 0.206793 0.250002 0.383431 0.306196 0.0205776 0.0991617 0.148614 0.0857456 0.0053055 -0.0503385 -0.0385309 0.167727 0.339832 0.0208165 0.0524477
internal_weight=2090.35 265.356 1825 172.859 106.615 92.4973 37.7795 135.079 72.6726 1718.38 19.8246 132.016 66.3634 33.4366 30.8665 19.2898 27.229 32.9268 19.5328 79.3861 23.2343 16.6829 25.9931 71.8153 1586.37 499.631 15.2413 18.1953 32.1923 28.4695
internal_count=47232 4139 43093 2263 2115 1876 609 1654 1553 40978 323 3006 923 518 613 356 430 405 291 1685 471 332 465 1553 37972 11807 257 261 714 586
is_linear=0
shrinkage=0.06


Tree=2
num_leaves=31
num_cat=0
split_feature=16 16 14 45 46 45 42 28 30 43 14 43 14 46 25 45 18 31 41 14 14 38 10 14 28 11 26 26 14 29
split_gain=4272.66 399.507 327.624 279.228 270.666 121.251 117.729 115.507 88.0637 69.6415 61.3228 56.6777 56.4098 56.2385 50.2875 46.1392 64.2439 42.1839 40.5871 40.9675 40.5833 37.1416 36.3062 33.6567 23.5379 21.4912 20.1782 20.0747 18.8105 16.8582
threshold=95.250000000000014 94.750000000000014 17.564583333333335 130.73411344724096 232.73504074309028 79.573964479072217 75.770833333333357 1.5000000000000002 4.5000000000000009 111.67001561557559 18.477083333333336 137.38782467188764 18.893750000000001 266.28749217739409 3386.5000000000005 200.10239171276058 96.4791666666667 9.5000000000000018 12.050000000000002 19.877083333333335 19.877083333333335 15.131249999999989 78.750000000000014 18.156250000000004 1.5000000000000002 83.437500000000014 0.75211962008208466 0.91316203035850751 16.510416666666671 7.5000000000000009
decision_type=2 2 2 2 2 2 2 2 2 2 2 2 2 2 2 2 2 2 2 2 2 2 2 2 2 2 2 2 2 2
left_child=1 5 15 9 11 7 -6 20 23 29 -11 24 27 22 26 28 -17 -14 19 21 -1 -12 -5 -8 -4 -9 -7 -13 -2 -3
right_child=2 3 4 13 6 14 8 25 -10 10 18 12 17 -15 -16 16 -18 -19 -20 -21 -22 -23 -24 -25 -26 -27 -28 -29 -30 -31
leaf_value=-0.0080111045489608262 -0.055202311893081078 -0.013626417778281339 -0.032452738835468176 0.12160995425520414 0.3728902357045899 0.29157708337579891 0.0020071164395845179 0.21811814706256349 0.29878986488914422 0.022347598033767076 0.03084864039102421 0.0032864267058031324 0.19454905503306949 0.3400498878523715 0.17405535113826537 0.21091970177359959 -0.024696712061391037 0.0023877160268375155 0.26736028608126694 0.20767282538062112 0.15776413156251173 0.17122810918701187 0.26251842372356959 0.14535709036562716 0.090870402454543101 0.32315652466282485 0.36226494433530188 0.12667543463781325 -0.040082253097307681 0.084802766330172183
leaf_weight=10.824300959706308 1041.1691990792751 29.087839294224977 136.52159094437957 11.836035884916784 7.9318905882537356 96.63485461473465 14.548404727131134 19.746438100934029 7.2034396715462199 20.946384809911251 18.854199241846803 80.472105011343956 11.74071290344 16.832059551030397 12.205380588769911 5.6755617037415531 15.663605220615862 6.3298640698194495 8.1109586395323259 13.473871119320391 10.447612542659042 10.599570367485283 14.831567388027905 9.914523705840109 5.8086711503565303 10.874051533639433 17.112028576433659 5.0443179868161669 413.98212829977274 7.9834835417568675
leaf_count=219 26363 631 3258 168 112 790 273 240 88 418 312 1800 166 152 153 107 360 122 125 139 146 142 145 136 107 111 177 105 10131 120
internal_value=-0.00111176 0.196886 -0.0382391 0.12565 0.0205959 0.257993 0.166179 0.180809 0.114401 0.0743839 0.108792 -0.00284627 0.0309181 0.254179 0.289792 -0.0496163 0.03797 0.127238 0.144269 0.121011 0.0734087 0.0813672 0.199978 0.0601051 -0.0274198 0.25542 0.302211 0.0105647 -0.0509007 0.00757077
internal_weight=2092.41 330.401 1762.01 152.556 285.516 177.845 39.5983 51.8924 31.6664 109.056 71.985 245.917 103.587 43.4997 125.952 1476.49 21.3392 18.0706 51.0386 42.9276 21.2719 29.4538 26.6676 24.4629 142.33 30.6205 113.747 85.5164 1455.15 37.0713
internal_count=47316 4188 43128 2352 6167 1836 609 716 497 1887 1136 5558 2193 465 1120 36961 467 288 718 593 365 454 313 409 3365 351 967 1905 36494 751
is_linear=0
shrinkage=0.06


Tree=3
num_leaves=31
num_cat=0
split_feature=16 16 46 17 46 7 14 34 14 44 45 45 7 25 7 45 6 25 37 45 7 28 21 31 25 21 14 10 9 30
split_gain=3486.32 355.053 243.205 212.423 186.069 71.1336 65.5363 62.5905 63.5368 54.4557 50.018 46.1715 40.6672 40.5423 36.7672 35.4744 36.9017 33.6889 30.1706 27.2825 26.3481 25.4376 24.7291 22.8901 19.9641 18.6652 18.6576 18.4974 18.1719 17.1254
threshold=95.416666666666671 94.750000000000014 153.07653185001308 96.020833333333357 266.28749217739409 0.54500000000000015 19.131250000000005 143.93125000000003 20.556250000000002 270.91951679670655 69.161933829718436 155.53872965100976 0.67500000000000016 3386.5000000000005 0.57500000000000007 149.06475249979601 2.5000000000000004 3110.5000000000005 14.500000000000002 200.10239171276058 0.54500000000000015 1.5000000000000002 0.74013718778804105 12.500000000000002 2254.5000000000005 0.92924143770553969 18.668750000000003 79.416666666666671 1.9500000000000002 61.500000000000007
decision_type=2 2 2 2 2 2 2 2 2 2 2 2 2 2 2 2 2 2 2 2 2 2 2 2 2 2 2 2 2 2
left_child=1 7 6 4 9 15 -3 8 10 21 -1 25 17 -9 18 16 27 23 24 -5 -21 -2 -19 -11 -8 -7 -27 -4 -16 -10
right_child=3 2 5 19 -6 11 14 13 29 12 -12 -13 -14 -15 28 -17 -18 22 -20 20 -22 -23 -24 -25 -26 26 -28 -29 -30 -31
leaf_value=-0.0034436153268720599 -0.024143678908560028 0.0011263051344917042 0.04917887964504554 -0.051016217027837429 0.20168213070741353 0.16963458962566916 0.13390219758625285 0.23486137901635093 0.1678519175838124 0.23002619961586612 0.15331113635658347 0.19097033222542184 -0.02386805478475679 0.12633885630936242 -0.026249912830928743 0.28368911070653652 0.24988785937363836 0.14001930128728673 0.17623925403863167 0.13486560922437757 -0.019542785218289851 0.099391264838335755 0.0031662886523814784 0.077047932716398621 -0.023534385800580298 0.0019616849127359051 0.096460682872581485 0.17999404614479239 0.089733593809223772 0.26137803969362455
leaf_weight=11.861132528632881 180.37515024840832 69.867323558777571 7.8554833009839076 1359.7350674644113 16.885980471968651 7.1603385768830767 5.7315978892147559 139.96018590033054 13.225938342511656 7.293565593659876 19.174242701381445 21.485437650233507 19.572948843240738 13.596767168492077 10.742482844740154 18.198216874152422 13.368906911462544 6.4787819199264076 19.687308300286531 5.1262968219816711 17.767032410949469 6.2071508690714827 17.848474126309156 6.8079637289047241 5.8685001134872437 11.702919878065584 21.051023475825787 7.7111254930496216 8.8854876607656461 15.089524086564778
leaf_count=208 4406 1504 123 35675 203 121 95 1018 109 109 206 181 408 157 170 148 156 135 243 95 380 103 354 132 105 199 229 84 141 115
internal_value=-0.000318335 0.149232 0.0974288 -0.0405438 0.00905025 0.162613 0.0388555 0.205027 0.1527 -0.00424898 0.0934024 0.120054 0.0465288 0.225252 0.0906283 0.218053 0.176773 0.082384 0.131012 -0.0499226 0.0150325 -0.020034 0.0396127 0.156171 0.0542549 0.0818803 0.0626964 0.11398 0.0262553 0.217693
internal_weight=2086.32 442.224 229.316 1644.1 261.47 108.533 120.783 212.908 59.3508 244.584 31.0354 61.3997 58.0017 153.557 50.9154 47.1337 28.9355 38.4288 31.2874 1382.63 22.8933 186.582 24.3273 14.1015 11.6001 39.9143 32.7539 15.5666 19.628 28.3155
internal_count=47312 5312 3499 42000 5850 1241 2258 1813 638 5647 414 730 1138 1175 754 511 363 730 443 36150 475 4509 489 241 200 549 428 207 311 224
is_linear=0
shrinkage=0.06


Tree=4
num_leaves=31
num_cat=0
split_feature=16 31 13 46 46 13 32 13 43 6 22 14 18 13 14 0 46 42 14 25 28 25 43 31 45 38 13 16 11 45
split_gain=2680.01 271.974 229.085 124.355 94.07 78.5721 98.5166 68.2612 60.5787 52.1897 40.1254 39.8754 39.2547 39.2393 37.5107 33.7506 31.54 31.0019 26.5232 25.3902 24.659 22.0315 20.5226 20.3267 22.1659 18.6655 18.6537 19.0359 14.1609 16.6748
threshold=95.416666666666671 6.5000000000000009 18.308333333333334 153.07653185001308 240.12936516810899 20.333333333333336 130.95000000000002 19.941666666666674 246.75346858397785 2.5000000000000004 -0.64496355104012781 16.510416666666671 96.298611111111128 18.175000000000004 18.306250000000002 27.500000000000004 224.09808161272781 81.104166666666671 18.027083333333337 1948.5000000000002 2.5000000000000004 1948.5000000000002 133.82355215135979 1.5000000000000002 79.573964479072217 33.52291666666666 16.825000000000006 95.750000000000014 75.354166666666671 70.451486960348731
decision_type=2 2 2 2 2 2 2 2 2 2 2 2 2 2 2 2 2 2 2 2 2 2 2 2 2 2 2 2 2 2
left_child=1 5 11 19 7 6 20 22 13 10 -5 -2 17 -8 -11 -15 -13 -6 -12 -3 28 -17 -4 -7 -25 -23 -18 -28 -1 -30
right_child=2 3 4 9 12 23 8 -9 -10 14 18 16 -14 15 -16 21 26 -19 -20 -21 -22 25 -24 24 -26 -27 27 -29 29 -31
leaf_value=-0.030712308075830939 -0.053966025516788085 0.089728920381226776 -0.032143680284116065 0.019093864031654691 0.25139603600873933 0.20465420931079817 0.03636774659453957 0.14152473724392273 0.23601230345794669 0.090955882998588353 0.06475486158272073 -0.038856250587321679 0.025454965346943179 0.23463439531496383 0.23023621959297508 0.19507251804330974 -0.042049655946697191 0.098876681206644945 0.21645316135317635 -0.0080539962175239909 0.1441849955905031 0.091167627462704723 0.018246090618640746 0.10434214248848149 0.1813027346823515 0.17165744602184538 0.10653233385278245 0.0082232104746106961 0.011868056363464687 0.096544888808878154
leaf_weight=8.7542713917791826 940.63504322990775 11.091780520975588 57.026650309562683 22.992433603852987 9.8702560327947193 85.276179876178503 12.96705564484 12.423045750707386 26.474433183670044 11.39249223098159 8.2008916474878806 406.52223842218518 9.0088665932416898 13.699316427111624 17.895989362150431 15.16367958858609 20.307853989303112 9.3357434496283513 8.39838659763336 69.206714428961277 9.5072144865989667 38.290479395538568 59.410437818616629 18.343856792896986 50.734396807849407 14.225200556218622 8.7679333537816984 37.067215889692307 16.439461693167686 17.060452304780483
leaf_count=149 26242 171 1427 266 95 522 202 188 166 150 113 10737 114 120 168 125 504 115 88 1443 99 379 1241 159 298 115 152 863 287 191
internal_value=-0.00137534 0.123323 -0.039182 0.0561897 0.0295584 0.153955 0.126138 0.0078312 0.15581 0.115337 0.0704167 -0.0468218 0.128789 0.133304 0.17606 0.14875 -0.0326044 0.177259 0.141506 0.00545294 0.056879 0.131365 -0.00643299 0.185058 0.160866 0.11297 0.00581984 0.027029 0.0372351 0.0549913
internal_weight=2046.49 476.115 1570.38 149.179 157.075 326.936 172.582 128.86 120.82 68.8802 39.5917 1413.3 28.2149 94.3457 29.2885 81.3787 472.665 19.206 16.5993 80.2985 51.7614 67.6794 116.437 154.354 69.0783 52.5157 66.143 45.8351 42.2542 33.4999
internal_count=46889 5211 41678 2399 3180 2812 1833 2856 1107 785 467 38498 324 941 318 739 12256 210 201 1614 726 619 2668 979 457 494 1519 1015 627 478
is_linear=0
shrinkage=0.06


Tree=5
num_leaves=31
num_cat=0
split_feature=16 13 13 43 43 16 43 38 14 22 13 29 14 17 43 14 16 43 35 38 42 9 9 2 4 43 42 14 39 21
split_gain=2310.02 200.12 197.67 95.8351 91.0133 60.8647 66.9997 50.7002 51.8265 52.5351 43.1988 39.7208 38.8927 35.4381 28.7144 27.935 25.5769 24.962 39.8723 24.6091 22.6497 22.0386 17.6712 22.7207 14.9995 14.4474 14.0933 19.4632 14.2791 21.7891
threshold=95.416666666666671 18.308333333333334 19.125000000000007 259.57603711884025 153.34008258355666 94.250000000000014 128.01282180610798 18.570833333333336 17.777083333333341 -0.53471469394632709 19.941666666666674 5.5000000000000009 18.668750000000003 96.562500000000014 259.57603711884025 19.452083333333338 94.583333333333357 133.82355215135979 118.76736111111111 7.4354166666666659 76.354166666666671 1.4500000000000002 0.65000000000000002 23.550000000000004 1.0000000180025095e-35 102.1935049455853 81.104166666666671 17.564583333333335 269.72916666666669 1.238017355093864
decision_type=2 2 2 2 2 2 2 2 2 2 2 2 2 2 2 2 2 2 2 2 2 2 2 2 2 2 2 2 2 2
left_child=2 13 4 10 16 -4 11 12 -9 20 17 -7 -6 25 15 19 -1 -3 -19 -8 -10 -14 23 -18 -17 -2 27 -27 -29 -30
right_child=1 3 5 -5 7 6 14 8 9 -11 -12 -13 21 -15 -16 24 22 18 -20 -21 -22 -23 -24 -25 -26 26 -28 28 29 -31
leaf_value=0.093949584564229457 -0.047781137306717639 -0.035446702770753728 0.17415591523984331 0.1448064107118964 -0.026847172691154386 0.0047459602238803644 0.039805515725971442 0.038084231705577953 0.17821933105466628 0.26118278476415818 0.1049512397235199 0.10050109142625188 0.024476923272144624 -0.053990669163965554 0.18973696653672845 0.096998285446355886 -0.038831739059889861 0.1562688394289575 0.0037014842649124306 0.12407926960222326 0.05763968066104249 0.14565073604295251 -0.016903976881419758 0.12680455013882985 0.15959177415018444 -0.028041199323829029 -0.050485217551500629 -0.013734423120304614 0.17041079639888101 0.020698587616530113
leaf_weight=11.294746100902556 165.15733375772834 55.256067436188459 97.765829458832741 20.505489218980074 15.871590703725813 23.334482908248901 20.058027368038893 14.053371004760264 10.785363294184206 14.775683067739012 14.270692549645899 47.022400457412004 9.1557217501103896 897.1444103308022 31.769796930253506 17.125863250344992 4.9152156710624677 6.816786900162696 64.660587590187788 32.992308106273413 11.682920880615709 13.184562519192694 59.108243878930807 7.5775673165917397 70.593368951231241 181.5089121684432 64.462787769734859 29.442202914506197 4.3491777069866684 17.916975975036621
leaf_count=170 4629 1422 533 189 265 400 232 164 97 134 189 430 113 26143 163 110 106 142 1266 270 111 145 1220 166 428 4984 1678 750 85 423
internal_value=-0.00240926 -0.0395351 0.107687 0.0236085 0.0553362 0.134181 0.118091 0.097289 0.136263 0.173309 0.00598332 0.0687431 0.0449687 -0.047034 0.138214 0.126585 0.0100364 -0.00516086 0.0182518 0.0922158 0.115521 0.0959901 -0.00320052 0.0616359 0.147371 -0.0335494 -0.0256534 -0.0187898 0.013685 0.0499414
internal_weight=2034.56 1521.49 513.067 161.51 172.405 340.662 242.896 89.5092 51.2973 37.244 141.004 70.3569 38.2119 1359.98 172.539 140.77 82.8958 126.733 71.4774 53.0503 22.4683 22.3403 71.601 12.4928 87.7192 462.837 297.68 233.217 51.7084 22.2662
internal_count=47157 41900 5257 3208 2691 2566 2033 1029 506 342 3019 830 523 38692 1203 1040 1662 2830 1408 502 208 258 1492 272 538 12549 7920 6242 1258 508
is_linear=0
shrinkage=0.06


Tree=6
num_leaves=31
num_cat=0
split_feature=16 31 13 43 13 43 43 13 14 26 14 21 7 15 38 42 14 32 45 19 17 25 45 0 25 48 41 25 38 13
split_gain=2070.92 250.493 106.018 95.6908 66.1653 72.6283 56.0993 43.1731 38.3002 37.3315 30.9728 30.9214 29.9997 26.8796 43.2095 26.2865 23.0161 22.9371 22.5044 22.057 20.3453 19.5204 18.7185 21.7488 17.1494 16.7564 13.9762 13.419 13.0304 12.9005
threshold=95.583333333333357 6.5000000000000009 17.941666666666674 126.99646227425696 19.941666666666674 138.05524798269582 198.27091235026833 17.558333333333337 19.452083333333338 0.75211962008208466 18.306250000000002 0.92924143770553969 0.69500000000000006 17.363194444444449 22.045833333333366 77.562500000000014 16.343750000000004 96.850000000000009 63.074315250577222 93.500000000000014 95.479166666666671 3319.5000000000005 155.53872965100976 47.500000000000007 3110.5000000000005 1.0000000180025095e-35 8.1000000000000014 3582.5000000000005 49.112500000000011 18.583333333333336
decision_type=2 2 2 2 2 2 2 2 2 2 2 2 2 2 2 2 2 2 2 2 2 2 2 2 2 2 2 2 2 2
left_child=1 4 16 -3 5 8 20 -5 -1 21 -11 15 13 26 27 29 -2 19 -10 -6 -4 25 23 24 -13 -7 -8 -15 -18 -9
right_child=2 3 6 7 17 9 12 11 18 10 -12 22 -14 14 -16 -17 28 -19 -20 -21 -22 -23 -24 -25 -26 -27 -28 -29 -30 -31
leaf_value=-0.0056225170254923414 -0.053885781597872981 -0.01849014373823863 0.035987944667554027 -0.0027510792531388376 0.15191652337191644 0.059113079407739785 -0.037988504802918405 0.12655912884312276 0.023120375068632189 0.10302762281818525 0.20779150275185143 0.056368645202855491 -0.021812592669879616 0.094236227297140596 0.19254585220450759 0.058701995784489508 -0.040173090792743525 0.14747623038415411 0.12852710031310358 0.069145447049669198 -0.033004847004413876 0.031520091351276584 0.11868178763867966 0.11405682089317451 -0.017943603293527594 0.1313299638282609 0.065251011678489332 -0.020431875552818245 -0.0058520205181507995 0.22512337102017485
leaf_weight=33.598749216645956 782.89919383078814 73.316910833120346 18.078865844756365 26.070383291691542 18.961408406496048 16.855024881660938 8.8331895023584384 9.2794944941997581 11.998844757676126 17.551736410707235 24.120486427098513 30.617638655006886 16.708940617740154 7.8829240314662474 12.451427489519117 10.365233235061167 391.31837411224842 188.85245576873422 18.587462309747934 29.814181797206402 103.34987067058682 15.131675496697424 17.452196214348078 14.053125582635401 17.609751127660275 36.864507764577866 10.139189459383486 6.8810429386794567 44.335214961320162 9.8599413074552995
leaf_count=614 24124 1635 400 486 126 113 163 128 167 185 162 390 307 121 126 134 11284 1006 180 258 2682 148 114 173 283 284 181 132 1151 95
internal_value=-0.000939346 0.0902876 -0.0413195 0.0367129 0.117394 0.0893635 0.0010898 0.0666248 0.0385993 0.118844 0.163666 0.0831819 0.047082 0.0720054 0.110222 0.135659 -0.0477345 0.138003 0.0871766 0.101323 -0.0227329 0.0917154 0.0637631 0.0483738 0.0292343 0.108671 0.0171846 0.0407929 -0.0366803 0.177336
internal_weight=2023.84 620.961 1402.88 208.625 412.337 174.708 184.325 135.308 64.1851 110.523 41.6722 109.237 62.8967 46.1878 27.2154 29.5047 1218.55 237.628 30.5863 48.7756 121.429 68.8512 79.7327 62.2805 48.2274 53.7195 18.9724 14.764 435.654 19.1394
internal_count=47352 6681 40671 3438 3243 1853 4112 1803 961 892 347 1317 1030 723 379 357 36559 1390 347 384 3082 545 960 846 673 397 344 253 12435 223
is_linear=0
shrinkage=0.06


Tree=7
num_leaves=31
num_cat=0
split_feature=13 16 16 32 46 14 18 21 46 7 42 46 14 38 31 13 29 25 23 36 18 31 31 40 38 27 25 26 44 35
split_gain=1770.36 235.137 152.063 103.695 58.1035 49.7788 36.0951 38.1681 32.0982 29.6732 32.2007 29.5194 26.012 34.9039 25.3425 23.0997 20.3671 19.2364 17.8336 16.48 19.8926 14.5746 13.9114 14.5769 13.7059 13.1398 10.6252 9.94556 9.4255 10.1376
threshold=18.75833333333334 95.416666666666671 94.916666666666671 130.95000000000002 200.36839275268508 16.510416666666671 96.2013888888889 1.1027794750200537 224.09808161272781 0.57500000000000007 75.770833333333357 304.81155290501346 19.877083333333335 13.987499999999992 1.0000000180025095e-35 19.941666666666674 7.5000000000000009 2485.5000000000005 1.0000000180025095e-35 245.75000000000003 95.631944444444457 11.500000000000002 2.5000000000000004 11.950000000000001 -48.874999999999993 10.500000000000002 2576.5000000000005 0.63222892335864456 169.78794482621274 118.76736111111111
decision_type=2 2 2 2 2 2 2 2 2 2 2 2 2 2 2 2 2 2 2 2 2 2 2 2 2 2 2 2 2 2
left_child=1 4 12 14 22 -3 7 -5 -7 10 -10 -8 13 18 -4 17 28 -9 -2 -6 -21 -19 23 -1 -14 -26 -12 -20 -16 -30
right_child=2 5 3 6 19 8 11 15 9 -11 26 -13 24 -15 16 -17 -18 21 27 20 -22 -23 -24 -25 25 -27 -28 -29 29 -31
leaf_value=0.0017047444248274807 0.10416334037260355 -0.052517289066758566 0.098741478162896676 0.1838681568584733 0.037988338567609782 -0.035322968599749233 -0.03356073675064198 0.1142100489015582 0.14009233733125059 -0.020820426534435693 0.085184605760670412 0.10821451883854363 0.088662623614696567 0.12914954199912279 -0.031784707992993329 0.13272055164178465 0.067942849700158028 0.067256687424310374 0.072115037434353643 0.16845984600726027 0.07433249969969033 -0.019121832452328645 -0.0011727996930689538 0.1013940579057921 0.10818939475276394 0.14898135417137576 -0.017641062431706496 0.00033511231447019558 0.072137638331846957 -0.001739490449854847
leaf_weight=10.122088503092529 19.437531709671021 817.58320932276547 11.642419721931217 20.134223658591509 14.46721640601754 416.45576411485672 12.829611316323282 18.840135335922241 10.195585563778879 54.731178238987923 4.8315664827823666 8.9929450377821905 20.83233692497015 57.014224510639906 32.474309831857681 30.392602752894163 15.731069426983593 20.326039768755439 11.77371731773019 14.178086988627909 18.80131820589304 10.752024929970501 77.584017638117075 11.039398770779369 36.176503054797649 132.72019113972783 14.399848207831381 16.957898784428835 7.8684823699295512 44.523921336978674
leaf_count=113 176 26414 129 171 152 12029 218 194 166 1251 100 61 141 335 736 191 143 202 91 100 166 148 1561 150 201 669 322 173 143 680
internal_value=-0.00139215 -0.0353869 0.0926382 0.0565778 0.0368089 -0.0433936 0.0948048 0.11 -0.0284932 0.00530362 0.0538917 0.024864 0.121313 0.0973803 0.0149357 0.0914811 0.00523662 0.0663725 0.0597773 0.0913779 0.114799 0.0373725 0.0105888 0.0537101 0.13458 0.140244 0.00819214 0.0297493 -0.00638674 0.00935565
internal_weight=1993.81 1464.39 529.42 234.508 146.192 1318.2 122.268 100.445 500.614 84.1582 29.427 21.8226 294.912 105.183 112.24 80.3108 100.598 49.9182 48.1691 47.4466 32.9794 31.0781 98.7455 21.1615 189.729 168.897 19.2314 28.7316 84.8667 52.3924
internal_count=47326 42524 4802 3016 2242 40282 1185 906 13868 1839 588 279 1786 775 1831 735 1702 544 440 418 266 350 1824 263 1011 870 422 264 1559 823
is_linear=0
shrinkage=0.06


Tree=8
num_leaves=31
num_cat=0
split_feature=16 31 13 45 46 13 46 42 13 22 25 17 32 30 43 14 45 25 16 13 21 44 28 14 7 9 16 34 2 29
split_gain=1414.57 158.034 113.132 72.5173 62.7108 59.0368 57.3988 47.1782 32.5379 34.8546 27.6296 24.5589 23.7627 22.9848 22.4533 21.2665 20.8363 20.6796 16.6136 16.4363 16.13 15.4618 15.3721 14.3621 13.9065 13.4845 13.4666 14.3982 13.0082 12.735
threshold=95.583333333333357 6.5000000000000009 17.941666666666674 82.300966566254985 240.12936516810899 20.333333333333336 232.73504074309028 75.770833333333357 17.558333333333337 -0.47449730673463358 1948.5000000000002 95.479166666666671 130.95000000000002 2.5000000000000004 133.82355215135979 16.510416666666671 85.394380289996846 1948.5000000000002 94.583333333333357 18.75833333333334 1.7044057326648263 398.38382299720132 1.5000000000000002 18.156250000000004 0.57500000000000007 0.45000000000000007 94.250000000000014 141.12083333333337 27.450000000000003 7.5000000000000009
decision_type=2 2 2 2 2 2 2 2 2 2 2 2 2 2 2 2 2 2 2 2 2 2 2 2 2 2 2 2 2 2
left_child=1 5 15 25 11 6 10 -6 -5 17 16 14 -12 -9 -4 -2 18 -10 -1 -14 -21 -17 -22 -11 -19 -3 -7 -28 -23 -27
right_child=2 3 4 8 7 26 -8 13 9 23 12 -13 19 -15 -16 21 -18 24 -20 20 22 28 -24 -25 -26 29 27 -29 -30 -31
leaf_value=0.10922599001632823 -0.053527457535714425 0.067464512729656742 -0.0085928365493269515 -0.0078361202605220504 0.1588997110532312 0.13267196455788749 0.1226462363064595 -0.036672290950788396 0.1217756514237579 0.073814840897215461 0.0052889510860450123 -0.024439661016216585 0.022842788112510691 0.087106805132585813 0.11574130919654316 -0.03896715661162841 0.13227415727508623 0.061217302117041426 0.0050069508795791461 0.12401885572624692 0.013484475313692497 -0.016446176895049958 0.088285669540502862 0.15251185435375486 0.0062338761925001592 -0.033365217523089546 0.065060012944952825 0.11333807794528054 0.083213283197521873 0.061645179198834062
leaf_weight=9.9350467957556265 768.64002554304898 5.9645572006702414 12.101060785353186 25.991442650556564 14.181765682995318 78.912283144891262 55.149794105440378 12.140232956036927 10.733431611210106 15.024525895714758 47.936549447476864 127.96320457942784 31.659882292151451 9.7284911945462209 9.2071702815592271 316.06806753203273 23.700267255306244 31.188103191554546 12.353152837604283 17.865571785718203 17.611115034669638 16.677818786352876 22.560655355453491 18.788098379969597 35.30619665235281 68.47123359143734 30.3906404748559 82.907613664865494 6.5733778178691855 5.4856726303696624
leaf_count=74 26112 129 284 461 134 345 303 182 88 175 653 3295 411 94 144 9623 139 326 160 129 142 384 146 162 424 1594 210 409 163 63
internal_value=-0.00449356 0.0678678 -0.0407467 0.0261033 0.00264392 0.0888917 0.0689676 0.0736657 0.052595 0.0667402 0.0528455 -0.0145085 0.0393919 0.0183919 0.0451313 -0.0480044 0.0931092 0.0444972 0.051463 0.0576175 0.0765874 -0.0354933 0.0554932 0.117543 0.032023 -0.0193189 0.113642 0.100388 0.0117287 -0.0263179
internal_weight=1941.22 647.936 1293.28 216.953 185.322 430.983 238.772 36.0505 137.032 111.04 183.622 149.271 137.634 21.8687 21.3082 1107.96 45.9885 77.2277 22.2882 89.6972 58.0373 339.319 40.1718 33.8126 66.4943 79.9215 192.211 113.298 23.2512 73.9569
internal_count=46958 6543 40415 3422 4133 3121 2157 410 1636 1175 1854 3723 1481 276 428 36282 373 838 234 828 417 10170 288 337 750 1786 964 619 547 1657
is_linear=0
shrinkage=0.06


Tree=9
num_leaves=31
num_cat=0
split_feature=13 31 17 45 45 32 18 38 25 38 15 18 42 24 11 35 21 38 7 17 7 29 25 15 5 9 9 13 46 32
split_gain=1335.21 119.817 114.012 56.7565 52.4941 38.7933 35.4228 32.8381 28.6023 41.841 27.5604 25.184 25.0669 20.3516 20.0815 18.7857 18.4974 18.0969 17.6379 16.8418 16.1958 15.6542 13.1839 12.638 11.0471 12.3781 13.2926 10.9385 10.7111 10.4265
threshold=18.441666666666674 6.5000000000000009 96.020833333333357 135.53390807477905 86.755881497411039 88.450000000000017 96.145833333333329 7.4354166666666659 2485.5000000000005 28.568750000000019 20.65902777777778 95.631944444444457 78.937500000000014 1360.5000000000002 80.812500000000014 149.21180555555557 0.82959552889112953 29.660416666666652 0.27500000000000008 94.854166666666671 0.56500000000000006 7.5000000000000009 1948.5000000000002 17.656250000000004 81.500000000000014 1.9500000000000002 1.5500000000000003 19.941666666666674 120.27809818209109 130.95000000000002
decision_type=2 2 2 2 2 2 2 2 2 2 2 2 2 2 2 2 2 2 2 2 2 2 2 2 2 2 2 2 2 2
left_child=2 5 3 18 21 10 7 11 24 19 27 14 20 15 -6 -9 -4 -18 -1 -10 -5 -3 28 -11 25 26 -7 -2 -20 -21
right_child=1 4 16 12 6 8 -8 13 9 23 -12 -13 -14 -15 -16 -17 17 -19 22 29 -22 -23 -24 -25 -26 -27 -28 -29 -30 -31
leaf_value=0.072972202280496862 -0.035023794385309961 -0.019514293286817853 -0.049990486834657961 0.14989554429729307 0.027340515629387233 0.10742184595040249 -0.0083076674654002855 0.15775330185338121 0.073398000319831028 0.06696188654008696 0.086145788135277318 -0.037116752670100346 0.0084347358069920587 0.032543935552245995 0.12424509794835954 0.076840870071874207 -0.038843683704841321 0.0065709069295389055 -0.022976097260327972 -0.018168462001482286 0.055800882267715325 0.076029957910480755 -0.022865263648527048 0.12412635824346431 0.065162016800633327 0.1264096018283607 0.05208382956545355 0.034341656211131937 0.083020291298737975 0.042246124013542365
leaf_weight=7.8745472468435755 13.843519143760203 65.554992035031319 849.98047904111445 11.41568346321583 22.554680489003658 80.423683919012547 26.490723859518766 23.056760832667351 39.362922802567482 19.327773712575436 28.381207067519426 13.206172630190848 21.205045126378536 11.894434899091719 11.688002541661261 18.714468073099852 150.13415251858532 40.004275714978576 6.0136348791420442 16.594626178964972 15.563026063144205 6.8151747211813918 183.98942224681377 49.786969184875488 20.22236630320549 101.72468464449048 19.395185671746731 20.019293669611216 7.9947823137044907 27.042246833443642
leaf_count=181 267 1539 29704 97 257 432 429 184 242 139 194 243 320 129 105 142 4802 1009 152 238 185 67 4571 251 141 542 117 179 132 258
internal_value=-0.00241954 0.0687593 -0.0374047 -0.00137109 0.0303032 0.0863925 0.0534539 0.0696346 0.0936939 0.0736563 0.0425352 0.0332708 0.0572485 0.101786 0.0604168 0.121503 -0.0462061 -0.0292887 -0.0150908 0.044941 0.0956158 -0.0105168 -0.0185932 0.10814 0.107438 0.11168 0.0966695 0.00598424 0.0375174 0.0192711
internal_weight=1930.27 636.1 1294.18 254.056 199.975 436.124 127.605 101.115 373.88 152.115 62.244 47.4489 48.1838 53.6657 34.2427 41.7712 1040.12 190.138 205.872 82.9998 26.9787 72.3702 197.998 69.1147 221.766 201.544 99.8189 33.8628 14.0084 43.6369
internal_count=47248 6095 41153 5638 3095 3000 1489 1060 2360 1128 640 605 602 455 362 326 35515 5811 5036 738 282 1606 4855 390 1232 1091 549 446 284 496
is_linear=0
shrinkage=0.06


Tree=10
num_leaves=31
num_cat=0
split_feature=16 13 46 16 13 16 46 13 44 21 30 42 14 43 41 44 26 44 2 18 42 30 11 31 45 16 3 31 13 7
split_gain=1153.65 163.606 85.3476 95.075 52.4723 37.9516 31.9444 28.083 23.8781 21.3465 18.7654 18.7698 18.4929 16.2289 18.1113 22.5193 15.9891 20.0828 17.3149 15.292 22.9603 19.4582 15.2659 13.4899 16.0104 12.545 12.5276 11.5995 11.5896 11.3275
threshold=95.750000000000014 17.941666666666674 232.73504074309028 94.916666666666671 17.941666666666674 94.083333333333357 171.87636518134477 19.625000000000007 200.73060386482118 0.65942656747944384 34.500000000000007 78.541666666666671 19.877083333333335 117.4932082013453 11.800000000000002 223.75298620165648 0.88789668903407326 398.38382299720132 27.450000000000003 95.145833333333329 75.770833333333357 4.5000000000000009 83.437500000000014 1.5000000000000002 75.67921251685955 94.583333333333357 1.0000000180025095e-35 9.5000000000000018 20.991666666666671 0.59500000000000008
decision_type=2 2 2 2 2 2 2 2 2 2 2 2 2 2 2 2 2 2 2 2 2 2 2 2 2 2 2 2 2 2
left_child=1 25 3 5 16 -3 -6 13 22 -8 11 26 -13 -5 -15 -16 17 -2 -19 -4 -21 -22 28 -9 -25 -1 -10 -11 29 -7
right_child=4 2 19 7 6 8 9 23 10 27 -12 12 -14 14 15 -17 -18 18 -20 20 21 -23 -24 24 -26 -27 -28 -29 -30 -31
leaf_value=0.069078481535717093 -0.03692189808137053 0.11547254165290917 0.13390392152136396 -0.027619929180027408 -0.029553131312467038 0.028048278324485185 0.11144865922747482 0.090668815036373182 0.074504467893060367 0.059253406569964431 0.13183209835843041 0.0081983789407763796 0.079071043325550358 0.0050268402352058672 0.14952515029046759 0.016318709889619261 -0.049717178436093405 -0.010795958414804444 0.11480599536132953 0.13592505337148994 0.041445221920704857 0.10542364758203487 0.08153125705946894 -0.011066076872696531 0.057223888642698534 -0.010035850792964953 0.13065001125372475 -0.0068751245874058703 0.072145011339736706 -0.037968515688173284
leaf_weight=7.6492336802184573 218.44656984694302 70.389006797224283 49.998855128884315 37.329414758831263 83.941808935254812 26.506189052015543 9.4052536301314813 22.359709721058607 50.988421589136124 13.452182909473775 20.654071636497974 26.944588638842106 26.085737720131874 65.722023986279964 7.8315575718879726 10.966726556420324 754.02135882340372 12.694938804954292 5.736700100824236 31.17200230807066 33.835496850311756 34.627401791512966 19.887953709810972 18.040852878242731 39.244111988693476 127.23215707577765 19.88656534999609 32.911938674747944 11.837995804846285 14.461883805692194
leaf_count=80 7347 328 225 905 2390 282 164 152 294 177 93 195 120 965 142 168 27765 329 140 149 230 162 135 260 319 2806 123 621 64 165
internal_value=-0.0019603 0.0544955 0.0671744 0.055044 -0.0405917 0.0771838 -0.00616791 0.0234384 0.0647785 0.0290306 0.0788841 0.0700581 0.0430608 0.00532883 0.019881 0.0718139 -0.0454453 -0.0318472 0.0282966 0.106827 0.0932396 0.0738045 0.0367279 0.0511445 0.0357172 -0.00554921 0.0902582 0.0123115 0.019854 0.0047441
internal_weight=1904.26 773.652 638.771 489.137 1130.61 287.642 139.711 201.494 217.253 55.7694 144.559 123.905 53.0303 121.85 84.5203 18.7983 990.9 236.878 18.4316 149.634 99.6349 68.4629 72.694 79.6447 57.285 134.881 70.875 46.3641 52.8061 40.9681
internal_count=47295 8362 5476 4710 38933 1799 3352 2911 1471 962 825 732 315 2180 1275 310 35581 7816 469 766 541 392 646 731 579 2886 417 798 511 447
is_linear=0
shrinkage=0.06


Tree=11
num_leaves=31
num_cat=0
split_feature=16 13 13 46 14 21 46 38 42 25 13 46 13 44 44 6 18 0 14 24 25 19 7 25 16 6 41 5 47 6
split_gain=1100.08 115.456 80.5704 63.6696 44.7962 52.75 39.0106 34.2394 31.6035 27.4066 27.0161 24.3709 20.2215 18.2456 21.8773 16.6398 26.3848 17.0606 16.4951 13.8843 12.938 12.6113 12.7788 13.107 11.4527 15.1273 20.9526 10.8576 12.0662 10.8471
threshold=95.583333333333357 20.333333333333336 17.941666666666674 121.98209512724863 17.777083333333341 1.238017355093864 232.73504074309028 -16.23749999999999 74.729166666666686 2485.5000000000005 19.941666666666674 304.81155290501346 19.125000000000007 270.91951679670655 223.75298620165648 2.5000000000000004 94.9513888888889 36.500000000000007 16.452083333333338 1186.5000000000002 3179.5000000000005 94.500000000000014 0.56500000000000006 3319.5000000000005 94.583333333333357 4.5000000000000009 12.300000000000002 76.500000000000014 72.075668628595551 1.5000000000000002
decision_type=2 2 2 2 2 2 2 2 2 2 2 2 2 2 2 2 2 2 2 2 2 2 2 2 2 2 2 2 2 2
left_child=1 3 18 10 -5 7 20 -6 -8 15 24 21 -10 14 -9 16 -7 -17 -2 -3 27 22 23 -11 -1 -26 -27 28 -4 -18
right_child=2 19 6 4 5 9 8 13 12 11 -12 -13 -14 -15 -16 17 29 -19 -20 -21 -22 -23 -24 -25 25 26 -28 -29 -30 -31
leaf_value=0.034780741449988682 -0.051073045001332959 0.09675211369552382 -0.03320923116199876 -0.0039158345949503338 0.01236480820296477 0.10341171221310237 0.14115959142901766 0.12389013440652837 -0.013259004238961076 0.079475100998410528 0.070567021997315252 0.081026308096092819 0.092495682854391664 0.14068547113890958 0.0024324957503365995 0.14624116000544138 0.04821181403890222 0.067161780214750152 -0.034598539928174271 0.04671846269778198 -0.031893996168024207 -0.02323354338272831 0.0017094560559804462 0.0051659984478033662 -0.028517263987603087 0.13004768940963421 -0.027656996961198319 -0.015797205223944372 0.066520038457516334 -0.01633446826388351
leaf_weight=17.588490672409534 654.50853690691292 203.63092433661222 6.064887726679447 43.924669655039907 12.821086090058087 20.538903724402189 10.197701871395109 13.10464756190777 21.208728499710563 22.705024257302284 17.833485908806324 24.093700520694256 9.3912721127271634 46.178456600755453 9.0091995708644372 16.278040509670973 20.664297040551901 24.760417822748423 328.656862674281 22.137057524174452 83.878477908670902 24.869361829012632 37.821597997099161 13.702027592808006 74.275536391884089 5.5230014473199827 6.7266583889722824 33.808209504932165 15.604914043098686 17.153211705386639
leaf_count=186 25662 960 162 693 152 116 83 171 317 162 175 120 66 273 108 103 180 167 10947 133 2312 345 352 136 1637 105 150 823 351 135
internal_value=-0.00311936 0.0565863 -0.0388066 0.0396334 0.0527191 0.0609104 -0.00191901 0.102334 0.0496829 0.0458152 0.00233114 0.0269039 0.0191976 0.119224 0.0744082 0.0692542 0.0486671 0.0985289 -0.0455659 0.0918462 -0.0170259 0.0137452 0.0261344 0.0515084 -0.00935689 -0.018329 0.0434473 0.00545358 0.0386081 0.018935
internal_weight=1858.66 695.34 1163.32 469.572 347.625 303.7 180.154 81.1134 40.7977 222.587 121.947 123.192 30.6 68.2923 22.1138 99.3949 58.3564 41.0385 983.165 225.768 139.356 99.098 74.2286 36.4071 104.114 86.5252 12.2497 55.478 21.6698 37.8175
internal_count=47282 6559 40723 5466 3213 2520 4114 704 466 1816 2253 1115 383 552 279 701 431 270 36609 1093 3648 995 650 298 2078 1892 255 1336 513 315
is_linear=0
shrinkage=0.06


Tree=12
num_leaves=31
num_cat=0
split_feature=17 16 45 14 45 38 29 21 25 31 29 5 44 0 41 13 40 9 45 41 18 7 42 38 22 28 14 22 14 22
split_gain=941.829 92.8577 86.5087 74.5989 59.7666 35.5928 25.9415 24.8195 22.7349 21.2926 20.3477 17.989 16.6702 15.3929 14.7738 14.107 13.7989 12.2236 12.0743 18.0318 13.1868 11.3877 13.5789 11.1807 10.5442 9.60947 9.52712 9.40634 11.0296 9.37841
threshold=95.729166666666671 94.750000000000014 88.214438058841139 17.114583333333339 200.10239171276058 -16.23749999999999 6.5000000000000009 0.82959552889112953 3386.5000000000005 12.500000000000002 3.5000000000000004 72.500000000000014 200.73060386482118 45.500000000000007 6.0500000000000007 19.941666666666674 15.450000000000001 0.45000000000000007 126.39974171285434 10.15 96.298611111111128 0.69500000000000006 80.479166666666671 23.731249999999999 -1.0018834692914422 1.5000000000000002 16.293750000000006 -0.91953820376387785 18.306250000000002 -0.73672735516063159
decision_type=2 2 2 2 2 2 2 2 2 2 2 2 2 2 2 2 2 2 2 2 2 2 2 2 2 2 2 2 2 2
left_child=1 8 6 26 18 10 17 13 12 11 -4 16 15 -7 -8 25 -9 -3 29 20 21 22 -20 -10 -13 -1 -2 -11 -29 -5
right_child=3 2 5 4 -6 7 14 9 23 27 -12 24 -14 -15 -16 -17 -18 -19 19 -21 -22 -23 -24 -25 -26 -27 -28 28 -30 -31
leaf_value=-0.018053636010742145 -0.05028403121623061 0.057658995348589648 -0.010207246172444263 -0.0029343077036898071 0.081279924148206492 0.082064072348193295 0.099441843204290739 0.0059741929717599968 -0.017295689643172497 -0.031046246029677114 0.059720489376882624 0.071668140488788223 0.089947173294336935 0.15742702417726961 0.019762618226212333 0.074015021161080066 0.076798451542413465 -0.017064125581413771 0.084086949727504148 0.076668592767115892 -0.049238765448589752 -0.048896351449731611 -0.0092127251438993175 0.06190522922386018 0.12648880185744715 0.057025294657573403 -0.03660699322774668 -0.0040771812643591214 0.070732083819398453 -0.034835311205420466
leaf_weight=12.153317097574474 570.19360020011663 8.4092651028186065 37.68586521781981 45.22931957244873 24.031419456005096 25.373136326670647 11.550608130171893 18.845357608050108 13.03326226770878 9.6761079300194961 24.86355440877378 27.229998152703047 202.26367459446192 15.852623956277965 30.492913980036974 58.761192820966244 20.871448859572411 125.50212678872049 10.904671117663389 10.441538266837595 19.035413121804595 7.6050269659608594 11.578529940918086 12.639527454972265 23.558443179354072 12.397651325911282 270.25035130232573 12.810042237862946 15.903132641687987 124.48983272537589
leaf_count=168 23461 190 602 1318 198 223 81 138 130 104 166 153 948 146 314 300 131 2927 176 194 427 167 212 79 165 96 9606 190 169 3912
internal_value=-0.00220583 0.0510903 0.0322831 -0.0372834 -0.00874172 0.0562908 0.000537179 0.0705205 0.0757814 0.0575595 0.0175892 0.073442 0.0806435 0.111044 0.0416529 0.0580561 0.0431928 -0.0123717 -0.0181769 0.00506454 -0.0101553 0.0145709 0.0360389 0.0216974 0.0970969 0.0198594 -0.0458861 0.0201157 0.0373568 -0.0263339
internal_weight=1813.63 719.873 408.625 1093.76 253.316 232.67 175.955 170.12 311.249 128.895 62.5494 90.5052 285.576 41.2258 42.0435 83.3122 39.7168 133.911 229.284 59.5652 49.1236 30.0882 22.4832 25.6728 50.7884 24.551 840.444 38.3893 28.7132 169.719
internal_count=47091 7420 5699 39671 6604 2187 3512 1419 1721 1050 768 587 1512 369 395 564 269 3117 6406 1176 982 555 388 209 318 264 33067 463 359 5230
is_linear=0
shrinkage=0.06


Tree=13
num_leaves=31
num_cat=0
split_feature=13 19 46 14 13 32 14 42 14 43 15 25 43 19 26 7 10 25 46 25 25 2 39 29 27 11 7 2 10 26
split_gain=887.615 126.976 64.6283 47.0195 35.5631 46.2089 26.0364 25.1893 24.2874 23.2843 21.8478 19.0718 16.7461 15.8754 13.6637 13.3366 12.0797 15.0674 11.533 11.6945 11.1723 18.3685 17.7256 11.0227 11.1523 13.8385 10.9821 10.6484 9.83938 9.7512
threshold=17.941666666666674 94.500000000000014 240.12936516810899 16.510416666666671 20.991666666666671 134.65000000000001 17.902083333333341 75.770833333333357 18.306250000000002 138.05524798269582 17.450694444444448 2485.5000000000005 246.75346858397785 95.500000000000014 0.8218020334682431 0.60500000000000009 89.083333333333357 1948.5000000000002 304.81155290501346 3518.5000000000005 2485.5000000000005 23.800000000000001 319.8875000000001 7.5000000000000009 8.5000000000000018 74.145833333333357 0.63500000000000012 25.150000000000002 79.416666666666671 0.8218020334682431
decision_type=2 2 2 2 2 2 2 2 2 2 2 2 2 2 2 2 2 2 2 2 2 2 2 2 2 2 2 2 2 2
left_child=3 4 6 -1 5 16 -3 -4 -9 23 -7 15 20 18 -13 -11 17 -2 19 -5 27 -22 -23 24 25 -8 -27 28 -12 -20
right_child=1 2 7 13 -6 10 9 8 -10 11 12 14 -14 -15 -16 -17 -18 -19 29 -21 21 22 -24 -25 -26 26 -28 -29 -30 -31
leaf_value=-0.050303934686729557 0.053087375525530021 -0.032543541297332501 0.11703843438135386 -0.0016456163507786753 0.089635303414879464 0.015592324234600469 0.080501227147789942 -0.01142882192125476 0.080668568513273448 0.10258277553448668 0.041100969431164959 -0.0019209710787790218 0.10533800493058094 -0.037948021402730528 0.090544661723335279 0.01464393377091024 0.085057308570803236 0.0094158119160266222 -0.010384359717118668 -0.029921631863897298 0.080600615385623423 -0.0034665955218204456 0.077298065720518117 0.043802242020808409 -0.045991015057407381 -0.0497940946164614 0.048271490261329451 0.10170303738042193 0.095463067111563993 0.084575165738135089
leaf_weight=612.32049221917987 39.856503680348396 73.499904319643974 22.095942180603743 96.307389378547668 126.03956413641572 24.970736926421523 6.697521802037957 19.321001185104251 22.098656963557005 18.824870640411977 32.060188755393028 40.632159885019064 50.110677823424339 163.55503607355058 6.7021932601928702 9.2636451013386232 11.838695455342529 99.298372082412243 7.9045520387589914 116.17459122650325 37.496796341612935 29.348330996930599 14.674051415175198 10.290024815127252 34.065762674435973 13.352855883538725 5.9398237336426964 43.87811665609479 19.142914459109306 7.6709193047136068
leaf_count=26297 301 2105 151 2496 545 205 186 240 132 178 197 643 210 5917 100 127 90 1127 103 3463 265 239 81 110 824 337 159 235 98 106
internal_value=-0.0022002 0.0444638 0.012011 -0.0399196 0.0618212 0.0531153 -0.00342681 0.0653056 0.037708 0.0112545 0.0688584 0.0344134 0.0747253 -0.0236829 0.0111715 0.0735804 0.0268741 0.0219241 -0.0134525 -0.0171055 0.0660388 0.0497405 0.0234548 -0.0135758 -0.023407 0.00619424 -0.0196017 0.0800125 0.0614249 0.0363832
internal_weight=1815.43 811.499 282.784 1003.93 528.715 402.675 219.269 63.5156 41.4197 145.769 251.682 75.4229 226.711 391.612 47.3344 28.0885 150.994 139.155 228.057 212.482 176.6 81.5192 44.0224 70.346 60.056 25.9902 19.2927 95.0812 51.2031 15.5755
internal_count=47267 8885 5292 38382 3593 3048 4769 523 372 2664 1530 1048 1325 12085 743 305 1518 1428 6168 5959 1115 585 320 1616 1506 682 496 530 295 209
is_linear=0
shrinkage=0.06


Tree=14
num_leaves=31
num_cat=0
split_feature=14 16 46 17 6 46 0 46 7 5 25 13 21 29 16 46 25 47 14 32 22 42 14 37 33 30 42 42 31 13
split_gain=744.672 78.1924 74.8625 59.9898 37.8845 38.6867 37.9686 28.3523 21.4572 19.3699 16.531 16.2981 15.1961 15.3144 15.042 14.2762 20.3399 14.366 13.3392 13.2864 18.4811 12.7239 12.8445 12.434 12.3103 12.1508 25.7387 10.8879 13.1888 10.6202
threshold=17.902083333333341 94.583333333333357 232.73504074309028 96.270833333333357 2.5000000000000004 128.26754262339924 31.500000000000004 304.81155290501346 0.53500000000000014 49.500000000000007 3110.5000000000005 20.333333333333336 0.58042512051896289 6.5000000000000009 93.750000000000014 232.73504074309028 3179.5000000000005 80.932347631232034 16.106250000000006 125.15000000000002 -0.91953820376387785 82.687500000000014 18.668750000000003 18.500000000000004 146.00000000000003 4.5000000000000009 78.541666666666671 77.562500000000014 6.5000000000000009 17.308333333333337
decision_type=2 2 2 2 2 2 2 2 2 2 2 2 2 2 2 2 2 2 2 2 2 2 2 2 2 2 2 2 2 2
left_child=3 14 4 7 11 12 -7 9 24 -1 23 19 -6 -14 -2 16 17 -16 -5 -3 27 22 -22 -10 -8 26 -4 28 -21 -11
right_child=1 2 25 18 5 6 8 -9 10 29 -12 -13 13 -15 15 -17 -18 -19 -20 20 21 -23 -24 -25 -26 -27 -28 -29 -30 -31
leaf_value=0.10844921406026352 0.10322896643342556 -0.021973500823052557 0.090363513109652169 -0.050100725320155116 0.081754791362221357 0.12565096809120521 0.04196939062132795 0.054940618593920895 -0.0069202042148485566 -0.03186909876371824 -0.05216970915552202 0.036740723683767004 -0.028274615414732741 0.039191768627389177 0.029755128926148205 0.096745092207318889 -0.0014226873546567282 0.073613729228004091 -0.033956699236339101 0.047599247324401503 0.023984356037691484 -0.019191211028254794 0.088443524962237813 0.079834663830855274 0.12292130129202516 0.09348112925719701 0.012323876519920488 -0.037972450879933083 -0.03359772388667185 -0.0059149889533929197
leaf_weight=4.4242774937301865 42.002562813460827 83.541154058650136 32.986433539539576 441.34584302641451 8.1692425757646543 27.40190696157515 14.115592554211618 22.300269857048988 11.648445874452593 108.63520023226738 10.78562701307237 44.014823313802481 36.641183590516448 18.093420002609491 34.593214247375727 39.05546872317791 19.330622997134924 120.67899456247687 316.29513308219612 16.560043664649132 32.782394528388977 13.840328969061373 16.848576797172427 12.151717292144893 12.982397226616738 53.650346849113703 28.239736799150705 32.977958416566253 12.743429070338605 118.8527206685394
leaf_count=96 180 1822 174 20050 170 217 122 198 132 3715 165 261 833 154 237 166 142 562 12286 151 591 280 172 109 87 266 238 453 226 3106
internal_value=-0.000989629 0.0432347 0.0298809 -0.0348985 0.0177627 0.0414444 0.0668811 -0.00967741 0.0407736 -0.015891 0.00945 0.00355332 0.00542053 -0.0059725 0.0704048 0.063952 0.0566168 0.0638424 -0.043361 -0.00342605 0.00889556 0.0316805 0.0458668 0.0373745 0.0807527 0.0726353 0.0543688 -0.0143246 0.0122885 -0.0183092
internal_weight=1787.69 775.836 520.175 1011.85 405.298 151.99 89.0857 254.212 61.6838 231.912 34.5858 253.309 62.9038 54.7346 255.661 213.658 174.603 155.272 757.641 209.294 125.753 63.4713 49.631 23.8002 27.098 114.877 61.2262 62.2814 29.3035 227.488
internal_count=47361 7910 6623 39451 5945 1989 832 7115 615 6917 406 3956 1157 987 1287 1107 941 799 32336 3695 1873 1043 763 241 209 678 412 830 377 6821
is_linear=0
shrinkage=0.06


Tree=15
num_leaves=31
num_cat=0
split_feature=17 13 32 32 14 38 13 21 13 29 21 25 32 6 0 13 7 10 13 21 42 28 14 26 15 7 2 0 25 25
split_gain=693.981 119.366 39.7599 31.6465 25.451 27.9341 24.1197 25.086 21.4719 19.8812 16.3217 16.3341 15.6086 15.3295 13.9934 13.6113 13.3841 12.9461 12.1617 13.9502 11.9245 10.8547 10.7417 12.6517 10.0767 13.7741 9.70272 25.829 9.5909 9.51165
threshold=96.020833333333357 18.75833333333334 88.450000000000017 154.90000000000001 16.510416666666671 29.660416666666652 20.991666666666671 1.3197173012082788 20.333333333333336 1.5000000000000002 0.82959552889112953 2485.5000000000005 188.55000000000004 4.5000000000000009 56.500000000000007 17.475000000000005 0.56500000000000006 77.750000000000014 19.941666666666674 3.2193572271459456 77.104166666666671 1.5000000000000002 18.027083333333337 0.75211962008208466 17.363194444444449 0.59500000000000008 27.050000000000004 31.500000000000004 2378.5000000000005 3797.5000000000005
decision_type=2 2 2 2 2 2 2 2 2 2 2 2 2 2 2 2 2 2 2 2 2 2 2 2 2 2 2 2 2 2
left_child=1 3 8 13 -2 -6 7 -4 -3 -9 15 16 18 21 24 -5 -12 29 -11 28 22 -1 -13 -24 26 -26 -7 -28 -20 -15
right_child=4 2 6 10 5 14 -8 9 -10 12 11 20 -14 17 -16 -17 -18 -19 19 -21 -22 -23 23 -25 25 -27 27 -29 -30 -31
leaf_value=-0.021879650301901133 -0.048503681127196774 -0.014227085210248437 0.080229516253069469 0.015326814357225254 -0.037432708389433661 -0.029608432762554725 0.083519262178190959 0.0080160549547096376 0.043620289475675159 0.021623599413918941 0.098622355471371492 -0.018784631039866172 0.070989310223963389 0.050241745846945601 0.10797041189668842 0.084925575424485353 0.015769373479696418 0.12450712475511355 0.08608792268432007 0.015684257827766626 -0.032472201138378884 0.056169040548244363 0.010569151449530675 0.10520140459085203 0.10067969395016835 -0.029684596618687713 0.14839370975468327 -0.015662668627398426 0.042879312035216374 -0.051673190144420317
leaf_weight=148.27498802728951 556.08750278130174 46.439833277836442 81.931824317201972 16.799802288413048 216.63256360031664 37.676188126206398 101.37700060755014 49.434615487232804 45.961198598146439 77.47527483291924 12.002019809558989 15.987452812492846 83.078558187931776 8.2960975039750355 4.4921420142054549 25.425087997689843 16.905967339873314 4.7627465687692156 40.751569695770741 26.33457799628377 29.339833721518517 6.7049364000558844 13.574820807203652 8.1330921091139299 7.2636211514472944 4.8766998536884785 4.5103974100202349 14.762001903727649 33.85947759822011 5.4706794600933781
leaf_count=4123 26168 803 567 334 8092 1023 436 592 269 684 127 265 405 157 113 227 200 109 199 135 491 93 201 68 129 118 124 385 197 160
internal_value=-0.00199926 0.0347307 0.0506726 0.00472461 -0.040987 -0.0265839 0.0574266 0.0506935 0.0145468 0.0429106 0.0261495 0.0124689 0.0495072 -0.0123364 0.00535633 0.0572347 0.0501683 0.0392411 0.0395045 0.0532279 -0.00378846 -0.018503 0.0185373 0.0460241 -0.00131561 0.0483131 -0.0118955 0.0227321 0.0664793 0.00974251
internal_weight=1744.62 898.321 586.644 311.678 846.301 290.214 494.243 392.866 92.401 310.934 138.168 95.9432 261.499 173.509 73.5811 42.2249 28.908 18.5295 178.421 100.946 67.0352 154.98 37.6954 21.7079 69.0889 12.1403 56.9486 19.2724 74.611 13.7668
internal_count=46994 10842 4287 6555 36152 9984 3215 2779 1072 2212 1913 1352 1620 4642 1892 561 327 426 1215 531 1025 4216 534 269 1779 247 1532 509 396 317
is_linear=0
shrinkage=0.06


Tree=16
num_leaves=31
num_cat=0
split_feature=16 16 46 14 38 16 46 13 31 25 44 15 38 2 2 26 1 35 23 0 25 2 6 35 25 5 15 9 7 35
split_gain=668.611 83.1498 47.0861 44.4747 26.8827 25.3328 29.6645 17.9606 15.2857 14.6516 17.6661 13.9295 14.2745 13.0066 12.3906 15.1969 22.478 19.2189 25.9649 11.7942 11.7643 19.6156 13.5899 16.6221 17.8921 12.9932 11.7556 11.3075 10.8179 13.1689
threshold=95.750000000000014 94.916666666666671 200.36839275268508 16.510416666666671 33.52291666666666 93.916666666666671 232.73504074309028 20.991666666666671 1.0000000180025095e-35 1948.5000000000002 162.83337869422334 17.104861111111116 18.570833333333336 20.950000000000003 23.800000000000001 0.77833129653138466 1.0000000180025095e-35 158.69097222222226 -0.024999999999997646 22.500000000000004 2378.5000000000005 27.950000000000003 4.5000000000000009 118.76736111111111 3722.5000000000005 73.500000000000014 17.777083333333337 2.3500000000000001 0.51000000000000012 155.95555555555558
decision_type=2 2 2 2 2 2 2 2 2 2 2 2 2 2 2 2 2 2 2 2 2 2 2 2 2 2 2 2 2 2
left_child=1 5 8 -2 14 -1 7 9 -3 27 -11 -4 -13 -12 15 16 17 -5 -19 -6 21 25 -22 24 -24 -10 -21 -7 29 -15
right_child=3 2 11 4 19 6 -8 -9 20 10 13 12 -14 28 -16 -17 -18 18 -20 26 22 -23 23 -25 -26 -27 -28 -29 -30 -31
leaf_value=0.091994556150372109 -0.047963586792562983 0.051188437664587735 0.0014865116255203758 -0.0069313490606722804 0.089316117478008092 0.034720201429826306 0.085929749668712224 0.069299329784882929 -0.029294960394634289 -0.021304220763569637 0.063910417728406707 0.02348975137983007 0.067304418972085306 0.016395098206897222 -0.038975068302628521 -0.02823198930503619 -0.039785846311725527 0.22717418275062065 0.040210446147115601 -0.005281350697432026 -0.017260924591730193 0.074532525080330952 0.16248379216160988 -0.016938412909092572 0.0023604068679049057 0.030729963837696453 0.071170411713092338 0.090627550426282372 0.0023679827509729807 0.079558870647541094
leaf_weight=63.555279158055782 527.55668696574867 21.629145339131355 21.732346029952168 8.5661792848259228 6.1064342483878127 27.456560187041759 69.40416381508112 66.660258419811726 25.984237665310502 25.35334125906229 36.453736949712038 39.013365099206567 85.286693226546049 29.363409020006657 185.5415207054466 76.782741682603955 13.376539586111901 4.3504498489201051 6.9396911058574915 69.322400659322739 139.54791933111846 17.256508385762572 5.5335630122572201 10.907219821587203 4.6010519415140152 25.94531862065196 8.0850250478833896 24.775401916354895 50.079876095056534 19.960201095789671
leaf_count=280 26051 227 251 263 133 165 307 289 410 314 219 394 487 190 6790 2920 431 135 186 1726 3108 202 99 163 125 351 113 144 390 99
internal_value=-0.00129927 0.0382989 0.0187069 -0.0366989 -0.0210218 0.0571498 0.0508135 0.0421124 0.00296702 0.0336216 0.0246737 0.0458042 0.0535526 0.0332539 -0.0295152 -0.0135612 0.0203349 0.0608362 0.112254 0.00903684 -0.00157214 0.0191117 -0.0104832 0.0344658 0.0897888 0.000695009 0.00270386 0.061239 0.0220115 0.0419561
internal_weight=1717.13 810.5 397.437 906.628 379.071 413.062 349.507 280.103 251.405 213.443 161.211 146.032 124.3 135.857 295.557 110.016 33.2329 19.8563 11.2901 83.5139 229.776 69.1861 160.59 21.0418 10.1346 51.9296 77.4074 52.232 99.4035 49.3236
internal_count=46962 8214 5817 38748 12697 2397 2117 1810 4685 1521 1212 1132 881 898 10725 3935 1015 584 321 1972 4458 963 3495 387 224 761 1839 309 679 289
is_linear=0
shrinkage=0.06


Tree=17
num_leaves=31
num_cat=0
split_feature=16 31 17 46 45 27 14 6 46 7 35 45 44 19 32 29 42 7 42 14 2 42 9 30 29 17 12 47 21 5
split_gain=556.736 61.5958 40.7395 38.7968 25.4397 28.5776 22.3982 18.3126 17.0543 16.411 14.4188 14.2487 14.2024 12.886 13.5431 12.5091 12.0393 15.7528 11.8415 12.7449 11.7145 11.2916 10.4276 10.2802 10.2608 9.90849 9.74708 14.9279 9.18866 11.3606
threshold=95.750000000000014 6.5000000000000009 96.562500000000014 153.07653185001308 155.53872965100976 9.5000000000000018 19.877083333333335 2.5000000000000004 193.93533488835169 0.48500000000000004 152.22500000000002 71.696841702978659 199.90560344829694 93.500000000000014 130.95000000000002 7.5000000000000009 76.354166666666671 0.48500000000000004 76.062500000000014 18.306250000000002 24.650000000000002 77.562500000000014 2.1500000000000008 2.5000000000000004 11.500000000000002 95.479166666666671 79.187500000000014 112.41121069528542 1.165855838078983 80.500000000000014
decision_type=2 2 2 2 2 2 2 2 2 2 2 2 2 2 2 2 2 2 2 2 2 2 2 2 2 2 2 2 2 2
left_child=1 4 8 15 5 13 12 10 28 22 25 24 -7 -1 -15 -3 17 -16 -9 -20 -12 -14 -10 -22 -8 -5 -11 -28 -2 -30
right_child=2 3 -4 7 -6 6 11 18 9 26 20 -13 21 14 16 -17 -18 -19 19 -21 23 -23 -24 -25 -26 -27 27 -29 29 -31
leaf_value=0.055855415098002313 -0.035201591142807839 -0.015526124572114395 -0.04572628774935289 0.068430087514663993 0.077500877333556581 -0.010387690768061893 0.0069461090458689508 0.095990527165941017 0.10806038584241943 -0.01842131321103678 -0.029956694438093349 0.074798939407637682 0.060374111362592825 -0.021325391684818229 0.11509218371427953 0.0529148613831774 0.0039321377097844444 0.014736216764844627 -0.0027747957027033617 0.068866551259561273 -0.0088062058162488178 0.017644434131080952 0.013348515848123339 0.076829734082708323 0.057002876251823029 0.010945315511309509 -0.019441155988287429 0.11861154831377668 -0.031384389758609472 0.012018838020401735
leaf_weight=23.959698807448149 173.08572194352746 131.97700488008559 528.43393954262137 23.386601142585278 79.985177045688033 25.139052122831345 21.977538492530584 20.742378612980247 7.6647082436829832 62.999324763193727 29.05154524743557 126.21038348972797 48.225096073001623 38.021368810907006 10.028013261035087 10.369140204042194 39.086157690733671 12.841483248397706 15.211400581523774 21.681038253009319 11.329593226313593 41.356316536664963 9.2174425162374956 9.0998413041233999 44.779177188873291 20.048177909106016 6.3546692170202714 5.0690155234187841 46.987047716975212 40.356329847127199
leaf_count=145 7396 3143 26448 160 369 371 160 176 124 1602 347 554 309 496 96 86 312 154 182 131 157 289 157 87 215 266 146 80 1602 1340
internal_value=-0.0022187 0.0338588 -0.0351948 0.0119169 0.0464205 0.040661 0.0504594 0.0331505 -0.0193727 0.00294027 0.0166695 0.0629413 0.029464 0.0163352 0.0068641 -0.0105406 0.0241636 0.0587412 0.0597202 0.0393276 -0.00547525 0.0406475 0.0563489 0.0293384 0.0405233 0.0418969 -0.00917497 0.0418168 -0.0271956 -0.0113303
internal_weight=1684.67 804.506 880.168 292.897 511.609 431.624 307.688 150.551 351.734 91.3052 92.9158 192.967 114.72 123.937 99.977 142.346 61.9557 22.8695 57.6348 36.8924 49.481 89.5814 16.8822 20.4294 66.7567 43.4348 74.423 11.4237 260.429 87.3434
internal_count=47100 8205 38895 4735 3470 3101 1898 1506 12447 2109 1017 929 969 1203 1058 3229 562 250 489 313 591 598 281 244 375 426 1828 226 10338 2942
is_linear=0
shrinkage=0.06


Tree=18
num_leaves=31
num_cat=0
split_feature=14 43 17 30 43 29 41 43 47 6 18 9 41 3 10 22 16 30 41 0 42 43 0 20 22 42 42 1 18 0
split_gain=482.196 58.4862 52.7995 35.9496 36.9036 35.3543 25.4972 24.7611 23.6255 28.6044 21.6893 18.5927 17.7452 15.6539 17.9114 19.3686 13.1197 12.9661 12.6538 13.224 12.3696 19.9189 23.582 17.945 11.8755 12.9587 17.979 16.5089 11.7425 11.4076
threshold=17.902083333333341 137.38782467188764 96.562500000000014 34.500000000000007 259.57603711884025 5.5000000000000009 5.3000000000000016 259.57603711884025 72.075668628595551 2.5000000000000004 96.145833333333329 0.45000000000000007 8.1000000000000014 1.0000000180025095e-35 79.750000000000014 -0.79311261429814539 94.083333333333357 28.500000000000004 11.950000000000001 36.500000000000007 76.479166666666671 102.1935049455853 29.500000000000004 0.66716470259130045 -0.68717939615898149 75.291666666666671 81.104166666666671 1.0000000180025095e-35 95.631944444444457 42.500000000000007
decision_type=2 2 2 2 2 2 2 2 2 2 2 2 2 2 2 2 2 2 2 2 2 2 2 2 2 2 2 2 2 2
left_child=2 5 7 4 6 11 17 24 -8 10 13 -2 -9 14 -10 -16 -7 -3 19 -11 21 -13 -23 -24 25 -1 27 -27 -6 -25
right_child=1 3 -4 -5 28 16 8 12 9 18 -12 20 -14 -15 15 -17 -18 -19 -20 -21 -22 22 23 29 -26 26 -28 -29 -30 -31
leaf_value=-0.020941584806521241 0.086416253246293331 -0.007198268810690224 -0.044719150876821656 0.096533913490238155 0.097900319224961674 0.065755472674666249 -0.02494203639071587 -0.020218591835835756 -0.0054625381418975001 0.089138682922237422 -0.036299582609360954 -0.034210666567735859 0.05545236230530165 0.069988490064529091 0.023880393151347316 0.098864091102373181 0.021927478287565465 0.057747911929360428 0.1095353325912819 0.040185823894239317 -0.037223899886936029 0.12380223306864946 0.10882940152990962 0.031379999883018199 -0.025400446670379887 0.16403739162423225 -0.030454482906538887 0.0268777968752077 0.054264613445342953 -0.047078139485525902
leaf_weight=25.687341462820768 6.686726499348878 72.140694683417678 504.84313728474081 44.311369314789772 41.473718762397766 31.296413704752922 18.711195996031165 18.354901444166899 42.774098962545395 31.544287301599979 16.619143081828952 33.217937564477324 28.44717008434236 36.498108426108956 43.651094831526279 17.322654709219933 114.71065379865468 13.071497060358523 21.801645681262016 53.659272458404303 56.658434538170695 7.5964753646403542 5.1668082680553189 11.753687376156451 285.78438177518547 5.5673044379800576 7.5426741130650035 7.3033773936331272 47.776316814124584 15.429231859743593
leaf_count=815 117 871 26332 196 185 142 217 268 402 216 306 901 326 232 258 124 862 60 141 310 1287 145 96 251 10818 177 249 213 244 290
internal_value=-0.00162416 0.0326314 -0.0320158 0.0449342 0.0399315 0.0107988 0.0315329 -0.0150805 0.040208 0.0448278 0.0285119 -0.0111524 0.0257756 0.036192 0.0243026 0.0451833 0.0313219 0.00276443 0.0687463 0.0583093 -0.0161778 0.000120341 0.0286689 0.00632932 -0.020842 0.00741644 0.043101 0.0862071 0.0745417 -0.0131534
internal_weight=1667.4 783.871 883.53 501.355 457.044 282.516 367.794 378.687 282.582 263.87 156.865 136.509 46.8021 140.246 103.748 60.9737 146.007 85.2122 107.005 85.2036 129.823 73.1641 39.9462 32.3497 331.885 46.1007 20.4134 12.8707 89.25 27.1829
internal_count=47051 7853 39198 3762 3566 4091 3137 12866 2206 1989 1322 3087 594 1016 784 382 1004 931 667 526 2970 1683 782 637 12272 1454 639 390 429 541
is_linear=0
shrinkage=0.06


Tree=19
num_leaves=31
num_cat=0
split_feature=16 13 45 14 46 14 6 12 45 14 21 24 45 45 21 30 6 7 45 27 40 4 12 15 31 46 30 7 44 12
split_gain=474.891 80.7549 29.8088 25.3362 26.6338 24.8812 21.2615 20.7856 19.5586 21.2417 16.5898 16.5442 15.0986 14.8727 16.3544 12.6646 11.9265 11.5242 12.7544 11.2147 10.836 11.6357 10.5872 9.78496 9.43647 9.38033 8.81056 8.76483 27.4941 9.75649
threshold=95.916666666666671 18.75833333333334 155.53872965100976 20.556250000000002 120.27809818209109 16.152083333333341 2.5000000000000004 84.756944444444457 142.00837211720463 17.281250000000004 0.87811739521908916 1286.5000000000002 59.754648210198518 117.87469349637418 1.4913116077535078 3.5000000000000004 4.5000000000000009 0.66500000000000015 67.87140413079176 15.500000000000002 20.350000000000005 1.0000000180025095e-35 76.298611111111128 17.656250000000004 4.5000000000000009 89.623322697943806 2.5000000000000004 0.48500000000000004 360.28330800979171 78.368055555555571
decision_type=2 2 2 2 2 2 2 2 2 2 2 2 2 2 2 2 2 2 2 2 2 2 2 2 2 2 2 2 2 2
left_child=1 8 3 4 -3 -2 7 13 16 -10 -11 20 -7 15 -15 -6 19 18 -18 -1 21 -8 -17 -4 -16 -5 -12 28 29 -14
right_child=5 2 23 25 6 12 11 -9 9 10 26 -13 27 14 24 22 17 -19 -20 -21 -22 -23 -24 -25 -26 -27 -28 -29 -30 -31
leaf_value=-0.012732012080743163 -0.04760123243574535 -0.0031608336538517749 0.036346693298087492 0.024526509874541042 -0.050805159260358945 -0.047077008492879657 0.013684585192011819 0.088953852156720636 -0.046514267978007083 0.085584752041640122 -0.0074114016185012638 0.0049964979392020051 -0.028311363056054556 0.086606770518914994 0.037201669056273298 0.050779594651680873 0.0029007079755404724 -0.023225397782526386 0.10890734416524928 0.063617007688622634 0.099237911759450695 0.06979840622600729 -0.0075529655426949047 0.082623249948002436 -0.016137668997328856 0.064201509669467249 0.050466753635797883 -0.023869055649180806 0.091913815356626002 0.078066363475714273
leaf_weight=199.29448697343469 369.05356074683368 82.357874799519777 21.226010877639055 26.384447030723095 16.523884182795882 92.233712023124099 18.738340731710196 14.889404781162737 10.882530458271502 22.339409658685327 19.69895052164793 18.874152945354581 35.559871708974242 16.417712397873402 32.933968164026737 15.679981447756289 7.2364872340112987 8.4722309429198486 9.3852505777031165 7.1754020135849705 26.250266168266535 45.864642389118671 39.213795052841306 73.08902208134532 18.731551103293896 114.77672096714377 18.231449576094747 248.59009256027639 10.133755594491957 3.4006284531205884
leaf_count=4866 20980 1221 105 137 217 4285 110 86 194 158 204 159 1458 115 167 139 172 176 129 106 149 236 284 337 157 514 138 10000 213 108
internal_value=-0.00161526 0.028257 0.0413313 0.0353593 0.0266297 -0.0364348 0.035919 0.0215675 0.00312242 0.0306357 0.0445662 0.0561121 -0.0258658 0.0143751 0.0344402 -0.00475311 -0.00533157 0.0337269 0.062756 -0.0100787 0.066731 0.0535224 0.00910928 0.0722085 0.0178633 0.0567859 0.020408 -0.0192938 0.00387333 -0.0190263
internal_weight=1643.64 884.668 581.952 487.637 346.476 758.972 264.118 154.39 302.716 71.1523 60.2698 109.727 389.918 139.501 68.0832 71.4177 231.564 25.094 16.6217 206.47 90.8532 64.603 54.8938 94.315 51.6655 141.161 37.9304 297.684 49.0943 38.9605
internal_count=47320 10276 4133 3691 3040 37044 1819 1165 6143 694 500 654 16064 1079 439 640 5449 477 301 4972 495 346 423 442 324 651 342 11779 1779 1566
is_linear=0
shrinkage=0.06


Tree=20
num_leaves=31
num_cat=0
split_feature=16 13 14 44 42 46 14 44 7 30 25 42 30 42 7 3 31 23 47 36 25 22 29 1 7 9 46 12 20 22
split_gain=413.791 64.8266 54.8167 38.6001 16.8946 16.8118 16.5382 16.0991 16.2311 15.7069 14.7375 13.4681 17.5053 12.8769 12.5452 16.2662 15.7487 24.98 14.9388 12.1639 15.595 11.4651 11.0433 10.5307 9.73774 9.38047 8.91568 8.78121 8.64675 8.54147
threshold=95.750000000000014 19.941666666666674 16.510416666666671 337.80781742866367 77.562500000000014 240.12936516810899 18.477083333333336 398.38382299720132 0.59500000000000008 1.5000000000000002 2661.5000000000005 78.375000000000014 33.500000000000007 68.854166666666671 0.27500000000000008 1.0000000180025095e-35 29.500000000000004 0.21249999999999944 73.141120941214368 313.60000000000008 1948.5000000000002 -0.73672735516063159 6.5000000000000009 1.0000000180025095e-35 0.51000000000000012 1.3500000000000003 146.3994288704618 82.909722222222243 0.7996493160050876 0.013706491010594802
decision_type=2 2 2 2 2 2 2 2 2 2 2 2 2 2 2 2 2 2 2 2 2 2 2 2 2 2 2 2 2 2
left_child=1 3 -2 11 -5 10 -6 22 9 -9 23 13 27 24 -15 19 18 -18 -17 20 -16 -8 -4 -3 26 -12 -1 -13 29 -22
right_child=2 5 7 4 6 -7 21 8 -10 -11 25 12 -14 14 15 16 17 -19 -20 -21 28 -23 -24 -25 -26 -27 -28 -29 -30 -31
leaf_value=-0.013635984039043886 -0.045562542054127415 0.034579198662882546 -0.020012189682257084 0.060448024012463034 -0.010777259440658186 0.084395937532827897 0.022571574787885209 0.11559063898021345 -0.010339894685564999 0.0050067188048896144 -0.018040574207688658 -0.033793729555650201 0.040720215228780429 0.095130226621813238 0.055114591837170768 -0.029935926267659039 0.033150249601167289 0.20599741899480639 0.052254561822256254 0.0726450370835445 0.064105436386410475 0.07808115482219144 0.096057196668363612 0.062695862861034179 -0.032277723129992775 0.033149902728855971 0.054503010419362848 0.017187977672354929 -0.021493613426355734 -0.030751709471144091
leaf_weight=16.459126077592376 448.96997443027794 75.143505454063416 303.89616400562227 73.26595844887197 34.861614475026727 44.061501830816269 39.992091875523329 9.6489723995327967 26.97558425180614 8.8786658458411676 17.039153907448053 72.628679901361465 17.358248000964522 7.766764234751462 14.469612341374157 11.768794653937219 7.3601642306894046 5.0927762407809496 24.606568098068237 8.4714256450533849 9.3055388201028091 20.141254980117083 2.9799252953380337 132.53590503707528 35.116593988612294 52.882681090384722 11.919128181412814 14.609150338917969 67.631259731948376 5.4008021727204314
leaf_count=393 26299 380 11862 437 388 201 233 147 531 120 118 1198 159 118 133 240 167 105 283 69 222 109 64 649 668 319 99 182 1257 140
internal_value=-0.000999121 0.0289685 -0.03166 0.0154123 0.0387993 0.0499658 0.0221025 -0.0139467 0.0193582 0.0625975 0.0445009 0.00348641 -0.014307 0.0117446 0.0207269 0.0169771 0.0456003 0.103838 0.0256629 0.00370166 -0.00233145 0.0411641 -0.0188851 0.0525226 -0.0111551 0.0206754 0.014983 -0.0252562 -0.0124267 0.0292698
internal_weight=1621.24 819.888 801.349 498.226 168.261 321.663 94.995 352.379 45.5032 18.5276 277.601 329.965 104.596 225.369 161.874 154.107 48.8283 12.4529 36.3754 105.279 96.8072 60.1333 306.876 207.679 63.4948 69.9218 28.3783 87.2378 82.3376 14.7063
internal_count=47290 8267 39023 6600 1167 1667 730 12724 798 267 1466 5433 1539 3894 2734 2616 795 272 523 1821 1752 342 11926 1029 1160 437 492 1380 1619 362
is_linear=0
shrinkage=0.06


Tree=21
num_leaves=31
num_cat=0
split_feature=17 13 45 14 38 30 43 31 2 6 9 42 25 46 20 13 40 9 35 36 9 14 7 9 2 0 12 33 31 36
split_gain=393.771 50.0574 47.1621 46.03 27.326 24.2119 27.2476 17.0712 16.9914 20.4104 22.9828 19.3123 16.0964 15.9625 16.8713 15.8259 15.3242 14.1355 43.9987 13.9108 13.6433 13.4432 12.4368 12.136 11.9311 12.7367 15.593 10.3823 10.0208 16.0688
threshold=95.812500000000014 20.991666666666671 71.696841702978659 17.114583333333339 20.554166666666671 33.500000000000007 259.57603711884025 5.5000000000000009 17.150000000000002 2.5000000000000004 1.7500000000000002 71.895833333333357 5172.5000000000009 200.36839275268508 1.645083216076934 18.583333333333336 16.350000000000005 0.8500000000000002 164.3104166666667 187.55000000000004 3.7500000000000004 16.106250000000006 0.55500000000000016 0.65000000000000002 24.650000000000002 43.500000000000007 71.520833333333343 138.17500000000004 46.500000000000007 139.80000000000004
decision_type=2 2 2 2 2 2 2 2 2 2 2 2 2 2 2 2 2 2 2 2 2 2 2 2 2 2 2 2 2 2
left_child=1 2 7 21 17 6 8 16 -4 13 23 -12 19 -10 -15 -16 -1 18 -5 -6 27 -2 -8 -11 -21 26 -26 -13 -9 -30
right_child=3 -3 5 4 12 -7 22 28 9 10 11 20 -14 14 15 -17 -18 -19 -20 24 -22 -23 -24 -25 25 -27 -28 -29 29 -31
leaf_value=0.033981242866558091 -0.048074670222694106 0.063435130484384275 0.076748088212276439 -0.04883151501939674 0.11947145293984704 0.07733539139207625 0.085161200872450077 -0.037053086468726362 -0.0059490909191854168 0.040183154712129646 0.10212454340744159 0.020301241215597766 -0.054900162638093615 0.087694767914605329 -0.032047548062407893 0.032201365297553609 -0.017719960421636864 -0.032353299709835456 0.17190473124925737 -0.0091399033591931522 -0.013741301096347193 -0.029726769392414674 0.037578282038262516 -0.010855053177967682 0.085521377962243531 0.10401722525658885 -0.005706781692821016 0.07094224125895969 0.12284616811646797 -0.025346763457549687
leaf_weight=47.968188567087054 329.50567256845534 121.95492691919208 18.579671220853925 8.9140566159039718 5.6748038772493592 36.725018780678511 35.857124581933022 63.53911797888577 142.71564346551895 26.649846689775586 22.081790704280138 24.177943555638194 9.215236818417905 13.778691070154307 18.799570707604289 51.918518476188183 36.224340422078967 107.83445008099079 5.1169058606028548 27.060786236077547 14.607945669442413 255.01991929300129 44.089476363733411 45.250598382204771 9.9776176046580094 9.2861874680966121 20.817593542858958 36.693070596083999 3.8969401791691771 8.1284009944647533
leaf_count=484 20450 558 176 337 142 171 166 1751 1857 220 182 211 217 118 230 306 452 3907 163 507 122 12508 224 537 169 143 352 255 137 252
internal_value=-0.0012891 0.0279927 0.0217436 -0.0315073 -0.00696094 0.0303298 0.0268438 -0.00684477 0.0206683 0.0180416 0.0338011 0.0527701 0.0198111 0.00628776 0.0269559 0.0151215 0.0117365 -0.0249822 0.0316681 0.0292661 0.0383312 -0.0400698 0.0589199 0.00806222 0.021642 0.0424242 0.0238511 0.0508277 -0.0275477 0.0226767
internal_weight=1602.06 813.637 691.682 788.423 203.898 531.925 495.2 159.757 415.253 396.674 169.461 97.5608 82.0322 227.212 84.4968 70.7181 84.1925 121.865 14.031 72.817 75.479 584.526 79.9466 71.9004 67.1422 40.0814 30.7952 60.871 75.5645 12.0253
internal_count=47304 8409 7851 38895 5937 4775 4604 3076 4214 4038 1527 770 1530 2511 654 536 936 4407 500 1313 588 32958 390 757 1171 664 521 466 2140 389
is_linear=0
shrinkage=0.06


Tree=22
num_leaves=31
num_cat=0
split_feature=17 16 43 14 45 14 31 44 41 26 0 20 45 35 15 12 4 12 15 9 6 31 11 2 38 6 26 3 15 9
split_gain=323.183 58.6137 35.1309 25.1216 20.1621 20.8086 17.7927 13.1001 15.2533 20.8723 15.8274 34.4597 12.599 19.0822 11.8553 11.3977 20.3257 11.1603 15.8896 18.279 38.6121 12.0862 11.0723 10.2547 9.97252 9.78308 9.75023 10.1617 9.01729 8.60914
threshold=96.020833333333357 94.916666666666671 259.57603711884025 16.106250000000006 155.53872965100976 19.452083333333338 1.5000000000000002 151.32076246775904 6.0500000000000007 0.68268589550378933 53.500000000000007 1.8322201263484177 86.755881497411039 118.76736111111111 16.689583333333339 79.187500000000014 1.0000000180025095e-35 72.048611111111128 17.777083333333337 2.7500000000000004 1.0000000180025095e-35 46.500000000000007 68.604166666666671 23.450000000000003 -48.874999999999993 2.5000000000000004 0.75211962008208466 1.0000000180025095e-35 15.782638888888892 2.5500000000000003
decision_type=2 2 2 2 2 2 2 2 2 2 2 2 2 2 2 2 2 2 2 2 2 2 2 2 2 2 2 2 2 2
left_child=1 4 6 -2 5 26 25 -5 15 -10 17 14 -8 23 -12 -9 -17 18 19 -11 -21 -22 -23 -14 -7 -3 27 -1 -19 -15
right_child=3 2 -4 7 -6 24 12 8 9 10 11 -13 13 29 -16 16 -18 28 -20 20 21 22 -24 -25 -26 -27 -28 -29 -30 -31
leaf_value=-0.022947035334704085 -0.045606641380772132 0.013969513453587584 0.047921296376484276 -0.043160706589026578 0.073258691046416177 0.01159002444859732 -0.015688290225959724 -0.043232760836853089 0.089971124313717912 -0.021845607379994674 -0.054052170143339802 0.17784088626644812 0.10063577173903464 0.0078914478294849245 0.074591328370458995 0.16777482198343199 -0.061631453961163686 0.080831123730268933 0.15468365992710961 0.19986156650626941 -0.04436767693686048 0.16665117475317343 -0.0061708658011209458 0.022386844850684848 0.047345510335799458 0.063338853391520136 0.032559567591484193 0.029501665995453997 -0.033977528059989485 -0.02196995089282942
leaf_weight=39.069019367918372 312.74988148827106 42.556359617039561 68.519722297787666 82.914685167372227 52.903005413711071 32.187583796679974 165.80334103479981 77.790580626577139 7.7469663489609948 54.495255630463362 7.7442460823804158 4.9509824756532899 10.618575699627401 127.33818038366735 3.8665321562439203 2.6085288152098647 2.9774017855525017 2.5353587958961716 2.3374375049024811 4.5082805473357466 8.9246270079165679 2.3661937545984975 3.0610622130334377 13.95074577257037 220.13703913614154 21.878682743757963 42.536143498495221 20.160847589373589 86.057547219097614 47.805501870810986
leaf_count=341 20357 455 388 4346 247 185 4684 3429 195 2449 377 182 126 1843 146 94 125 141 65 183 384 110 120 171 1093 203 372 156 3677 709
internal_value=-0.00153756 0.0218148 0.00802086 -0.0332087 0.0387092 0.0335473 0.00166207 -0.0222827 -0.0159177 -0.00646992 -0.0106012 0.0453034 -0.00346264 0.0066872 -0.0112123 -0.0372882 0.0454971 -0.0162369 0.000681544 -0.00422566 0.0466861 -0.00143015 0.0691767 0.0562051 0.0427844 0.0307327 0.0106442 -0.00509438 -0.0306919 -0.000259227
internal_weight=1573.1 905.465 498.471 667.636 406.994 354.091 429.951 354.886 271.971 188.594 180.848 16.5618 365.516 199.713 11.6108 83.3765 5.58593 164.286 75.6929 73.3554 18.8602 14.3519 5.42726 24.5693 252.325 64.435 101.766 59.2299 88.5929 175.144
internal_count=47353 10973 8579 36380 2394 2147 8191 16023 11677 8029 7834 705 7533 2849 523 3648 219 7129 3311 3246 797 614 230 297 1278 658 869 497 3818 2552
is_linear=0
shrinkage=0.06


Tree=23
num_leaves=31
num_cat=0
split_feature=16 19 45 14 47 14 42 25 37 11 6 0 21 44 38 0 42 0 38 39 15 25 18 2 2 47 44 25 9 1
split_gain=308.217 48.114 36.9448 34.6289 20.9167 19.9288 22.5599 19.5291 18.5035 14.0837 15.5891 16.3798 13.7618 15.1011 11.2218 11.181 10.1956 10.1542 17.4563 25.5341 15.724 26.9882 30.3639 14.9186 9.79445 29.174 10.2776 12.2902 10.3168 16.61
threshold=95.750000000000014 93.500000000000014 155.53872965100976 16.106250000000006 59.803501959187223 18.306250000000002 77.562500000000014 3582.5000000000005 11.500000000000002 85.187500000000014 2.5000000000000004 26.500000000000004 0.58042512051896289 270.91951679670655 -27.314583333333342 51.500000000000007 76.479166666666671 32.500000000000007 37.71875 244.18541666666667 17.547916666666669 3179.5000000000005 95.9513888888889 27.050000000000004 17.750000000000004 80.932347631232034 398.38382299720132 3041.5000000000005 1.9500000000000002 1.0000000180025095e-35
decision_type=2 2 2 2 2 2 2 2 2 2 2 2 2 2 2 2 2 2 2 2 2 2 2 2 2 2 2 2 2 2
left_child=1 14 7 -2 -5 6 -4 8 -3 10 -10 -12 13 -9 -1 -14 -13 18 20 -20 -6 22 -22 -21 25 -19 -26 -28 -29 -30
right_child=3 2 5 4 17 -7 -8 12 9 -11 11 16 15 -15 -16 -17 -18 24 19 23 21 -23 -24 -25 26 -27 27 28 29 -31
leaf_value=0.027781117194162014 -0.046315248565382758 -0.012904956332239485 0.050727125566638796 -0.050531486895428704 -0.029238496158970291 0.068402054544609139 -0.037010405624722166 -0.010133167141459542 0.0058471034459714908 0.058243111330124088 0.07726247320732342 0.041797410553628692 -0.035987874934111326 0.077441806048340292 0.061685609987798519 0.026391674516529011 0.0048970344957136565 0.14665891577289158 0.17218816555355704 -0.01653306101788965 0.012520009110247291 -0.031185929073556391 0.2077626272133489 0.08255798709899495 -0.028760557183321659 -0.041087259640292466 -0.055114285508534241 -0.0083463503760324229 0.14496533361214395 0.0019532989661973882
leaf_weight=50.081133805215359 300.13039481081069 71.705686133354902 26.832440979778767 67.224132970906794 61.65898855868727 65.247311409562826 17.386854169890285 20.247128345072273 192.66579131782055 32.356251858174801 24.161365572363138 51.848217483609915 67.836391614750028 10.906870260834692 117.8306044023484 12.205451443791388 56.146417777985334 4.8171877488493902 4.5017413916066316 16.294047431088988 6.9532884545624274 13.454427685588596 4.880111450329423 8.2335280897095782 202.81286620534956 7.8108385158702731 8.4459571009501797 12.85688767116517 5.5380008751526457 6.1932132625952363
leaf_count=268 20445 1204 159 3539 3089 306 150 582 1973 191 158 501 1322 140 629 212 448 187 134 496 179 483 150 216 9102 314 170 305 106 113
internal_value=-0.0023776 0.0229435 0.0155425 -0.0306623 -0.0197793 0.0473267 0.0162291 0.00910025 0.0149097 0.0204937 0.0167334 0.0326042 -0.013307 0.0205264 0.0515733 -0.0264757 0.0226129 -0.0141069 0.000552309 0.040838 -0.0128981 0.0269446 0.0930384 0.0167303 -0.0209492 0.0305319 -0.0237056 0.00732923 0.0287784 0.0694656
internal_weight=1549.26 817.458 649.546 731.806 431.675 109.467 44.2193 540.08 428.884 357.178 324.822 132.156 111.196 31.154 167.912 80.0418 107.995 364.451 115.976 29.0293 86.9468 25.2878 11.8334 24.5276 248.475 12.628 235.847 33.0341 24.5881 11.7312
internal_count=47271 8243 7346 39028 18583 615 309 6731 4475 3271 3080 1107 2256 722 897 1534 949 15044 4747 846 3901 812 329 712 10297 501 9796 694 524 219
is_linear=0
shrinkage=0.06


Tree=24
num_leaves=31
num_cat=0
split_feature=17 17 45 45 30 41 15 38 30 46 17 45 25 20 43 22 2 42 41 38 15 19 36 21 35 7 15 38 0 41
split_gain=293.622 39.0781 27.7607 25.8442 22.5154 25.9324 18.5179 21.9747 17.2037 16.1867 14.1209 14.1124 13.9035 13.8854 13.8283 12.6855 11.3478 19.5563 43.5287 11.2411 10.9629 10.0241 9.35125 14.8964 10.4592 10.9312 9.26915 8.24459 12.5556 12.0087
threshold=95.729166666666671 96.604166666666671 63.074315250577222 200.10239171276058 29.500000000000004 5.3000000000000016 17.450694444444448 1.1645833333333118 81.500000000000014 128.26754262339924 94.854166666666671 155.53872965100976 1948.5000000000002 3.4330231517012071 139.64756908186504 -0.68717939615898149 31.700000000000006 74.729166666666686 10.850000000000003 -32.297916666666673 18.546527777777779 93.500000000000014 222.35000000000002 0.43763576005204824 120.75138888888891 0.62500000000000011 19.366666666666671 37.71875 31.500000000000004 9.7000000000000011
decision_type=2 2 2 2 2 2 2 2 2 2 2 2 2 2 2 2 2 2 2 2 2 2 2 2 2 2 2 2 2 2
left_child=2 3 8 12 5 11 13 22 -1 10 -9 -4 14 -7 -2 -5 -3 -18 -19 -6 -11 -14 23 -8 -25 -26 -24 -23 29 -29
right_child=1 16 4 15 19 6 7 9 -10 20 -12 -13 21 -15 -16 -17 17 18 -20 -21 -22 27 26 24 25 -27 -28 28 -30 -31
leaf_value=-0.0099174415019875721 -0.035951573514518463 -0.043278650936662715 -0.013287815047044871 -0.014759447667955287 0.028082125557447424 0.019292734132029716 0.080194613625859779 0.054474985433458689 0.063136578242640934 0.042698003756377431 -0.024907282619665017 0.052304573406998754 0.09011765164434174 -0.044190769019191271 0.097770575837127185 0.06012317945249452 -0.040300695696012682 -0.025761410603118155 0.27235994002865793 0.069548041286446968 0.071162155278695544 -0.026729783990615458 0.018861420900140202 -0.05900544943670831 -0.012523016285339304 0.053016586460246269 0.06204276336529134 -0.017010858547283975 -0.020585480797285532 0.074528440794889184
leaf_weight=102.15625534392893 4.5612415317445976 359.23011799529195 78.921098161488771 12.33968999609351 35.371983023360372 40.392072562128305 7.7293521221727124 13.938486473634837 13.091984570026396 125.39425959996879 19.151130417361856 13.886307135224341 2.9035295210778704 17.899942647665739 7.1448711790144444 23.953300747089088 14.530101247131826 5.0882243337109676 2.6981052039191127 70.334970824420452 79.655276525765657 259.11778625659645 61.073346339166164 11.775159023702143 36.271803533658385 12.257355876266955 25.312992226332426 9.0386169506236929 46.594411476515234 12.020472862757741
leaf_count=1965 150 23957 859 88 193 563 136 86 61 759 302 84 30 203 117 241 978 312 169 361 428 11714 570 166 434 185 142 204 1393 299
internal_value=-0.00072549 -0.0271565 0.0255191 -0.0134745 0.0303354 0.025409 0.0313544 0.0360402 -0.00161864 0.0474715 0.00853126 -0.00347355 -0.0185921 -0.000201378 0.0456663 0.0346629 -0.0406996 0.000815666 0.0775431 0.0556726 0.0537554 -0.0208738 0.0184114 0.0017736 -0.00827781 0.00403079 0.0315145 -0.02186 -0.00320835 0.0352395
internal_weight=1523.83 759.22 764.614 377.674 649.366 543.659 450.851 392.559 115.248 238.139 33.0896 92.8074 341.381 58.292 11.7061 36.293 381.547 22.3164 7.78633 105.707 205.05 329.675 154.42 68.0337 60.3043 48.5292 86.3863 326.771 67.6535 21.0591
internal_count=47149 39652 7497 14236 5471 4917 3974 3208 2026 1575 388 943 13907 766 267 329 25416 1459 481 554 1187 13640 1633 921 785 619 712 13610 1896 503
is_linear=0
shrinkage=0.06


Tree=25
num_leaves=31
num_cat=0
split_feature=17 16 26 45 23 5 22 30 45 5 41 16 31 31 38 9 19 18 30 15 41 32 34 25 43 2 5 41 47 41
split_gain=225.342 40.7252 33.2164 24.7506 17.4889 17.3074 16.8795 18.1639 18.0815 17.2668 15.9884 14.7766 13.3975 11.5176 11.3175 11.2031 10.8576 11.6473 10.852 11.6978 13.8259 11.7925 10.8099 10.0485 11.4739 11.993 16.9831 18.5122 31.2351 11.6874
threshold=95.812500000000014 94.583333333333357 0.88109187050815296 82.300966566254985 -0.55833333333333079 90.500000000000014 -0.29362505916586906 34.500000000000007 200.10239171276058 56.500000000000007 12.600000000000001 93.916666666666671 1.5000000000000002 12.500000000000002 18.570833333333336 3.6500000000000008 94.500000000000014 95.534722222222243 20.500000000000004 18.177083333333339 5.3000000000000016 127.15000000000002 159.38124999999999 5835.5000000000009 97.68750646833935 18.050000000000001 73.500000000000014 11.050000000000002 77.144229744640285 5.9000000000000012
decision_type=2 2 2 2 2 2 2 2 2 2 2 2 2 2 2 2 2 2 2 2 2 2 2 2 2 2 2 2 2 2
left_child=1 11 4 12 -2 15 7 8 10 -8 13 -1 -3 18 -13 -6 -11 -18 19 -5 -21 -22 -12 24 29 26 27 -26 -29 -4
right_child=2 3 23 6 5 -7 9 -9 -10 16 22 14 -14 -15 -16 -17 17 -19 -20 20 21 -23 -24 -25 25 -27 -28 28 -30 -31
leaf_value=0.067399761467042074 -0.049194335931448209 0.024227285016165782 0.063867592202401957 -0.0053385494493670693 0.0087679935832761756 -0.043275435057101373 -0.007197311503034055 0.088988297524987506 0.056219915590535893 0.039806418545460964 0.1002513425918885 0.022224430809518431 -0.015574201751689071 -0.01553617294068808 0.054048303537598354 -0.039297969945983093 0.057689548527884028 0.15113172581524553 -0.022713523646665578 -0.0027563371775947382 0.0012108832958537398 0.058886670667841125 0.013496128708366129 -0.049369838107494637 -0.016873360475408865 -0.026307345942294658 -0.039137439901680005 0.29923242217660712 0.010893990650241363 -0.049802730677976775
leaf_weight=55.239305771887302 34.695612109266222 38.462071375921369 3.3632253743708125 51.842674780637026 167.07850846555084 33.193749162368476 13.396103605628012 11.367830783128737 29.832861363887787 19.001086048781872 10.591407189145686 129.63001926988363 146.0771893421188 81.984417211264372 58.332921221852303 19.493606706149876 9.7374616861343402 9.4749194793403131 28.100691970437765 32.23871131055057 16.879804292693734 52.315325815230608 10.102166304364799 150.78792466968298 4.0445367312058824 173.3369257953018 7.8548483075574032 2.6634288653731346 2.7479249453172088 102.44848301168531
leaf_count=276 1617 370 216 460 5837 1378 139 52 142 120 115 717 3430 1170 289 701 92 121 142 272 129 296 88 10661 215 10310 465 158 111 7024
internal_value=-0.00206279 0.0196093 -0.0269129 0.0107247 -0.00960624 -0.00335625 0.0195404 0.0144823 0.011784 0.051418 0.00711708 0.0401183 -0.00727869 0.00312688 0.0321007 0.00374592 0.0719661 0.103772 0.0115628 0.0178468 0.0296967 0.044817 0.0578993 -0.0367595 -0.0303454 -0.0215517 0.026068 0.0802331 0.152812 -0.0461897
internal_weight=1506.32 804.607 701.709 561.405 254.461 219.766 376.865 325.256 313.888 51.6096 284.055 243.202 184.539 263.362 187.963 186.572 38.2135 19.2124 181.377 153.277 101.434 69.1951 20.6936 447.247 296.459 190.648 17.3107 9.45589 5.41135 105.812
internal_count=47113 8420 38693 7138 9533 7916 3338 2866 2814 472 2672 1282 3800 2469 1006 6538 333 213 1299 1157 697 425 203 29160 18499 11259 949 484 269 7240
is_linear=0
shrinkage=0.06


Tree=26
num_leaves=31
num_cat=0
split_feature=14 13 32 14 7 45 19 15 45 46 25 21 32 32 2 31 5 2 25 32 36 37 41 37 14 11 11 23 9 37
split_gain=217.381 42.5809 32.0405 22.1518 18.577 14.6847 14.5363 13.9682 16.2175 13.9244 12.3889 12.1848 12.753 11.4013 11.1635 12.486 12.741 10.7945 10.1026 10.5667 15.1681 9.94032 9.44324 13.9004 15.9793 27.7294 52.6517 15.1768 9.04206 11.3823
threshold=17.464583333333341 19.941666666666674 141.70000000000002 16.106250000000006 0.57500000000000007 155.53872965100976 93.500000000000014 17.363194444444449 94.909392100318072 361.90702615894276 2485.5000000000005 0.98478804598926584 230.25000000000003 69.950000000000003 23.800000000000001 46.500000000000007 67.500000000000014 32.600000000000009 3248.5000000000005 127.15000000000002 245.75000000000003 18.500000000000004 9.1000000000000014 13.500000000000002 15.508333333333336 67.979166666666671 71.104166666666671 0.054166666666666204 1.2500000000000002 14.500000000000002
decision_type=2 2 2 2 2 2 2 2 2 2 2 2 2 2 2 2 2 2 2 2 2 2 2 2 2 2 2 2 2 2
left_child=3 2 13 22 7 6 -3 -4 -9 17 -10 -12 -13 -2 15 -15 -17 -6 19 -8 -21 -18 23 24 25 -1 -27 -26 -5 -30
right_child=1 5 4 28 9 -7 18 8 10 -11 11 12 -14 14 -16 16 21 -19 -20 20 -22 -23 -24 -25 27 26 -28 -29 29 -31
leaf_value=-0.060804200589855688 -0.052227516488913404 0.047962784303227667 -0.015697835777434638 -0.035810110762229772 -0.0068131087612563895 0.06864792408844235 0.0090668923993267782 0.0051220116256554173 0.076712444191370327 0.063627446417347813 0.068332042636888135 -0.0060806335262645695 0.064492478758089333 0.00064950769587670079 -0.017089446284949874 0.13400450136700484 -0.030596844731109709 0.050055682442511115 -0.015661120205638569 0.073623167272222359 0.019436078414830586 0.10042137875905345 -0.048161809627792318 -0.050608669674612819 -0.053480015965923763 0.49721174230980075 0.023516728426373017 0.13878026234183741 -0.028740798776370424 -0.0019806762647310064
leaf_weight=2.1895252829417577 20.773988012224436 94.040350485593081 18.982908798381686 98.502987427636981 129.19477413594723 37.823170930147171 78.220926024019718 37.819327902048826 41.130547687411308 12.877141447737811 25.026641020551324 29.846872327849269 13.337059440091251 86.421582818031311 135.91454863362014 5.3869727887213221 5.7014586459845287 13.248083615675567 26.056199334561825 30.158820942044258 48.510016139596701 3.2862722426652908 232.30213547311723 17.614133314229548 8.1878776466473919 1.3978251628577711 2.1348610632121563 1.8037100508809079 104.57410664670169 126.36759748589247
leaf_count=168 675 461 307 4664 1746 199 508 519 246 68 186 325 86 1652 2877 114 199 119 196 143 235 78 17804 1332 626 108 165 138 5777 5536
internal_value=-0.00288754 0.0158199 0.00616269 -0.0309847 0.0187952 0.03358 0.0287914 0.0327411 0.0389895 0.00387757 0.0507037 0.0350206 0.0157154 -0.00960873 -0.00586846 0.009262 0.0610408 -0.00152395 0.0189367 0.0246826 0.0402095 0.0173086 -0.0438768 -0.0140095 0.0270157 0.106967 0.21095 -0.0187726 -0.0205899 -0.0140981
internal_weight=1488.83 893.758 578.948 595.075 321.463 314.809 276.986 166.143 147.16 155.32 109.341 68.2106 43.1839 257.485 236.711 100.796 14.3747 142.443 182.946 156.89 78.6688 8.98773 265.63 33.3279 15.7138 5.72221 3.53269 9.99159 329.445 230.942
internal_count=47257 10939 9197 36318 3602 1742 1543 1669 1362 1933 843 597 411 5595 4920 2043 391 1865 1082 886 378 277 20341 2537 1205 441 273 764 15977 11313
is_linear=0
shrinkage=0.06


Tree=27
num_leaves=31
num_cat=0
split_feature=14 16 45 17 16 46 9 39 32 40 22 19 25 22 46 10 0 44 27 40 22 40 16 46 25 5 9 5 45 22
split_gain=215.713 43.228 31.5598 16.8595 16.3653 16.5673 12.3831 12.9697 14.3171 22.4083 11.8694 10.7166 10.6076 9.75341 15.1133 23.3488 11.4816 23.6368 17.3865 10.3351 10.4108 9.40365 9.13249 9.12426 12.1459 8.74934 25.0613 15.9905 12.0665 13.567
threshold=17.368750000000002 94.916666666666671 142.00837211720463 96.562500000000014 93.916666666666671 232.73504074309028 3.2500000000000004 368.15833333333336 88.450000000000017 23.650000000000002 -1.0018834692914422 94.500000000000014 3386.5000000000005 -0.42181053315456285 71.75460258066947 76.083333333333357 51.500000000000007 237.19816796529514 5.5000000000000009 13.550000000000002 -0.68717939615898149 7.0500000000000007 96.083333333333357 91.381132666610796 1948.5000000000002 80.500000000000014 0.8500000000000002 83.500000000000014 101.15065457217084 -1.0018834692914422
decision_type=2 2 2 2 2 2 2 2 2 2 2 2 2 2 2 2 2 2 2 2 2 2 2 2 2 2 2 2 2 2
left_child=3 4 6 13 -2 12 7 8 -3 21 -4 -5 23 14 15 -1 19 18 -18 20 -16 -10 -12 24 -6 28 -27 -28 -23 -30
right_child=1 2 10 11 5 -7 -8 -9 9 -11 22 -13 -14 -15 16 -17 17 -19 -20 -21 -22 25 -24 -25 -26 26 27 -29 29 -31
leaf_value=-0.03434267185901841 0.063703109110016795 -0.01902857171740014 -0.0035120722663369371 0.1107092835562591 0.04096519448436297 0.057413957024365463 -0.02855178103494271 -0.043851048987638024 -0.025963879029803762 0.10645639161601132 0.045048369637875084 -0.039092097644055003 -0.0085818812195189026 -0.0259310360840476 0.10133802062326731 0.23485529224505852 0.26389927517842982 -0.030210474699767231 0.035847040518919827 -0.0356528540424247 -0.006568017110995597 -0.0090540085774566872 -0.0087122085693791332 0.030370417290850372 -0.033648940112272881 0.17314502316572172 0.046092526011472297 -0.029017421251497741 -0.029214135385304232 0.042071224697807129
leaf_weight=2.2195912133902302 50.948028922080994 71.053916754201055 30.316151712089777 1.7276264633983363 13.132960122078655 54.916715018451214 59.506737222895026 21.415920959785581 25.776108460500836 8.6647344306111318 98.442212801426649 352.44472674932331 36.920651748776436 136.62390427757055 4.3552681524306562 2.4295234996825457 2.3973852768540365 5.8322998899966478 2.4166927393525839 35.521276710554957 12.335549471899865 86.448384873569012 12.861510431393979 215.40475937537849 19.539133543148637 4.2721324115991584 30.834632033482194 15.250906718894838 12.277049575001 44.266595598310232
leaf_count=110 263 1959 181 61 90 280 1271 366 599 114 739 26146 323 6858 146 119 113 163 90 1495 455 1986 234 1181 190 121 595 489 114 578
internal_value=-0.00107125 0.0169062 0.00559757 -0.0304457 0.0319912 0.027238 -0.00341692 0.00125332 0.00448561 0.0118203 0.0297708 -0.0383614 0.0214234 -0.016712 0.00194588 0.106334 -0.00577484 0.0510129 0.149416 -0.0173542 0.0215888 0.00807818 0.0388362 0.025889 -0.00365685 0.0126164 0.0341239 0.0212367 0.00504211 0.0265934
internal_weight=1470.55 912.249 521.387 558.304 390.862 339.914 379.767 320.26 298.844 227.791 141.62 354.172 284.998 204.131 67.5076 4.64911 62.8585 10.6464 4.81408 52.2121 16.6908 219.126 111.304 248.077 32.6721 193.35 50.3577 46.0855 142.992 56.5436
internal_count=47429 11673 9346 35756 2327 2064 8192 6921 6555 4596 1154 26207 1784 9549 2691 229 2462 366 203 2096 601 4482 973 1461 280 3883 1205 1084 2678 692
is_linear=0
shrinkage=0.06


Tree=28
num_leaves=31
num_cat=0
split_feature=13 14 45 45 22 5 6 26 22 2 35 30 9 45 17 13 45 2 5 17 21 21 27 2 21 47 44 20 24 36
split_gain=186.309 32.9059 25.1347 23.0686 17.6986 16.0647 15.0141 15.7845 14.7419 14.5201 20.0583 22.365 20.8728 14.4715 19.04 13.5416 13.1528 13.5036 15.2602 17.7832 41.311 12.4281 14.0709 11.6159 10.6361 10.0308 9.65972 9.54628 11.7135 8.40069
threshold=17.308333333333337 19.131250000000005 117.87469349637418 155.53872965100976 -0.029216897579494996 49.500000000000007 4.5000000000000009 0.78997315913055688 -0.11565610506148254 18.500000000000004 154.12916666666669 5.5000000000000009 1.9500000000000002 200.10239171276058 95.562500000000014 20.991666666666671 61.321223763806479 18.050000000000001 80.500000000000014 96.395833333333357 0.11891394204765592 3.2193572271459456 15.500000000000002 26.150000000000002 1.3197173012082788 98.204403609995964 202.75862471987978 3.4330231517012071 504.50000000000006 270.15000000000003
decision_type=2 2 2 2 2 2 2 2 2 2 2 2 2 2 2 2 2 2 2 2 2 2 2 2 2 2 2 2 2 2
left_child=5 2 6 15 13 -1 9 -8 -9 10 11 12 -2 14 24 21 -7 18 19 -18 -21 22 -3 -15 25 -4 -14 -19 -29 -23
right_child=1 3 4 -5 -6 16 7 8 -10 -11 -12 -13 26 23 -16 -17 17 27 -20 20 -22 29 -24 -25 -26 -27 -28 28 -30 -31
leaf_value=0.1037848469785021 0.17290129981868416 0.015763827919661015 0.017455570483510173 0.072272299979413521 0.08386463736880756 -0.044078352612486701 -0.026878460208661907 0.11387852287582231 0.0032646875496965648 -0.017764172672152585 -0.065263146195888216 -0.031493537740380682 -0.033297339785976716 0.017506826365248963 -0.014969271508611647 0.041730727681320474 -0.0025403534112405412 -0.029674741324035081 -0.060874034037949561 -0.01106311341461861 0.28756537792417208 -0.024935646012051633 0.054793407133576617 0.073123135063377823 0.0033600147002492654 0.072604611942851296 0.10006301170621426 -0.014233059132197955 0.10119648034277787 0.021379865973573737
leaf_weight=3.1948795821517697 6.9593520620837861 193.12940346822143 24.174042945727706 36.930669397115707 14.095141013152896 182.07408888824284 9.8645854927599448 10.391170561313631 7.4452919820323578 220.01440908387303 6.4531126674264661 7.2274338994175187 4.1107783736661077 31.588929040357471 81.786959453485906 100.18987894058228 8.9220676179975289 285.88754878472537 5.8173374263569704 3.6136795701459041 3.0967491948977113 38.515915244817734 40.170020660385489 23.633818831294775 43.023545224219561 23.333219073712826 3.7290142336860299 11.127113797701893 4.4228397542610756 22.238217953592539
leaf_count=71 179 1459 153 206 165 13667 146 197 150 6836 204 129 156 217 1668 485 346 18110 435 264 177 287 243 170 314 135 60 369 199 138
internal_value=-0.00101534 0.0146839 0.00448895 0.0269279 0.0186215 -0.0303344 -0.00787526 0.0340237 0.0677061 -0.012546 0.0277662 0.0550209 0.0972718 0.01458 0.00601412 0.0226802 -0.031183 -0.0239114 0.0220864 0.0529585 0.126749 0.0161894 0.022484 0.0413091 0.0249708 0.0445421 0.0301358 -0.0271845 0.0185983 -0.00798249
internal_weight=1457.16 949.005 517.831 431.174 241.636 508.156 276.195 27.701 17.8365 248.494 28.4797 22.0266 14.7991 227.541 172.318 394.243 504.961 322.887 21.4498 15.6325 6.71043 294.054 233.299 55.2227 90.5308 47.5073 7.83979 301.438 15.55 60.7541
internal_count=47335 13697 10879 2818 2822 33638 8057 493 347 7564 728 524 395 2657 2270 2612 33567 19900 1222 787 441 2127 1702 387 602 288 216 18678 568 425
is_linear=0
shrinkage=0.06


Tree=29
num_leaves=31
num_cat=0
split_feature=16 14 43 14 6 46 6 37 16 12 23 9 6 36 4 46 21 0 9 29 4 32 9 0 0 0 14 9 12 2
split_gain=178.58 34.9212 27.3369 21.3792 17.6864 17.3488 15.1947 15.0579 12.7367 14.1789 12.1739 11.9233 17.1095 11.8216 15.3337 11.4762 10.6089 11.547 10.3455 9.99646 9.39168 8.82435 8.66341 8.40599 14.6181 15.795 12.2144 10.7994 9.64856 8.37016
threshold=95.916666666666671 19.452083333333338 259.57603711884025 16.397916666666671 4.5000000000000009 232.73504074309028 2.5000000000000004 13.500000000000002 94.083333333333357 82.909722222222243 1.0000000180025095e-35 4.4000000000000012 1.5000000000000002 180.90000000000001 1.0000000180025095e-35 146.3994288704618 3.2193572271459456 26.500000000000004 3.7500000000000004 2.5000000000000004 1.0000000180025095e-35 88.450000000000017 1.9500000000000002 21.500000000000004 27.500000000000004 38.500000000000007 18.893750000000001 2.3500000000000001 71.340277777777786 24.050000000000004
decision_type=2 2 2 2 2 2 2 2 2 2 2 2 2 2 2 2 2 2 2 2 2 2 2 2 2 2 2 2 2 2
left_child=1 2 4 -2 10 8 20 11 -3 16 -1 -5 -13 14 -9 29 17 -10 23 -20 -4 -19 -23 -12 26 -26 27 28 -25 -16
right_child=3 5 6 7 -6 -7 -8 13 9 -11 18 12 -14 -15 15 -17 -18 21 19 -21 -22 22 -24 24 25 -27 -28 -29 -30 -31
leaf_value=-0.018399504507282172 -0.038111526584342297 0.051167354730247923 -0.013015741637835948 -0.039453218644332766 0.035040369184098308 0.067784404698058576 0.072979295049864168 -0.020023689001641032 0.056285525513923795 0.042551572763612239 -0.056447898830454715 -0.061432072790258356 0.17604387194596008 -0.0094447498373794233 0.1240145002613368 0.18534048917208668 -0.011223311939909114 -0.027036413665386613 -0.051665655962352203 0.016026470672620391 0.037434171579295718 -0.0063959454439439624 0.034688492199781942 0.0051760405720447759 -0.020683674916278146 0.018006318848927848 0.10814760101360987 -0.031852257084878453 0.11231579819331307 -0.036629814017820179
leaf_weight=137.77588320896029 294.2083401568234 59.385847687721252 20.612373385578394 87.802959158085287 46.43759473785758 40.869738779962063 28.537559879943728 6.8235160624608371 26.00268505141139 72.777119314298034 6.8020926620811215 2.1008462347090235 2.274861104786396 168.4226750517264 2.2561305370181799 3.4327277708798647 53.512971391901374 17.703326229006052 21.32626370806247 12.431859396398066 37.362719477154315 28.999191546812654 50.924330295994878 5.9757562531158381 58.095007468014956 109.74282869230956 9.1471252273768169 7.5922497231513253 6.1300587896257639 2.4201460471376777
leaf_count=3122 24595 307 145 4907 645 221 155 306 154 426 107 109 121 6817 100 78 353 146 389 98 230 185 289 123 1003 1721 72 116 89 119
internal_value=-0.000822468 0.0164669 0.00641755 -0.0268637 0.000111306 0.0310447 0.0371392 -0.0148536 0.0261901 0.0202551 -0.00421386 -0.0346359 0.0620279 -0.00490837 0.0462571 0.102031 0.0110948 0.0207552 0.00402426 -0.0267372 0.0194973 0.0112917 0.0197815 0.00912757 0.0113954 0.00461425 0.0508522 0.0242462 0.0594287 0.0408751
internal_weight=1427.89 858.145 507.969 569.742 421.457 350.175 86.5127 275.534 309.305 249.92 375.019 92.1787 4.37571 183.355 14.9325 8.109 177.143 123.63 237.243 33.7581 57.9751 97.6268 79.9235 203.485 196.683 167.838 28.8452 19.6981 12.1058 4.67628
internal_count=47248 10096 8015 37152 7485 2081 530 12557 1860 1553 6840 5137 230 7420 603 297 1127 774 3718 487 375 620 474 3231 3124 2724 400 328 212 219
is_linear=0
shrinkage=0.06


Tree=30
num_leaves=31
num_cat=0
split_feature=14 32 17 13 43 9 18 46 25 9 4 36 25 15 44 2 42 22 25 12 5 11 23 5 9 26 43 2 16 35
split_gain=157.213 31.5841 24.4267 20.435 17.3638 16.9145 16.4764 13.6525 16.3171 19.0887 20.9408 23.6952 34.8587 39.0166 26.8114 18.7815 11.9238 14.5587 19.8384 13.4711 11.621 11.256 28.7289 13.019 14.5723 24.4163 10.947 28.0612 10.8712 10.2062
threshold=17.197916666666671 130.95000000000002 94.645833333333357 19.941666666666674 246.75346858397785 0.45000000000000007 95.631944444444457 101.08066003948112 5835.5000000000009 1.2500000000000002 1.0000000180025095e-35 218.90000000000003 5266.5000000000009 16.077083333333338 218.50250333096645 32.100000000000009 81.750000000000014 -1.2494959924154114 1948.5000000000002 84.756944444444457 90.500000000000014 75.354166666666671 -0.049999999999997997 77.500000000000014 2.1500000000000008 0.98238204822399255 97.68750646833935 27.950000000000003 93.916666666666671 133.51666666666668
decision_type=2 2 2 2 2 2 2 2 2 2 2 2 2 2 2 2 2 2 2 2 2 2 2 2 2 2 2 2 2 2
left_child=7 3 -3 5 16 29 -6 -1 9 -9 20 12 15 -14 -15 21 17 -4 -19 -20 -11 23 -23 24 25 -12 27 -10 -5 -2
right_child=1 2 4 28 6 -7 -8 8 26 10 11 -13 13 14 -16 -17 -18 18 19 -21 -22 22 -24 -25 -26 -27 -28 -29 -30 -31
leaf_value=-0.041781750032681711 0.0020936535111362011 0.046714984859877774 -0.024724485936041426 0.059700710377875804 0.068405788220357477 -0.01566461711742767 0.019846100228609952 -0.042100132026044665 -0.060724749198855073 -0.0084196312786377191 0.0013673861580167368 -0.017409785201762697 0.43984271159295468 -0.061072326702450705 0.25652911864837913 0.22853054788980134 -0.011920104403054176 0.071255974302442154 0.011082178479970072 0.098872514350741722 -0.060945892369976586 -0.022134025261986164 0.26120727439362346 -0.060976907615175283 -0.017919603492185777 0.26818661893310397 -0.051206803467215831 0.29687567251135788 0.010715294762532818 0.11162755866617166
leaf_weight=189.03720882255584 6.1273055886849743 116.38130431808531 29.11985082551837 18.491274520754814 37.727362316101789 212.92384062986821 75.479144975543022 57.786503343842924 2.4131884621456261 80.123185478150845 2.8693556003272622 24.217042098753154 1.6778384558856476 1.9739339882507922 1.8571485634893177 1.6557737784460176 76.781702515669167 24.550221165642142 188.09410470630974 6.510116469115018 18.702816739678383 3.0446879016235471 2.2331184800714245 7.8364789756014934 6.9336138032376766 2.1671777432784438 67.810751239769161 1.1744298636913297 138.24639286287129 6.1225637756288052
leaf_count=15305 124 609 252 94 199 5702 567 3619 209 5024 156 1283 135 125 82 94 1341 219 2948 60 1395 178 135 561 425 123 5388 99 848 90
internal_value=-0.00110795 0.0131375 0.0222806 -0.000140876 0.015792 -0.0117203 0.0360292 -0.0292837 -0.0209787 -0.0126606 -0.00170573 0.0274427 0.061124 0.198559 0.0928876 0.0328102 0.00874402 0.0151346 0.0204309 0.014019 -0.0183602 0.019891 0.0977519 -0.000856293 0.0385028 0.116177 -0.0458029 0.056338 0.0164944 0.0568394
internal_weight=1410.07 936.555 554.644 381.911 438.263 225.174 113.207 473.514 284.477 213.079 155.292 56.4662 32.2491 5.50892 3.83108 26.7402 325.056 248.274 219.154 194.604 98.826 25.0844 5.27781 19.8066 11.9701 5.03653 71.3984 3.58762 156.738 12.2499
internal_count=47389 13053 6195 6858 5586 5916 766 34336 19031 13335 9716 3297 2014 342 207 1672 4820 3479 3227 3008 6419 1578 313 1265 704 279 5696 308 942 214
is_linear=0
shrinkage=0.06


Tree=31
num_leaves=31
num_cat=0
split_feature=13 32 30 40 15 14 24 43 45 38 25 21 29 33 42 21 17 32 39 23 48 0 42 25 32 0 31 26 31 0
split_gain=151.339 24.6891 23.822 26.8034 17.8935 15.6471 15.4684 14.4646 13.0105 11.6792 13.7305 11.6552 11.4081 11.3285 11.6644 11.1137 7.63814 7.39179 7.36543 7.22634 6.94259 8.45066 9.10631 15.3975 17.0122 6.70202 6.57635 6.52037 6.5002 7.54759
threshold=17.308333333333337 127.15000000000002 33.500000000000007 6.6500000000000012 17.547916666666669 16.106250000000006 1360.5000000000002 153.34008258355666 200.10239171276058 18.570833333333336 3652.5000000000005 0.060081090569964204 13.500000000000002 94.875000000000014 81.104166666666671 -0.16135116374291317 96.187500000000014 194.00000000000003 368.15833333333336 0.10416666666666871 15.000000000000002 26.500000000000004 78.541666666666671 2742.5000000000005 83.850000000000009 22.500000000000004 3.5000000000000004 0.68268589550378933 11.500000000000002 39.500000000000007
decision_type=2 2 2 2 2 2 2 2 2 2 2 2 2 2 2 2 2 2 2 2 2 2 2 2 2 2 2 2 2 2
left_child=5 6 3 17 8 -1 11 26 18 10 -9 15 16 -7 -15 -2 20 -3 27 -11 25 -22 23 24 -23 -13 -6 -5 29 -16
right_child=1 2 -4 4 7 13 -8 9 -10 19 -12 12 -14 14 28 -17 -18 -19 -20 -21 21 22 -24 -25 -26 -27 -28 -29 -30 -31
leaf_value=-0.039521378792699374 0.0074678347311762389 -0.058229653446134351 0.064000771734284034 0.053370459942522167 0.025129758258755849 -0.043678577062562909 -0.019503392251305648 0.0303273977525466 0.03212976577941596 0.022306650270103003 -0.035272975865451008 0.052969611457660541 0.033832129383376312 -0.0047851975236787598 -0.049975619217265108 0.13693520880044893 -0.039163546715750813 -0.0081562098587301835 -0.037512699601790982 0.055223346114941896 -0.033219779227370232 -0.042011202093208307 0.00042707314066961981 0.1245762134476807 0.067858846756473148 -0.0061649635094970703 -0.0064812450325460545 -0.0049884609854765867 -0.057734269138364498 0.059627544622834379
leaf_weight=218.34504713304341 4.6429186044260859 15.635945680551229 44.272903136909008 7.7326971832662812 49.02984232455492 48.375790324993432 92.140784125775099 89.880730725824833 41.327003424055874 30.345854071900249 13.169140888378022 7.2702414579689494 45.661029009148479 168.18998101260513 4.8533454453572613 4.9123954763635975 15.922738484106956 33.037016346119344 23.300877034664154 114.99221867509186 8.7058237921446544 8.1726193148642832 20.776913446374238 7.7996092820540062 13.37898153439164 135.34530692361295 45.846930162981153 63.412479368038476 26.369700204581022 4.2360060503706336
leaf_count=20075 128 209 242 119 321 3229 3527 648 321 204 229 115 226 8379 239 108 787 407 420 629 127 153 245 143 148 1922 704 1643 1364 178
internal_value=4.0598e-06 0.0139479 0.0217264 0.0181797 0.02249 -0.0277643 0.00174944 0.029783 0.00405172 0.0373951 0.0219441 0.00893335 0.00656866 -0.0175785 -0.0113785 0.0740271 0.000841719 -0.0242421 -0.00823446 0.0483505 0.00400377 0.0213457 0.0308222 0.0523381 0.0261948 -0.00315041 0.0098545 0.00135451 -0.0426521 0.0011039
internal_weight=1407.08 936.713 571.984 527.711 479.038 470.37 364.729 343.265 135.773 248.388 103.05 272.589 263.033 252.025 203.649 9.55531 217.372 48.673 94.4461 145.338 201.449 58.8339 50.1281 29.3512 21.5516 142.616 94.8768 71.1452 35.4591 9.08935
internal_count=47189 13725 6096 5854 5238 33464 7629 2735 2503 1710 877 4102 3866 13389 10160 236 3640 616 2182 833 2853 816 689 444 301 2037 1025 1762 1781 417
is_linear=0
shrinkage=0.06


Tree=32
num_leaves=31
num_cat=0
split_feature=17 31 17 42 5 32 43 21 5 17 41 20 2 22 35 31 46 7 5 9 31 12 12 25 9 9 20 22 2 31
split_gain=129.117 25.7784 22.7049 15.9042 18.5055 16.8567 15.6347 14.7827 15.9964 15.2705 14.0165 12.5957 12.4474 17.3535 13.7625 18.6862 12.4286 12.205 12.1393 13.1184 13.0021 12.8282 11.5471 14.5038 19.7019 30.2044 24.568 14.398 12.6918 11.5696
threshold=95.812500000000014 2.5000000000000004 96.562500000000014 82.687500000000014 71.500000000000014 91.200000000000003 99.724205061189025 0.87811739521908916 56.500000000000007 94.312500000000014 11.15 0.60173229530794015 31.700000000000006 0.27742362286838335 135.42638888888891 34.500000000000007 240.12936516810899 0.33500000000000008 68.500000000000014 1.0500000000000003 11.500000000000002 76.006944444444457 74.618055555555571 4108.5000000000009 1.7500000000000002 1.6500000000000001 0.53672899075191804 -0.64496355104012781 26.650000000000002 64.500000000000014
decision_type=2 2 2 2 2 2 2 2 2 2 2 2 2 2 2 2 2 2 2 2 2 2 2 2 2 2 2 2 2 2
left_child=1 16 3 4 -2 -6 -3 8 -8 -9 -10 -12 -4 14 -14 -16 -1 -7 -11 21 -21 -20 23 24 25 -19 -26 28 -25 -24
right_child=2 6 12 -5 5 17 7 9 10 18 11 -13 13 -15 15 -17 -18 22 19 20 -22 -23 29 27 26 -27 -28 -29 -30 -31
leaf_value=0.023571574024682414 -0.029905863331662872 -0.019149065602571274 -0.036170402002039491 -0.045075175352566235 -0.031081186692795811 -0.065342816114319094 -0.012203042158909914 0.045023740668611631 0.029988208727981934 -0.014022505227526334 0.1475577400633675 0.047795031373693335 -0.037067713241154661 0.20347872671518977 -0.020083795435052815 0.21188005407948601 0.057496749630933722 0.064416465626787711 0.10327439719752381 0.017681172377523154 -0.021179212321067172 0.019563351134285135 0.011598652392401154 0.0060150095644147675 0.15103708805584362 0.25405980740901613 -0.0014407044501783788 -0.024140304594189754 0.13649241887994454 -0.055347060925904773
leaf_weight=268.56532283499837 72.540691031143069 73.234367701224983 289.73542251903564 39.761349107138813 35.646984037011862 6.5171607155352822 22.492499087937176 30.53319875523448 52.458736276254058 120.9020155724138 7.9815728068351772 10.615680262446402 12.620918211527174 1.5897828405722965 2.9056257670745245 2.194402826949954 45.455621629953384 16.540629802271727 9.7987679392099398 81.859175376594067 49.88416238501668 20.126629250124097 44.651051200926304 6.6243010470643622 4.4969084123149541 3.6996609214693299 24.694302784278989 23.165561307221651 4.5117694111540914 11.736055875197051
leaf_count=1739 4050 1919 25112 1529 2020 191 315 164 604 1321 102 151 1050 142 180 124 257 470 135 702 837 236 1501 191 168 112 683 985 119 415
internal_value=-0.000785523 0.0151169 -0.0217006 -0.0097819 -0.00427495 0.00592495 0.00637098 0.0109669 0.0318956 0.00471388 0.0458549 0.0906112 -0.0330617 0.0135807 -0.00345548 0.0797239 0.0284824 0.014921 0.000358197 0.0111126 0.00296682 0.0469737 0.0186542 0.0327886 0.0535903 0.0990808 0.0220485 0.00281164 0.0588778 -0.00233501
internal_weight=1397.54 793.908 603.633 294.586 254.825 182.284 479.887 406.652 93.5485 313.104 71.056 18.5973 309.046 19.3107 17.7209 5.10003 314.021 146.637 282.571 161.669 131.743 29.9254 140.12 83.7331 49.4315 20.2403 29.1912 34.3016 11.1361 56.3871
internal_count=47524 8482 39042 12434 10905 6855 6486 4567 1172 3395 857 253 26608 1496 1354 304 1996 4835 3231 1910 1539 371 4644 2728 1433 582 851 1295 310 1916
is_linear=0
shrinkage=0.06


Tree=33
num_leaves=31
num_cat=0
split_feature=14 13 17 43 46 30 46 22 41 41 0 0 44 21 30 34 42 0 25 18 22 42 32 17 46 0 20 22 25 44
split_gain=124.242 26.6079 23.5013 22.0131 14.0391 12.8351 12.7431 15.4314 12.5033 13.0696 17.3584 11.8549 11.4301 10.6883 10.484 14.6987 10.1481 8.35722 11.3507 19.8 8.87979 8.07254 7.36791 9.08359 10.3524 10.529 19.7968 11.1588 21.4763 11.4242
threshold=17.902083333333341 20.333333333333336 96.604166666666671 259.57603711884025 128.26754262339924 4.5000000000000009 224.09808161272781 -0.071834295783247584 13.800000000000002 12.600000000000001 27.500000000000004 19.000000000000004 200.73060386482118 0.58042512051896289 33.500000000000007 101.31041666666668 77.562500000000014 31.500000000000004 3386.5000000000005 95.534722222222243 -0.91953820376387785 83.416666666666686 146.35000000000002 95.479166666666671 92.465136195738339 49.500000000000007 2.1444313182420065 -0.043045929583541899 3110.5000000000005 160.74366774708253
decision_type=2 2 2 2 2 2 2 2 2 2 2 2 2 2 2 2 2 2 2 2 2 2 2 2 2 2 2 2 2 2
left_child=2 3 6 8 -3 16 22 21 9 11 -11 -2 -12 -13 15 -15 -5 18 19 -17 -21 -8 23 -1 -25 27 -27 -26 -29 -30
right_child=1 4 -4 5 -6 -7 7 -9 -10 10 12 13 -14 14 -16 17 -18 -19 -20 20 -22 -23 -24 24 25 26 -28 28 29 -31
leaf_value=0.035451505318812616 -0.064637183161901202 0.013381018874799103 -0.034335639596128363 0.047931861799324856 0.045512270631111219 0.073261425671760874 0.010464627931393253 0.1036839626658546 -0.037453376406581078 0.11011993443480901 -0.015417638284428738 0.033389843582793025 0.052851418460766401 -0.061089428539291793 0.029443679149200583 0.0026188765381333309 -0.011378356741033694 -0.0056198050854984714 -0.026108049481961326 0.034853844349622499 0.11083247330286139 -0.043059806375970393 -0.03495379949596232 -0.035550209074226284 -0.022105506879788628 0.0030397188787903272 0.15143244432492159 0.19180664710148893 0.14033113422322893 -0.024615378788363017
leaf_weight=13.763265904039143 9.2836676351726037 79.68838806822896 281.35326427128166 21.591869875788689 126.92751096561551 25.814764142036438 67.143537506461143 5.8106902465224257 25.50046103913337 9.1785317398607713 18.301889775320888 39.992026250809431 17.057241344824433 14.888507208786903 40.705207864753902 36.582492118701339 20.010239150375128 236.49894503410906 16.857600437477231 10.624020330607893 11.566446889191864 11.949271803721784 65.142149300314486 58.481535608880222 73.443430019542575 13.93767796456814 4.2153225485235444 2.6022111140191546 1.7892277091741551 9.7423915117979032
leaf_count=331 148 425 25342 108 696 139 1168 96 531 113 375 422 169 432 343 285 108 2939 351 129 154 311 2723 3802 3661 750 157 120 134 570
internal_value=-0.00142343 0.0147419 -0.0216129 0.00789343 0.0331198 0.0400268 -0.0107002 0.00931144 0.00344545 0.00570516 0.0365997 0.00240545 0.0175153 0.00393201 0.000728305 -0.00284601 0.0194042 -6.78121e-05 0.0172934 0.0297421 0.0744566 0.0023782 -0.0176889 -0.0113696 -0.0152939 -0.00408973 0.0374981 -0.01271 0.0361114 0.00097746
internal_weight=1370.44 761.07 609.374 554.454 206.616 67.4169 328.021 84.9035 487.037 461.537 44.5377 416.999 35.3591 407.715 367.723 327.018 41.6021 312.13 75.6306 58.773 22.1905 79.0928 243.117 177.975 164.212 105.73 18.153 87.5773 14.1338 11.5316
internal_count=47032 7867 39165 6746 1121 355 13823 1575 6391 5860 657 5203 544 5055 4633 4290 216 3858 919 568 283 1479 12248 9525 9194 5392 907 4485 824 704
is_linear=0
shrinkage=0.06


Tree=34
num_leaves=31
num_cat=0
split_feature=14 14 34 21 4 6 19 0 29 46 30 44 11 7 24 3 23 17 7 0 30 37 7 41 46 21 31 30 0 7
split_gain=116.927 27.0838 25.1054 16.2924 18.0445 16.3785 15.0421 13.0277 12.4603 12.0756 16.473 11.872 13.4681 11.2986 19.6574 10.0723 14.8487 11.4846 12.1849 12.9862 9.95617 9.86831 13.6461 9.09959 9.41768 10.6412 9.61656 25.0883 9.159 22.4067
threshold=17.902083333333341 16.397916666666671 121.32708333333333 1.1027794750200537 1.0000000180025095e-35 2.5000000000000004 93.500000000000014 31.500000000000004 19.500000000000004 171.87636518134477 7.5000000000000009 404.02984756696003 85.187500000000014 0.27500000000000008 1484.5000000000002 1.0000000180025095e-35 0.78333333333333599 95.645833333333357 0.51000000000000012 39.500000000000007 21.500000000000004 20.500000000000004 0.55500000000000016 5.3000000000000016 224.09808161272781 0.82959552889112953 62.500000000000007 1.5000000000000002 39.500000000000007 0.88500000000000012
decision_type=2 2 2 2 2 2 2 2 2 2 2 2 2 2 2 2 2 2 2 2 2 2 2 2 2 2 2 2 2 2
left_child=1 -1 8 9 15 6 -6 20 -2 10 -4 12 -8 14 -3 17 -17 18 19 -5 -7 22 -19 -15 28 26 27 -26 -25 -30
right_child=2 13 3 4 5 7 11 -9 -10 -11 -12 -13 -14 23 -16 16 -18 21 -20 -21 -22 -23 -24 24 25 -27 -28 -29 29 -31
leaf_value=-0.035830637846744624 -0.012353375291770642 -0.0084561317505903854 -0.022316593026175134 -0.035453718099770076 0.044653212401349243 0.089578610459744135 -0.0061320593295960514 0.026429427272572057 0.073453608076967727 0.06046716297864331 0.073975486216799252 0.045256271612404961 0.048787276413957185 -0.040422023703336141 0.1872367949172028 -0.0076884399490849782 0.049252775230175128 0.0021653438378525748 -0.047559570261322723 0.042541134077864702 0.032491953703565835 -0.019241335851728318 0.12409556035444012 -0.027086244082085348 0.13005657248964925 -0.010341761975807362 -0.01975134451536445 0.0082496883235044088 -0.0084017154670541615 0.12339708087353168
leaf_weight=258.51246978249401 134.78997355047613 5.3034601081162673 17.922305832616988 15.724542623385789 44.704818591475487 26.579083936288953 143.33608636539429 88.823785118758678 6.3807540088891974 55.408322291448712 9.9446330834180099 23.998137457296252 18.105788925662637 35.757684324868023 2.8360873507335782 38.190089819021523 29.010960137471557 7.3848985955119133 40.012792348861694 15.031670048832892 18.761862879619002 11.414149577729404 5.9801899995654821 109.62691408209503 9.4986468162387627 44.336165446788073 9.0189970536157471 16.950307008810341 105.17801844421774 4.8581156935542813
leaf_count=25145 2193 214 296 160 253 196 1642 674 31 314 87 132 138 1804 108 343 227 200 426 112 106 170 155 5726 185 823 186 308 4783 238
internal_value=-0.00145547 -0.021162 0.0143274 0.0196016 0.015705 0.0231253 0.0134118 0.0397876 -0.008475 0.0442638 0.0120463 0.00588035 2.71723e-05 -0.0101183 0.0597298 -0.000905011 0.0168933 -0.0134229 -0.0257319 0.00266518 0.0659564 0.0217312 0.0567228 -0.0118143 -0.00839837 0.00925447 0.0337504 0.0519944 -0.0148117 -0.00258277
internal_weight=1353.38 601.877 751.505 610.334 527.059 364.31 230.145 134.165 141.171 83.2753 27.8669 185.44 161.442 343.364 8.13955 162.749 67.201 95.5482 70.769 30.7562 45.3409 24.7792 13.3651 335.225 299.467 79.8041 35.468 26.449 219.663 110.036
internal_count=47375 39520 7855 5631 4934 3141 2165 976 2224 697 383 1912 1780 14375 322 1793 570 1223 698 272 302 525 355 14053 12249 1502 679 493 10747 5021
is_linear=0
shrinkage=0.06


Tree=35
num_leaves=31
num_cat=0
split_feature=14 31 45 14 9 42 21 41 7 44 47 43 3 47 22 2 31 5 21 5 5 39 30 27 23 17 42 44 44 24
split_gain=105.688 24.0797 15.943 12.6859 17.857 23.6973 12.74 13.1349 17.7408 16.8279 14.1938 10.661 10.6288 10.8842 10.2094 9.67996 11.6502 22.8504 21.625 9.54872 19.8154 45.3906 10.304 9.12636 8.97021 7.91565 7.80001 7.77762 7.64935 7.5084
threshold=17.114583333333339 1.5000000000000002 59.754648210198518 19.452083333333338 3.2500000000000004 78.062500000000014 1.0433064936786256 11.15 0.52500000000000013 202.75862471987978 94.834537182132934 259.57603711884025 1.0000000180025095e-35 50.101151729706039 -0.85378942143893244 31.700000000000006 34.500000000000007 88.500000000000014 0.58042512051896289 80.500000000000014 83.500000000000014 256.5916666666667 1.0000000180025095e-35 17.500000000000004 1.8250000000000004 97.479166666666671 71.104166666666671 337.80781742866367 270.91951679670655 1576.5000000000002
decision_type=2 2 2 2 2 2 2 2 2 2 2 2 2 2 2 2 2 2 2 2 2 2 2 2 2 2 2 2 2 2
left_child=15 23 12 4 5 6 7 10 9 -9 -4 -6 -3 -14 24 25 -17 18 -18 22 21 -21 -8 27 -5 -1 -23 -2 -22 -24
right_child=1 2 3 14 11 -7 19 8 -10 -11 -12 -13 13 -15 -16 16 17 -19 -20 20 28 26 29 -25 -26 -27 -28 -29 -30 -31
leaf_value=-0.024970482434884873 0.0161907015747834 -0.034792806413816386 -0.013502092545194324 0.0221007009385174 -0.032706576901881008 -0.0084859130016281432 0.064559620787006861 0.042811924730470512 0.017771801186550609 0.16845258256605228 0.050301539533892589 0.02862672970662122 0.099378638570511837 -0.0057099398456968587 0.054205007653689942 -0.0296082330989005 -0.038394615172778465 0.21953769455699626 0.15818513586013583 0.22782314129010547 -0.054146596666444828 -0.023152696336595568 0.0022554308914839996 0.061132483166871449 -0.021143358188376669 -0.053126697724396002 0.06639113906151449 0.041498860468912852 0.027635751142304404 -0.053079694828340518
leaf_weight=331.64394271187484 146.89768633339554 53.457736066542566 21.80505782738328 122.90938450396061 63.699555824510753 162.64623002056032 8.8118480993434769 6.5880254916846779 11.401111609302459 9.1926678428426367 29.578870890662074 12.14827575907111 4.332939742133024 19.586790299974382 30.610611686483026 13.295624523423614 7.7642883006483299 2.3521538004279128 2.7204207498580217 5.3511199513450292 7.6667804894968894 6.8839289601892215 91.423124351538718 26.44389009103179 20.091162486001849 40.314649377018213 7.1286671310663223 62.235072516836226 8.8930384349077922 9.7712028948590142
leaf_count=27247 1185 1874 406 760 1349 3208 193 166 240 90 261 82 146 536 191 1021 601 168 125 177 328 140 1407 139 128 4373 106 375 178 289
internal_value=0.000408151 0.0112876 0.00579926 0.0089251 0.00373851 0.00895414 0.0215894 0.0410693 0.0747998 0.116001 0.0232261 -0.022883 -0.0199177 0.0133263 0.0227568 -0.0255423 0.00975605 0.0505271 0.0126111 0.0111018 0.0379596 0.0791691 0.0023311 0.0279215 0.016025 -0.0280222 0.0224012 0.0237221 -0.0102274 -0.00308766
internal_weight=1347.65 949.555 713.978 636.601 462.99 387.142 224.495 78.5657 27.1818 15.7807 51.3839 75.8478 77.3775 23.9197 173.611 398.091 26.1325 12.8369 10.4847 145.93 35.9235 19.3637 110.006 235.577 143.001 371.959 14.0126 209.133 16.5598 101.194
internal_count=47489 13954 12255 9699 8620 7189 3981 1163 496 256 667 1431 2556 682 1079 33535 1915 894 726 2818 929 423 1889 1699 888 31620 246 1560 506 1696
is_linear=0
shrinkage=0.06


end of trees

feature_importances:
rr_mean_24h=73
rr_mean_6h=58
steps_24h=52
exp_next24_max=49
exp_next24_mean=46
spo2_mean_6h=44
pm25_fcst_mean_24h=41
rh_mean_24h=38
hours_since_puff=37
controller_adherence=36
outdoor_hours_day=34
spo2_mean_24h=33
rr_dev_24h=33
age=32
pm25_trend_24h=30
pm25_fcst_max_24h=30
bmi=28
pm25_now=27
spo2_dev_24h=26
puffs_72h=26
temp_min_24h=23
fev1_pct=22
flares_last_year=21
puffs_24h=21
rr_mean_72h=19
spo2_mean_72h=16
steps_ratio_24h=15
pm25_mean_72h=14
hr_mean_72h=13
spo2_min_6h=12
hr_mean_24h=11
exp_past24_mean=11
rr_trend_24h=10
pm25_max_24h=10
hr_dev_24h=9
puffs_6h=9
hr_mean_6h=8
pm25_hours_above_120_24h=8
temp_now=8
allergy=7
steps_6h=7
disturb_24h=7
smoking=6
pm10_mean_24h=6
pm25_mean_24h=5
sex=4
pm25_mean_6h=3
hour_of_day=2

parameters:
[boosting: gbdt]
[objective: binary]
[metric: binary_logloss]
[tree_learner: serial]
[device_type: cpu]
[data_sample_strategy: bagging]
[data: ]
[valid: ]
[num_iterations: 36]
[learning_rate: 0.06]
[num_leaves: 31]
[num_threads: 1]
[seed: 101]
[deterministic: 0]
[force_col_wise: 0]
[force_row_wise: 0]
[histogram_pool_size: -1]
[max_depth: -1]
[min_data_in_leaf: 100]
[min_sum_hessian_in_leaf: 0.001]
[bagging_fraction: 0.7]
[pos_bagging_fraction: 1]
[neg_bagging_fraction: 1]
[bagging_freq: 1]
[bagging_seed: 11964]
[bagging_by_query: 0]
[feature_fraction: 0.8]
[feature_fraction_bynode: 1]
[feature_fraction_seed: 7999]
[extra_trees: 0]
[extra_seed: 15181]
[early_stopping_round: 0]
[early_stopping_min_delta: 0]
[first_metric_only: 0]
[max_delta_step: 0]
[lambda_l1: 0]
[lambda_l2: 0]
[linear_lambda: 0]
[min_gain_to_split: 0]
[drop_rate: 0.1]
[max_drop: 50]
[skip_drop: 0.5]
[xgboost_dart_mode: 0]
[uniform_drop: 0]
[drop_seed: 23279]
[top_rate: 0.2]
[other_rate: 0.1]
[min_data_per_group: 100]
[max_cat_threshold: 32]
[cat_l2: 10]
[cat_smooth: 10]
[max_cat_to_onehot: 4]
[top_k: 20]
[monotone_constraints: ]
[monotone_constraints_method: basic]
[monotone_penalty: 0]
[feature_contri: ]
[forcedsplits_filename: ]
[refit_decay_rate: 0.9]
[cegb_tradeoff: 1]
[cegb_penalty_split: 0]
[cegb_penalty_feature_lazy: ]
[cegb_penalty_feature_coupled: ]
[path_smooth: 0]
[interaction_constraints: ]
[verbosity: -1]
[saved_feature_importance_type: 0]
[use_quantized_grad: 0]
[num_grad_quant_bins: 4]
[quant_train_renew_leaf: 0]
[stochastic_rounding: 1]
[linear_tree: 0]
[max_bin: 63]
[max_bin_by_feature: ]
[min_data_in_bin: 3]
[bin_construct_sample_cnt: 200000]
[data_random_seed: 368]
[is_enable_sparse: 1]
[enable_bundle: 1]
[use_missing: 1]
[zero_as_missing: 0]
[feature_pre_filter: 1]
[pre_partition: 0]
[two_round: 0]
[header: 0]
[label_column: ]
[weight_column: ]
[group_column: ]
[ignore_column: ]
[categorical_feature: ]
[forcedbins_filename: ]
[precise_float_parser: 0]
[parser_config_file: ]
[objective_seed: 2051]
[num_class: 1]
[is_unbalance: 0]
[scale_pos_weight: 1]
[sigmoid: 1]
[boost_from_average: 1]
[reg_sqrt: 0]
[alpha: 0.9]
[fair_c: 1]
[poisson_max_delta_step: 0.7]
[tweedie_variance_power: 1.5]
[lambdarank_truncation_level: 30]
[lambdarank_norm: 1]
[label_gain: ]
[lambdarank_position_bias_regularization: 0]
[eval_at: ]
[multi_error_top_k: 1]
[auc_mu_weights: ]
[num_machines: 1]
[local_listen_port: 12400]
[time_out: 120]
[machine_list_filename: ]
[machines: ]
[gpu_platform_id: -1]
[gpu_device_id: -1]
[gpu_device_id_list: ]
[gpu_use_dp: 0]
[num_gpu: 1]

end of parameters

pandas_categorical:[]
