tree
version=v4
num_class=1
num_tree_per_iteration=1
label_index=0
max_feature_idx=43
objective=binary sigmoid:1
feature_names=age sex bmi smoking allergy fev1_pct flares_last_year controller_adherence has_purifier outdoor_hours_day hr_mean_6h hr_mean_24h hr_mean_72h rr_mean_6h rr_mean_24h rr_mean_72h spo2_mean_6h spo2_mean_24h spo2_mean_72h spo2_min_6h hr_dev_24h rr_dev_24h spo2_dev_24h rr_trend_24h steps_6h steps_24h steps_ratio_24h disturb_24h puffs_6h puffs_24h puffs_72h hours_since_puff pm25_now pm25_mean_6h pm25_mean_24h pm25_mean_72h pm25_max_24h pm25_hours_above_120_24h pm25_trend_24h pm10_mean_24h temp_now temp_min_24h rh_mean_24h hour_of_day
feature_infos=[18:73] [0:1] [17:37.200000000000003] [0:2] [0:1] [47:104] [0:8] [0.20000000000000001:0.97999999999999998] [0:1] [0.20000000000000001:5.5] [48:104.33333333333331] [56.041666666666657:102.125] [57.458333333333336:105.47222222222224] [12.333333333333334:25.483333333333331] [13.929166666666667:25.720833333333331] [14.318055555555556:26.763888888888889] [92.333333333333314:99] [91.875:98.416666666666686] [91.194444444444443:98.236111111111114] [90:98] [-5.3534585569469186:16.279041180086054] [-2.3338239875389419:7.5323883425527569] [-3.1737096442525115:1.2405816757082562] [-4.7708333333333321:5.9583333333333321] [0:3657] [635:8846] [0.25230135886874971:1.4518307006680724] [0:32] [0:3] [0:43] [0:183] [0:72] [37.200000000000003:473.80000000000001] [34.016666666666666:431.30000000000001] [46.612499999999997:363.96249999999992] [59.43333333333333:291.53750000000002] [60.600000000000001:490.39999999999998] [0:24] [-187.14583333333331:159.68333333333331] [73.045833333333334:664.74166666666667] [3.2999999999999998:27.699999999999999] [1.3999999999999999:17.899999999999999] [56.125:94.041666666666686] [0:18]
tree_sizes=3317 3357 3393 3386 3369 3383 3399 3385 3401 3420 3408 3421 3422 3412 3401 3422 3409 3413 3440 3411 3433 3426 3423 3429 3418 3419 3439 3439 3415 3416 3453 3438 3404 3439 3432 3414 3432 3437 3429 3434 3441 3431 3448 3454 3449 3445 3442 3440 3440 3420 3443 3438 3429 3429 3459

Tree=0
num_leaves=31
num_cat=0
split_feature=16 13 13 38 33 32 16 32 28 29 31 13 32 26 32 29 32 31 37 18 13 13 38 41 32 12 38 25 25 17
split_gain=10463.3 2148.36 1443.95 758.65 581.142 505.652 382.268 258.465 249.602 239.262 191.924 185.042 146.845 139.915 117.663 110.637 102.657 96.8602 89.5348 88.252 83.7743 78.9266 75.1721 80.5252 69.8113 62.9749 60.9577 60.6941 45.3407 45.3195
threshold=94.916666666666671 19.941666666666674 19.358333333333338 45.354166666666679 222.20000000000002 96.850000000000009 95.583333333333357 237.35000000000002 1.5000000000000002 13.500000000000002 1.5000000000000002 20.991666666666671 134.65000000000001 0.73789925259087885 116.05000000000001 7.5000000000000009 141.70000000000002 5.5000000000000009 10.500000000000002 94.7013888888889 17.558333333333337 17.941666666666674 33.52291666666666 9.7000000000000011 87.550000000000011 81.784722222222243 37.71875 2378.5000000000005 3582.5000000000005 94.312500000000014
decision_type=2 2 2 2 2 2 2 2 2 2 2 2 2 2 2 2 2 2 2 2 2 2 2 2 2 2 2 2 2 2
left_child=1 4 6 10 8 9 7 22 18 -3 14 16 -10 -6 -4 24 -7 -5 -1 -20 -9 -8 -2 -24 -12 -26 -23 -18 -21 -13
right_child=2 5 3 17 13 11 21 20 12 -11 15 29 -14 -15 -16 -17 27 -19 19 28 -22 26 23 -25 25 -27 -28 -29 -30 -31
leaf_value=-3.0255575665607428 -3.0250355876011712 -2.7014989883927969 -2.8335243922072229 -2.1441440530067437 -2.5028057607833083 -2.321313726355219 -3.0908742428808718 -2.8949805903600687 -2.8215611114793657 -2.1730223813664873 -3.0824165767784937 -1.809244989237939 -2.4171302897914528 -2.0414991951933446 -2.4068674023842105 -2.6897105816854947 -1.9087341084313365 -2.5155387097955408 -2.6180905694075758 -2.8230431084840224 -2.549183436382608 -3.0647620832119915 -2.7435541782342474 -3.0017748137775593 -2.9569307997126533 -2.7262111389070238 -2.9709352426432218 -2.207401343699515 -3.0369946216796788 -2.0115061243679233
leaf_weight=9.5116307809948903 111.78347734361887 7.5045894235372526 4.9303407259285432 5.45391673222184 4.7121840566396695 8.7698981054127234 1589.5767551064491 4.3631333857774717 5.1484973952174178 5.2357600629329681 12.740349486470221 9.3807367794215697 8.6826354376971704 4.7558153904974461 4.4067647196352482 5.9774927385151377 5.5848107337951642 4.7121840566396713 6.4574374109506634 15.09644151479006 5.9774927385151386 129.89048089459538 7.5482207573950317 10.253363456577061 22.033823598176244 5.279391396790742 30.847353037446737 4.3631333857774734 4.6685527227818957 6.9373820833861819
leaf_count=218 2562 172 113 125 108 201 36432 100 118 120 292 215 199 109 101 137 128 108 148 346 137 2977 173 235 505 121 707 100 107 159
internal_value=-3.03801 -2.45974 -3.06959 -2.79271 -2.70182 -2.16062 -3.07919 -2.98376 -2.7841 -2.48432 -2.88019 -2.04291 -2.56768 -2.27109 -2.63216 -2.9305 -2.17166 -2.31629 -2.86786 -2.81066 -2.69509 -3.08682 -3.0068 -2.89228 -2.96643 -2.91233 -3.04676 -2.03973 -2.87358 -1.89523
internal_weight=2062.58 106.81 1955.77 65.5343 59.0332 47.7763 1890.24 139.926 49.5652 12.7403 55.3682 35.036 13.8311 9.468 9.33711 46.0311 18.7178 10.1661 35.7341 26.2224 10.3406 1750.31 129.585 17.8016 40.0536 27.3132 160.738 9.94794 19.765 16.3181
internal_count=47273 2448 44825 1502 1353 1095 43323 3207 1136 292 1269 803 317 217 214 1055 429 233 819 601 237 40116 2970 408 918 626 3684 228 453 374
is_linear=0
shrinkage=1


Tree=1
num_leaves=31
num_cat=0
split_feature=13 16 32 14 32 13 17 13 38 38 29 32 7 36 16 35 17 9 38 33 21 10 14 38 15 14 11 35 2 13
split_gain=5693.19 865.964 443.825 400.424 246.808 233.781 150.09 137.503 125.359 102.895 152.676 101.586 97.6416 88.2537 73.6741 70.5286 70.5096 57.1728 55.562 49.2376 40.9 40.6754 36.9857 30.7526 29.7628 29.5222 26.5901 34.0612 26.4156 25.7557
threshold=19.358333333333338 95.416666666666671 127.15000000000002 19.877083333333335 137.80000000000004 18.175000000000004 95.479166666666671 18.308333333333334 53.014583333333348 29.660416666666652 4.5000000000000009 137.80000000000004 0.57500000000000007 225.45000000000002 94.250000000000014 152.22500000000002 96.020833333333357 1.3500000000000003 43.645833333333336 231.62500000000003 3.2193572271459456 82.416666666666671 16.510416666666671 43.645833333333336 18.75416666666667 19.131250000000005 74.854166666666671 147.57569444444448 23.450000000000003 20.991666666666671
decision_type=2 2 2 2 2 2 2 2 2 2 2 2 2 2 2 2 2 2 2 2 2 2 2 2 2 2 2 2 2 2
left_child=1 4 3 21 -1 19 9 22 -8 10 24 -9 17 14 -5 16 -13 -7 -14 26 -12 -2 -3 -24 -4 -23 -6 -28 -15 -22
right_child=2 7 6 13 5 12 8 11 -10 -11 20 15 18 28 -16 -17 -18 -19 -20 -21 29 25 23 -25 -26 -27 27 -29 -30 -31
leaf_value=0.013610858705638168 0.0089234455712651744 -0.055830578765336064 0.10132567398424761 0.39833859763125068 -0.017980135683701683 0.23132173304414769 0.059122235298436139 -0.017479845261624619 0.36667984423208755 0.48731098773960241 0.45031719830281336 0.33180621745555816 0.10398175660207892 0.33152782343710679 0.17900790798566657 0.038687540913897693 0.038157675936892427 0.42965161431872501 0.31026462573350377 0.21346868636662938 0.2728183009538 0.055091478576160431 -0.042042544893114937 0.001471734839392012 0.27110581382269788 0.20266677043239228 0.16013059107067479 0.013817286148142297 0.47029165746716928 0.4041232509774092
leaf_weight=62.601181760430336 23.198458909988403 1104.5939935185015 7.2154849916696531 7.8655600398778942 14.530448727309702 8.324757572263481 9.2573677673935908 79.353301003575325 9.8445668108761293 33.33615442737937 31.196566924452782 7.750073838979004 13.57718810811639 8.5876074507832545 18.436543624848127 20.064248245209455 4.746614333242178 14.087149936705826 7.1898232884705058 7.5508049465715876 10.072332657873631 10.096662238240244 452.02119106054306 67.154619421809912 7.6665352284908295 9.4452582411468011 11.270759556442501 11.646962761878966 11.622967071831225 11.538828499615192
leaf_count=1367 470 26546 115 92 301 148 169 1837 122 374 359 171 251 107 283 449 106 240 105 123 119 194 10794 1560 112 168 227 237 146 104
internal_value=-0.000262026 -0.0332074 0.296566 0.195222 0.104717 0.169398 0.371863 -0.0451889 0.217628 0.401026 0.358532 0.0191378 0.269131 0.317046 0.244598 0.108378 0.22027 0.355983 0.1754 0.0736978 0.406368 0.0626454 -0.0496224 -0.036414 0.188789 0.12642 0.0455153 0.085773 0.41133 0.342926
internal_weight=2095.84 1886.46 209.381 89.2531 150.779 88.1779 120.128 1735.68 19.1019 101.026 67.6897 111.914 43.1789 46.5127 26.3021 32.5609 12.4967 22.4119 20.767 44.999 52.8077 42.7404 1623.77 519.176 14.882 19.5419 37.4482 22.9177 20.2106 21.6112
internal_count=47396 44462 2934 1460 2999 1632 1474 41463 291 1183 809 2563 744 628 375 726 277 388 356 888 582 832 38900 12354 227 362 765 464 253 223
is_linear=0
shrinkage=0.06


Tree=2
num_leaves=31
num_cat=0
split_feature=16 13 13 32 38 16 32 32 16 14 7 12 34 13 32 32 31 25 31 14 27 6 39 2 14 38 32 13 14 32
split_gain=4057.55 474.827 368.338 149.97 133.173 127.639 115.956 74.4071 69.159 67.7822 53.6313 53.7377 53.6678 48.9188 44.7824 44.0749 40.8141 39.9327 37.1176 30.8228 30.5865 37.9174 26.0595 25.5657 24.4223 32.1243 23.9208 22.0908 21.2495 19.1464
threshold=95.250000000000014 19.125000000000007 18.925000000000004 154.90000000000001 43.645833333333336 95.916666666666671 85.000000000000014 249.75000000000003 94.416666666666671 20.556250000000002 0.59500000000000008 79.659722222222243 187.67500000000004 18.175000000000004 206.50000000000003 130.95000000000002 9.5000000000000018 2485.5000000000005 7.5000000000000009 17.564583333333335 9.5000000000000018 2.5000000000000004 227.16041666666669 27.950000000000003 16.510416666666671 33.52291666666666 125.15000000000002 17.475000000000005 17.197916666666671 91.200000000000003
decision_type=2 2 2 2 2 2 2 2 2 2 2 2 2 2 2 2 2 2 2 2 2 2 2 2 2 2 2 2 2 2
left_child=1 4 5 17 13 7 9 27 22 -3 20 12 -12 -1 -6 -15 -5 23 -17 -9 21 -10 -8 26 -7 -26 -4 -2 -27 -29
right_child=2 6 3 16 14 24 8 19 10 -11 11 -13 -14 15 -16 18 -18 -19 -20 -21 -22 -23 -24 -25 25 28 -28 29 -30 -31
leaf_value=0.0058076299817210932 -0.028813243948183753 0.049273871723175301 -0.0013120184409580603 0.26843411596934025 0.10285330232290951 -0.055568033999714578 0.22815473204777825 0.049859983324432068 0.11456157803203937 0.24413929888718264 0.052618653945700915 0.27905920395549788 0.22151363871575788 0.020313369558446401 0.27011967197844389 0.19973929201764642 0.1131630505387318 0.000280224344702011 0.054157211355932454 0.25277867001823184 0.28202047566000848 0.28116564505864938 0.31695843048308092 0.20338762440767658 -0.045675247469368886 -0.024755817052743226 0.14762965033071732 -0.030730337950338884 0.045742356412076461 0.027747187762696763
leaf_weight=40.690444368869066 99.010588336735964 16.378750041127205 9.6183905303478294 14.624448731541635 8.9533211551606673 1026.7358871735632 14.504988275468348 5.2972829155623895 10.236911799758674 10.575272668153049 15.613119762390854 11.762688655406235 11.962319646030663 16.527885861694813 16.1674515157938 16.723916798830036 10.448641382157801 46.056031785905361 10.119763266295193 5.4852990098297596 53.615089561790228 9.4645047597587091 66.141621001064777 6.0555333942174903 367.78529869765043 45.775691326707602 6.5088179334998122 28.094239078462124 23.189495749771595 71.337856240570545
leaf_count=821 2381 285 189 168 146 25971 141 111 127 112 207 132 115 350 179 228 169 935 170 93 521 112 502 111 9112 1089 114 668 527 1577
internal_value=-0.0017136 0.191597 -0.0377741 0.078242 0.0892866 -0.0442461 0.242313 -0.000411269 0.258569 0.125728 0.228204 0.171687 0.125886 0.0530624 0.210504 0.097396 0.203728 0.0321342 0.144856 0.153088 0.258528 0.194598 0.300986 0.0982699 -0.0505128 -0.0386288 0.0587997 -0.00875183 -0.00105086 0.0112245
internal_weight=2095.46 329.438 1766.02 93.3119 109.183 1672.71 220.255 209.225 193.301 26.954 112.655 39.3381 27.5754 84.062 25.1208 43.3716 25.0731 68.2388 26.8437 10.7826 73.3165 19.7014 80.6466 22.1827 1463.49 436.75 16.1272 198.443 68.9652 99.4321
internal_count=47363 4148 43215 1686 1894 41529 2254 4830 1857 397 1214 454 322 1569 325 748 337 1349 398 204 760 239 643 414 36699 10728 303 4626 1616 2245
is_linear=0
shrinkage=0.06


Tree=3
num_leaves=31
num_cat=0
split_feature=16 13 13 33 24 16 33 13 22 33 21 13 42 21 25 14 6 36 16 33 21 13 31 33 9 14 34 16 35 31
split_gain=3276.52 340.696 243.769 132.771 81.8007 62.6759 61.7212 59.943 59.459 54.8073 43.4739 47.2822 44.9135 40.2537 37.3913 36.1579 35.1659 33.9793 32.2692 30.7327 28.6764 53.4515 24.7255 23.7034 23.3528 23.0479 20.6109 27.591 20.2861 26.8953
threshold=95.416666666666671 19.125000000000007 18.308333333333334 231.62500000000003 1251.5000000000002 94.750000000000014 114.56666666666666 20.333333333333336 -0.56914560585155261 87.475000000000009 0.69828019292463062 19.941666666666674 76.479166666666671 1.4010237994715633 3319.5000000000005 16.510416666666671 2.5000000000000004 166.00000000000003 94.583333333333357 179.17500000000004 0.82959552889112953 17.941666666666674 1.5000000000000002 227.40833333333336 1.2500000000000002 19.452083333333338 180.33750000000001 96.250000000000014 171.06250000000003 9.5000000000000018
decision_type=2 2 2 2 2 2 2 2 2 2 2 2 2 2 2 2 2 2 2 2 2 2 2 2 2 2 2 2 2 2
left_child=1 3 15 5 7 14 25 9 -5 -3 12 26 -8 -6 19 -2 18 -7 -11 -1 21 -19 -22 -20 -18 -4 -12 28 -28 -30
right_child=2 4 6 8 13 17 10 -9 -10 16 11 -13 -14 -15 -16 -17 24 20 23 -21 22 -23 -24 -25 -26 -27 27 -29 29 -31
leaf_value=0.10458126087992453 -0.05467547386506786 0.031476706053654317 -0.033269043529405261 0.11771602442126206 0.19662020661994339 -0.031665705582399291 0.28286463048402244 0.22052323761038684 0.30719854007125247 0.20542481933262915 0.0024954163088149258 0.16821578553274014 0.054684112721761158 0.041938129349724497 0.0050783698035657011 -0.034721951756178558 0.1483513585675483 0.034405792680602829 0.083983517040817648 0.23989879761849731 0.12670159985135737 0.23280293218373038 0.0069260697030282909 0.18846382506106127 0.24771066583291459 0.1005151650818658 0.16538757430044779 -0.045467098624725165 0.1477200368316367 -0.0013538026993127569
leaf_weight=15.897861484438183 996.48010412231088 10.545276734977959 50.519560020416975 13.243194252252581 8.6292275227606314 26.74302327260375 5.8861837461590749 141.04082358255982 10.843365255743263 21.229411389678717 47.398341171443462 9.6997330933809263 6.5734699964523315 20.315291456878185 7.6781087443232527 486.58418219164014 12.1114812977612 13.500169008970262 27.801171522587538 9.7464883923530561 7.1972815282642832 7.6639533527195445 44.983101263642311 10.874826427549122 28.683692667633295 5.1041706576943389 8.8072601854801196 6.697772502899169 6.9904620908200767 11.564774747937916
leaf_count=245 26511 165 1164 142 113 583 114 1001 108 175 1007 130 128 259 121 12326 127 275 349 108 119 127 872 93 272 93 124 143 104 232
internal_value=-0.00164176 0.144021 -0.0405542 0.0733672 0.183588 0.0499594 0.0299906 0.194549 0.203018 0.161618 0.0573592 0.042991 0.162481 0.0880535 0.121233 -0.0481288 0.175246 0.0262301 0.145987 0.156011 0.0473401 0.106249 0.0234468 0.113361 0.218212 -0.0209927 0.0280797 0.0636829 0.0904006 0.054808
internal_weight=2081.03 438.728 1642.31 157.497 281.231 133.41 159.242 252.287 24.0866 111.246 103.618 91.1583 12.4597 28.9445 33.3225 1483.06 100.701 100.088 59.9054 25.6443 73.3445 21.1641 52.1804 38.676 40.7952 55.6237 81.4586 34.0603 27.3625 18.5552
internal_count=47330 5254 42076 2700 2554 2450 3239 2182 250 1181 1982 1740 242 372 474 38837 1016 1976 617 353 1393 402 991 442 399 1257 1610 603 460 336
is_linear=0
shrinkage=0.06


Tree=4
num_leaves=31
num_cat=0
split_feature=16 13 13 32 32 13 32 33 15 15 31 32 18 40 17 15 35 19 36 6 43 14 40 24 26 32 40 13 3 27
split_gain=2726.48 288.216 221.188 122.599 105.148 97.6459 79.2249 66.9833 47.51 47.2956 38.9966 37.7282 47.5557 74.8497 36.594 36.3063 33.5455 29.7845 26.6867 26.3551 25.3708 24.9865 20.0211 19.1052 17.9167 36.9297 16.6732 16.4741 16.1233 19.489
threshold=95.416666666666671 18.75833333333334 17.941666666666674 112.90000000000002 154.90000000000001 20.991666666666671 237.35000000000002 152.48333333333335 17.450694444444448 17.450694444444448 2.5000000000000004 166.15000000000001 94.9513888888889 15.450000000000001 95.562500000000014 17.363194444444449 149.21180555555557 93.500000000000014 313.60000000000008 2.5000000000000004 1.0000000180025095e-35 16.510416666666671 6.6500000000000012 1251.5000000000002 0.75211962008208466 91.200000000000003 15.65 19.941666666666674 1.5000000000000002 8.5000000000000018
decision_type=2 2 2 2 2 2 2 2 2 2 2 2 2 2 2 2 2 2 2 2 2 2 2 2 2 2 2 2 2 2
left_child=1 6 21 5 14 17 10 -6 -5 -8 -1 12 20 -14 24 -9 -17 -3 -18 -15 -10 -2 -13 26 27 -26 -19 -4 -12 -30
right_child=2 3 4 8 7 -7 9 15 11 -11 28 22 13 19 -16 16 18 23 -20 -21 -22 -23 -24 -25 25 -27 -28 -29 29 -31
leaf_value=0.098053990933204424 -0.054716568075251527 0.14741510766571153 -0.013517595243831684 0.070687990522420294 0.27596929412545113 0.17586654469823307 0.0564872408228657 0.010035734287388491 0.12823037598712236 0.22439334905768851 -0.0060283412154641305 0.14760363882072122 0.0029469256114010552 0.11893081894715507 -0.026050110889076356 0.23383872312585449 0.0066550399230073509 0.11249565229423014 0.14488867635443123 0.2250863223046502 0.2081873893986298 -0.036951426295566983 0.21445198064613211 -0.021365608490305922 -0.00066145408071142692 0.17670152938382189 0.031949079699588996 0.098810920420172588 -0.00037490926899905994 0.11971779892373449
leaf_weight=21.205527298152447 939.99916838482022 10.24166603758931 24.0727171599865 15.678326748311518 5.965927440673112 35.209231529384851 11.485689956694843 24.03876281529665 19.517375156283379 12.736307024955748 69.478680893778801 19.388819184154272 15.850615065544842 21.924433745443821 122.27401578426361 6.2165570333600071 10.262809898704292 13.379737604409454 9.8562386669218522 13.668366052210329 53.304646078497171 409.04355433955789 95.935132209211588 15.203808974474667 8.6820847466588038 8.2346367053687555 29.987923618406057 5.8407070487737647 10.426684282720091 9.1196437850594503
leaf_count=311 26309 107 512 143 95 238 114 428 151 100 1339 145 179 192 2907 96 215 179 124 117 348 10784 630 250 206 164 423 81 207 157
internal_value=-0.00155929 0.12146 -0.0401367 0.149502 0.014875 0.094598 0.0465224 0.0858655 0.171876 0.144775 0.0249325 0.178498 0.155561 0.111399 -0.00877685 0.0633512 0.112017 0.0530158 0.0743751 0.159697 0.186758 -0.04933 0.203213 0.0365094 0.0363238 0.0856744 0.0567992 0.00841496 0.00751512 0.0556562
internal_weight=2068.23 493.743 1574.49 359.29 225.444 104.022 134.453 56.3403 255.268 24.222 110.231 239.589 124.265 51.4434 169.104 50.3744 26.3356 68.8131 20.119 35.5928 72.822 1349.04 115.324 58.5715 46.8301 16.9167 43.3677 29.9134 89.025 19.5463
internal_count=47251 5330 41921 3102 4828 1197 2228 958 1905 214 2014 1762 987 488 3870 863 435 959 339 309 499 37093 775 852 963 370 602 593 1703 364
is_linear=0
shrinkage=0.06


Tree=5
num_leaves=31
num_cat=0
split_feature=13 17 29 38 38 15 32 32 14 38 31 32 21 40 22 38 29 28 33 40 25 42 15 41 21 14 38 9 4 6
split_gain=2217.66 229.31 179.936 159.367 81.3762 67.0285 61.7081 41.5358 41.5355 48.9372 36.0457 33.3076 56.8716 32.0951 26.3851 25.3863 23.0291 22.9985 29.4019 21.2039 19.5854 19.3363 36.7066 26.1507 19.2409 29.3931 36.5478 20.8161 17.4877 19.1661
threshold=18.75833333333334 95.729166666666671 3.5000000000000004 33.52291666666666 33.52291666666666 17.186805555555562 79.65000000000002 143.30000000000004 17.114583333333339 33.52291666666666 7.5000000000000009 92.90000000000002 1.238017355093864 12.950000000000001 -0.68717939615898149 -48.874999999999993 11.500000000000002 1.0000000180025095e-35 138.68333333333337 15.350000000000003 2661.5000000000005 76.229166666666671 17.272916666666671 9.7000000000000011 1.7044057326648263 20.556250000000002 62.389583333333334 1.2500000000000002 1.0000000180025095e-35 2.5000000000000004
decision_type=2 2 2 2 2 2 2 2 2 2 2 2 2 2 2 2 2 2 2 2 2 2 2 2 2 2 2 2 2 2
left_child=1 4 3 11 17 -5 16 -7 -3 -10 15 -2 19 -6 -9 -8 -4 -1 -19 -13 -20 22 23 -11 -17 26 27 -26 -29 -30
right_child=2 8 6 5 13 7 10 14 9 21 -12 12 -14 -15 -16 24 -18 18 20 -21 -22 -23 -24 -25 25 -27 -28 28 29 -31
leaf_value=-0.0086057338845592964 -0.0262106255857718 -0.050608861429499281 0.0025540496423448328 0.015554480178867763 0.1533820569653595 0.06902709105011684 0.094746867847671445 0.14518537438396745 -0.036238383098892338 0.12663264230128662 0.067622997813286415 0.062542808264983873 0.017162063251589713 0.042636173939527316 0.23857419529236865 0.20131692800690087 0.12044005554390942 -0.013308431541379435 0.16517367617271694 0.20405980492628328 0.045772104298182764 -0.0022319500151756224 0.19581529761142968 -0.042994233819600047 0.068084734696328406 0.17861648579907066 0.19961154564706948 0.074654121477858104 0.11668873589518217 0.19822764622721625
leaf_weight=113.32920109480619 37.024465870112181 1139.767218336463 15.008459094911816 13.506130956113337 20.748543452471495 12.724899131804703 23.44532360881567 21.612481798976656 185.24460688605905 5.3098977245390442 18.620509505271912 6.5382647588849059 62.153585512191057 17.2555817887187 21.95465232804418 34.882173370569944 9.9011676050722581 16.758376318961382 8.2669319845736045 9.1395134665071947 12.309562265872954 24.384468078613281 6.408098652958869 8.5245930254459363 25.723601415753365 86.803059533238411 22.177388481795788 13.790594413876532 23.63245576992631 18.503212329000235
leaf_count=2556 769 32952 222 160 188 165 188 143 4937 89 203 100 968 280 158 246 77 354 110 151 180 505 109 177 207 465 120 119 189 124
internal_value=-0.00271907 -0.037374 0.110461 0.0640888 0.0246399 0.135592 0.139737 0.164393 -0.0459165 -0.0226504 0.148146 0.0206361 0.0429212 0.103098 0.192247 0.154169 0.0494118 0.00484923 0.0456915 0.145042 0.0937436 0.0337525 0.0770999 0.0221113 0.160346 0.152849 0.131307 0.112755 0.133301 0.152495
internal_weight=2035.45 1558.31 477.142 184.654 188.668 69.7982 292.488 56.292 1369.64 229.872 267.578 114.856 77.8314 38.0041 43.5671 248.958 24.9096 150.664 37.3349 15.6778 20.5765 44.6271 20.2426 13.8345 225.512 190.63 103.827 81.6499 55.9263 42.1357
internal_count=47211 42437 4774 2614 3668 626 2160 466 38769 5817 1861 1988 1219 468 301 1658 299 3200 644 251 290 880 375 266 1470 1224 759 639 432 313
is_linear=0
shrinkage=0.06


Tree=6
num_leaves=31
num_cat=0
split_feature=17 31 14 38 37 38 17 21 37 13 42 42 14 41 5 4 22 0 32 38 12 35 12 29 22 26 30 7 7 19
split_gain=1967.91 279.374 140.66 118.233 65.3407 58.9451 91.0353 54.4972 50.1387 43.0202 34.1828 37.0255 32.0888 31.0771 28.0071 26.5711 25.4816 24.4001 21.9427 21.0934 24.0311 24.6276 21.3433 20.9217 20.4125 20.3804 16.8249 16.7197 27.9455 25.2194
threshold=95.645833333333357 6.5000000000000009 17.197916666666671 56.945833333333347 9.5000000000000018 18.570833333333336 94.645833333333357 0.82959552889112953 18.500000000000004 19.358333333333338 82.687500000000014 74.020833333333357 17.777083333333341 5.5500000000000007 68.500000000000014 1.0000000180025095e-35 -1.1086001740641434 40.500000000000007 133.30000000000004 16.222916666666688 73.7013888888889 130.16805555555558 72.048611111111128 6.5000000000000009 -0.64496355104012781 0.59443551510254478 32.500000000000007 0.70500000000000007 0.62500000000000011 95.500000000000014
decision_type=2 2 2 2 2 2 2 2 2 2 2 2 2 2 2 2 2 2 2 2 2 2 2 2 2 2 2 2 2 2
left_child=1 5 -2 19 -3 6 13 8 12 -9 11 -5 -6 26 -8 -11 -16 -18 23 24 21 22 -21 -7 27 -15 -1 28 -4 -30
right_child=2 4 3 10 7 18 14 9 -10 15 -12 -13 -14 25 16 -17 17 -19 -20 20 -22 -23 -24 -25 -26 -27 -28 -29 29 -31
leaf_value=0.12278201220346309 -0.050089334219558468 -0.027269558110752993 -0.010340867095073399 0.028533237409390382 -0.01134315762973964 0.050139502667524344 0.018105196411380607 0.0037548711333837389 0.23049262012838809 0.0078095246391354511 0.0086338259331053911 0.17897233584201541 0.12182129064453801 0.12610895451757367 0.051422712703549284 0.10134262497944829 0.16493594609591006 0.060909144809036336 0.16033009090616793 0.048369803022040712 -0.021803119513024098 0.0072679802616500968 0.21408688604827644 0.15514334356552148 -0.046250162587293656 0.058837923256631383 0.19298772357560531 -0.043262686545471281 0.15230077811006115 -0.031947634742083716
leaf_weight=19.001634575426579 1128.3765061460435 49.981458190828562 38.915745340287685 8.6306571178138274 10.252344075590374 14.253637738525869 37.606573082506657 76.945513553917408 9.8634937442839128 15.440997861325739 11.728433825075625 18.543906845152378 17.868152100592852 71.251606233417988 44.345194548368454 37.460864391177893 19.176321107894182 14.074938856065272 113.15523422509432 6.4261772111058253 35.69329597428441 17.603420600295067 4.9553917273879051 13.117835301905869 103.51176304370165 20.98865345492959 34.785306975245476 27.738523211330175 8.3679916225373727 3.9306744746863833
leaf_count=112 34010 1123 983 120 209 149 509 1418 92 169 166 202 276 429 443 387 233 197 652 147 765 363 99 79 2787 194 171 708 205 106
internal_value=-0.0015025 0.0876686 -0.0405627 -0.00298282 0.0329494 0.117335 0.100478 0.0508831 0.114098 0.032391 0.0942438 0.131193 0.0732714 0.131938 0.0606007 0.0740422 0.0811958 0.120902 0.148669 -0.0182874 0.0111542 0.0517391 0.120521 0.100463 -0.0287235 0.110802 0.168186 -0.00574506 0.0145751 0.0934147
internal_weight=2033.99 619.57 1414.42 286.046 217.813 401.757 261.23 167.831 37.984 129.847 38.903 27.1746 28.1205 146.027 115.203 52.9019 77.5965 33.2513 140.527 247.143 64.6783 28.985 11.3816 27.3715 182.465 92.2403 53.7869 78.9529 51.2144 12.2987
internal_count=47503 6842 40661 6651 3674 3168 2288 2551 577 1974 488 322 485 906 1382 556 873 430 880 6163 1374 609 246 228 4789 623 283 2002 1294 311
is_linear=0
shrinkage=0.06


Tree=7
num_leaves=31
num_cat=0
split_feature=16 13 13 16 32 32 22 7 13 38 21 7 6 38 31 16 41 31 15 15 17 13 20 13 15 38 23 25 21 9
split_gain=1810.77 213.86 102.14 70.3852 70.7502 43.8433 36.0253 35.1091 33.0346 32.8265 30.1572 29.0047 28.2657 26.6238 26.539 21.5301 23.9407 20.7047 20.4291 19.3704 18.1474 17.4588 18.7721 15.8886 15.1945 15.1932 14.9651 14.4013 14.0347 12.899
threshold=95.583333333333357 18.441666666666674 17.941666666666674 94.750000000000014 130.95000000000002 122.30000000000001 -0.91953820376387785 0.59500000000000008 19.625000000000007 33.52291666666666 0.65942656747944384 0.57500000000000007 4.5000000000000009 53.939583333333331 15.500000000000002 94.083333333333357 12.15 1.5000000000000002 18.546527777777779 17.547916666666669 96.562500000000014 17.558333333333337 2.0337697462247779 19.941666666666674 18.177083333333339 56.945833333333347 1.0000000180025095e-35 2485.5000000000005 0.61952919818678265 2.1500000000000008
decision_type=2 2 2 2 2 2 2 2 2 2 2 2 2 2 2 2 2 2 2 2 2 2 2 2 2 2 2 2 2 2
left_child=1 9 20 15 8 -4 13 10 28 12 -7 17 -1 18 24 -3 -17 -10 -6 -8 -2 -11 -23 -20 -12 -16 -21 -19 -5 -18
right_child=2 3 5 4 6 7 19 -9 11 21 14 -13 -14 -15 25 16 29 27 23 26 -22 22 -24 -25 -26 -27 -28 -29 -30 -31
leaf_value=-0.011497258526418513 -0.035676210915622057 0.14515510366448689 -0.027484188932943684 0.075534306662848452 -0.011988712204929858 0.1787751046294134 0.071611326905442793 -0.0070429142920457244 0.17146680650456031 0.013700791552150621 0.056053688815370414 0.010999713557063291 0.086510248873256909 0.12469971773318915 -0.031564474387948876 0.11833060896956221 0.022713264548397692 0.11130626018168439 0.027731493583619246 0.10337252518371151 -0.052138351821911399 0.15203759876963363 0.04721629434823045 0.12316740886508103 0.168827788365944 0.089021361002498869 0.17089609627494592 0.022218286912657013 -0.018185227627970799 0.10330207901385326
leaf_weight=92.804112769663334 344.45365886762738 87.692910619080067 98.455444902181625 6.8769146539270869 15.344523578882216 7.3376854099333277 14.193238776177166 45.641283523291349 10.292377687990664 15.665886301547287 11.516114313155414 21.103025160729885 11.958686679601668 21.889862801879644 15.115010354667904 156.82697557657957 15.922486394643785 14.485528849065306 12.448617070913317 17.054717909544706 803.21119450032711 11.222669117152693 13.608927235007284 12.673691876232622 6.8648670502006999 5.0076861493289462 38.467652700841427 11.897596001625059 35.17633293569088 12.97769336029887
leaf_count=1920 10378 419 2445 125 160 111 134 907 85 228 176 246 238 120 334 906 129 138 135 165 25768 114 132 75 99 71 277 144 641 98
internal_value=-0.000518521 0.0815857 -0.0404525 0.10003 0.075715 0.000303122 0.104528 0.0302084 0.0375968 0.017424 0.0672971 0.0670423 -0.000309689 0.0713941 0.0460526 0.120652 0.109083 0.099289 0.0425594 0.134164 -0.0471975 0.0632994 0.0945904 0.075877 0.0981722 -0.00155577 0.150155 0.0711316 -0.00285939 0.0589019
internal_weight=1988.19 650.584 1337.6 505.324 231.904 189.938 132.072 91.4826 99.8318 145.26 45.8414 57.7785 104.763 62.3567 38.5037 273.42 185.727 36.6755 40.4668 69.7156 1147.66 40.4975 24.8316 25.1223 18.381 20.1227 55.5224 26.3831 42.0532 28.9002
internal_count=46918 6629 40289 3997 2445 4143 1066 1698 1379 2632 791 613 2158 490 680 1552 1133 367 370 576 36146 474 246 210 275 405 442 282 766 227
is_linear=0
shrinkage=0.06


Tree=8
num_leaves=31
num_cat=0
split_feature=16 14 38 14 17 38 36 41 29 9 33 21 40 38 16 9 25 38 6 0 14 34 38 25 37 42 41 42 30 25
split_gain=1535.93 209.907 141.86 84.3145 60.095 37.4751 37.0852 45.535 28.8244 25.6974 25.3119 24.1653 24.58 21.7441 21.258 23.341 20.9688 18.4423 19.8189 18.2264 17.6696 17.4896 15.2339 13.9427 12.8838 15.1766 13.8168 19.2088 13.7999 13.1179
threshold=95.750000000000014 19.452083333333338 16.222916666666688 17.902083333333341 96.020833333333357 62.389583333333334 203.00000000000003 5.4500000000000011 16.500000000000004 0.45000000000000007 120.4166666666667 1.1027794750200537 16.050000000000004 74.372916666666654 94.750000000000014 2.0500000000000003 3582.5000000000005 53.939583333333331 1.5000000000000002 46.500000000000007 16.152083333333341 171.82500000000002 23.731249999999999 1948.5000000000002 6.5000000000000009 71.895833333333357 11.800000000000002 68.187500000000014 1.5000000000000002 3582.5000000000005
decision_type=2 2 2 2 2 2 2 2 2 2 2 2 2 2 2 2 2 2 2 2 2 2 2 2 2 2 2 2 2 2
left_child=1 2 9 17 5 24 7 -3 19 -1 -5 -12 13 -13 -8 -16 -11 -4 -19 23 -6 -17 -22 -9 -2 26 -26 -28 -29 -27
right_child=4 6 3 10 20 -7 14 8 -10 16 11 12 -14 -15 15 21 -18 18 -20 -21 22 -23 -24 -25 25 29 27 28 -30 -31
leaf_value=0.083629129823215173 -0.051153878367260236 0.16098629712641663 -0.012001522011861328 0.018314770474977118 -0.054197828857455679 0.10009328815340417 0.12559251279648251 0.053343265874486609 0.12691927152140403 0.012871681580999746 0.14475346989554647 0.033481838664452541 0.12677366410711333 0.12253581121834729 0.049603466824066605 0.069481215602209878 -0.027890691566653553 -0.011369682644018615 0.10220238908159329 0.075317716676462476 -0.044957367262241116 0.1544066539284786 -0.019968493223733577 -0.021977930282352259 0.10255379685487236 0.0045067499331268926 -0.056105758494810344 0.15150515843579695 0.009582849603540701 -0.047698779428593505
leaf_weight=13.650278022512792 27.143397781997919 15.926319178193806 36.149313637986779 12.32818168774247 616.87520321831107 11.17645790427923 173.02710435166955 14.040961336344479 13.854452915489672 129.14502679929137 43.198555134236813 32.385467305779457 35.734858997166157 14.197643522173164 32.853343047201633 14.818000338971613 70.087363535538316 9.2299642488360423 13.80417290702462 21.21600004285574 354.59091635979712 21.247707240283489 116.73973330110312 23.919004824012518 7.5511468276381519 38.116940326988697 9.2231186162680405 3.9296625517308694 6.6242118589580059 31.769381863996387
leaf_count=243 804 86 682 167 20931 126 843 122 73 2275 333 317 244 77 266 118 1515 114 163 185 11229 135 3306 248 160 914 246 114 173 841
internal_value=-0.00154473 0.0666413 0.0379457 0.0746352 -0.0428224 -0.00514709 0.102188 0.0690623 0.0490157 0.00398853 0.100354 0.108411 0.08934 0.0606238 0.114368 0.0861881 -0.00146799 0.0147344 0.0566931 0.0307767 -0.0475148 0.119514 -0.0387681 0.00588253 -0.0146054 -0.00440064 0.0335102 0.00714835 0.0624266 -0.0192252
internal_weight=1964.55 740.814 409.911 197.028 1223.74 135.534 330.903 88.9567 73.0304 212.883 137.845 125.517 82.318 46.5831 241.946 68.9191 199.232 59.1835 23.0341 59.176 1088.21 36.0657 471.331 37.96 124.358 97.2145 27.3281 19.777 10.5539 69.8863
internal_count=47050 8206 6130 2097 38844 3378 2076 714 628 4033 1138 971 638 394 1362 519 3790 959 277 555 35466 253 14535 370 3252 2448 693 533 287 1755
is_linear=0
shrinkage=0.06


Tree=9
num_leaves=31
num_cat=0
split_feature=16 13 14 32 13 38 15 38 42 21 19 7 13 29 36 30 40 31 3 11 14 1 2 12 31 38 24 21 38 35
split_gain=1357.45 210.63 64.1542 46.6602 60.8893 46.3642 39.8449 33.1338 31.0645 26.1831 25.7014 22.5178 21.2131 20.8902 20.7907 18.062 17.8855 16.4114 15.944 15.3974 14.939 12.0058 11.392 13.8064 10.8135 13.8893 10.7121 11.0387 10.3411 14.8401
threshold=95.750000000000014 18.925000000000004 17.197916666666671 130.95000000000002 20.991666666666671 28.568750000000019 17.272916666666671 33.52291666666666 78.062500000000014 1.238017355093864 93.500000000000014 0.57500000000000007 20.333333333333336 7.5000000000000009 248.95000000000002 1.5000000000000002 12.950000000000001 1.0000000180025095e-35 1.5000000000000002 74.854166666666671 19.452083333333338 1.0000000180025095e-35 23.450000000000003 81.784722222222243 1.5000000000000002 -48.874999999999993 1397.5000000000002 1.7044057326648263 -38.53749999999998 186.53055555555559
decision_type=2 2 2 2 2 2 2 2 2 2 2 2 2 2 2 2 2 2 2 2 2 2 2 2 2 2 2 2 2 2
left_child=1 5 -2 4 10 13 21 20 16 -5 -3 -11 18 17 15 -9 -8 -1 -13 -12 22 -7 23 -4 -21 -26 27 -27 -19 -30
right_child=2 3 7 9 -6 6 8 14 -10 11 19 12 -14 -15 -16 -17 -18 28 -20 24 -22 -23 -24 -25 25 26 -28 -29 29 -31
leaf_value=0.072832225168363351 -0.048999552634809734 0.098380576236723999 -0.014359500698186695 0.14617453051150092 0.11043529872557087 0.051049851811707438 0.1463430992378012 0.1488338685280774 0.015186577300565987 0.1074518689615984 -0.021124732256578384 0.029069387049559841 0.10616213933515507 0.078420970047841709 -0.00064648324427953366 0.028575899969310856 0.061554935417276441 -0.044099961514529142 0.099790326843998842 0.072752674421528676 0.092847761998668787 -0.024601770954920252 -0.038933533919667744 0.10043482318053754 -0.039022129839704829 0.085256313120976618 -0.021520859881928756 0.02826640818164039 -0.0090311824286341408 0.054983929931718897
leaf_weight=9.4020669404417259 957.41866014152765 22.951176602393389 57.448140377178788 38.323065526783466 65.192830566316843 11.695812989026306 24.201412111520767 8.0831101387739199 15.874165825545786 148.04288274049759 18.596206914633512 43.287224877625704 36.236529350280762 11.761547952890394 27.60068828612566 10.131871294230221 14.21822341904044 25.113066721707582 15.616604730486868 24.722120549529791 3.788005754351615 21.314592422917485 112.63795904628932 4.0367888361215583 9.9515437521040422 18.381356291472912 9.5508645698428136 36.59576315805316 122.5332396440208 14.589076586067675
leaf_count=140 33252 152 1635 225 324 182 181 125 167 789 284 317 166 133 490 176 164 569 104 218 58 337 3226 104 121 234 155 399 2647 291
internal_value=-0.00202222 0.0606341 -0.04224 0.0842018 0.0624981 0.0181965 0.0541861 -0.0133129 0.0857922 0.100079 0.0402944 0.0928154 0.0700404 0.00106426 0.0321882 0.0819418 0.114965 -0.00423665 0.0478189 0.0289771 -0.0250304 0.00220212 -0.0275948 -0.00682269 0.0383692 0.0269562 0.0371314 0.0473207 -0.00870304 -0.00222032
internal_weight=1939.3 758.151 1181.15 487.448 205.942 270.703 87.3042 223.727 54.2938 281.506 140.749 243.183 95.1404 183.399 45.8157 18.215 38.4196 171.637 58.9038 117.798 177.911 33.0104 174.123 61.4849 99.2016 74.4795 64.528 54.9771 162.235 137.122
internal_count=47365 8299 39066 3488 1887 4811 1031 5814 512 1601 1563 1376 587 3780 791 301 345 3647 421 1411 5023 519 4965 1739 1127 909 788 633 3507 2938
is_linear=0
shrinkage=0.06


Tree=10
num_leaves=31
num_cat=0
split_feature=17 31 14 38 13 32 38 18 22 21 42 13 17 32 34 41 37 31 10 37 14 7 27 25 10 29 24 38 25 1
split_gain=1120.22 129.271 90.6542 77.8504 39.9174 46.0552 39.189 32.6043 28.8498 26.062 24.4288 17.5053 17.3745 13.974 13.9721 14.1515 13.5706 21.2574 17.1259 22.763 18.6114 14.7292 13.4994 12.4748 12.432 12.2631 15.2404 13.9935 11.9518 11.7768
threshold=95.729166666666671 6.5000000000000009 17.114583333333339 56.945833333333347 20.333333333333336 141.70000000000002 33.52291666666666 96.395833333333329 -0.64496355104012781 0.82959552889112953 89.395833333333343 19.125000000000007 94.312500000000014 91.200000000000003 151.15000000000003 6.0500000000000007 10.500000000000002 31.500000000000004 76.083333333333357 12.500000000000002 19.452083333333338 0.62500000000000011 11.500000000000002 1948.5000000000002 79.750000000000014 5.5000000000000009 100.50000000000001 74.372916666666654 1948.5000000000002 1.0000000180025095e-35
decision_type=2 2 2 2 2 2 2 2 2 2 2 2 2 2 2 2 2 2 2 2 2 2 2 2 2 2 2 2 2 2
left_child=1 4 -2 28 5 12 10 29 25 -8 16 -11 -1 -14 15 -6 17 -3 -18 -20 -21 -19 -15 -17 -24 27 -27 -7 -4 -5
right_child=2 6 3 7 14 8 9 -9 -10 11 -12 -13 13 22 -16 23 18 21 19 20 -22 -23 24 -25 -26 26 -28 -29 -30 -31
leaf_value=0.085572539648164941 -0.046910883891854355 -0.043554119814080576 0.039568277629316327 0.15140694258968976 0.11509481443475414 0.030538352143289049 0.11369437262361054 0.0071595130999584531 0.12291128048770054 -0.0058268893118977108 0.11322764175312769 0.075628797315843779 -0.020218435842065469 0.0088986436052582267 0.10510565504912672 0.089221478411453503 -0.01108536652520793 -0.0032303794891895307 0.12921896805213412 0.0034149573539865355 0.067987939806481323 0.11516256713274527 0.014846028561534514 0.029115095281206305 0.10109926483944721 0.11655458237973718 0.052361658786181174 0.097730739641374034 -0.024520734175426908 0.067934377147134531
leaf_weight=15.829378101974724 911.73943688347936 39.015779389068484 11.009695125743745 12.938827805221081 20.085272170603275 47.641702421009541 23.85085991024971 18.876709818840027 41.085687004029751 19.579267330467701 7.918600555509328 18.446182016283274 25.357163773849607 35.158879177644849 143.70395120978355 22.186541058123112 52.600642293691635 11.105062117800118 7.9372716508805743 54.334305360913277 22.816273368895054 5.737370377406477 10.038157727569343 28.269357647746801 15.012974996119736 27.512425851076841 25.800529010593891 14.570621237158774 215.85263416543603 11.486430644989014
leaf_count=101 33013 890 260 116 94 401 204 271 269 225 115 120 416 437 643 112 1000 284 124 985 194 148 121 171 128 159 146 69 5952 116
internal_value=-0.00168587 0.056445 -0.0378654 -0.00733898 0.0752276 0.0593317 0.022762 0.0663827 0.0797291 0.0645269 0.00993468 0.0336873 0.0278271 0.0171446 0.0943704 0.0725008 0.00570864 -0.0192352 0.015828 0.0324656 0.0225116 0.0371001 0.0328798 0.0555452 0.066537 0.0643717 0.0854887 0.0462753 -0.0214105 0.112152
internal_weight=1917.5 735.594 1181.9 270.164 472.253 258.008 263.342 43.302 156.611 61.8763 201.465 38.0254 101.397 85.5672 214.245 70.5412 193.547 55.8582 137.688 85.0879 77.1506 16.8424 60.21 50.4559 25.0511 115.525 53.313 62.2123 226.862 24.4253
internal_count=47284 7556 39728 6715 3267 2247 4289 503 1044 549 3740 345 1203 1102 1020 377 3625 1322 2303 1303 1179 432 686 283 249 775 305 470 6212 232
is_linear=0
shrinkage=0.06


Tree=11
num_leaves=31
num_cat=0
split_feature=17 31 14 37 41 37 7 34 7 17 2 21 6 2 26 17 29 26 22 31 4 13 34 36 41 31 4 14 10 7
split_gain=1037.06 115.562 73.9968 37.7363 35.3059 32.9253 37.5645 28.6938 29.1589 26.1142 24.5187 24.1681 21.6545 21.4527 19.7449 18.9039 15.8327 23.2926 22.5393 15.7181 15.5027 15.3557 15.0072 13.9886 18.3927 13.8755 12.9352 12.8859 12.3083 12.2998
threshold=95.729166666666671 6.5000000000000009 17.114583333333339 19.500000000000004 7.0500000000000007 9.5000000000000018 0.51000000000000012 120.1375 0.41500000000000004 95.020833333333357 24.750000000000004 0.98478804598926584 1.0000000180025095e-35 27.450000000000003 0.91316203035850751 94.854166666666671 3.5000000000000004 0.73789925259087885 -0.85378942143893244 31.500000000000004 1.0000000180025095e-35 18.441666666666674 183.04791666666668 225.45000000000002 5.5500000000000007 20.500000000000004 1.0000000180025095e-35 16.293750000000006 76.750000000000014 0.62500000000000011
decision_type=2 2 2 2 2 2 2 2 2 2 2 2 2 2 2 2 2 2 2 2 2 2 2 2 2 2 2 2 2 2
left_child=1 7 27 22 -5 19 9 8 -1 -7 -6 21 13 -9 28 -10 18 23 -14 -3 -13 26 -4 24 -18 -12 -8 -2 -11 -21
right_child=2 5 3 4 10 6 11 12 15 14 25 20 16 -15 -16 -17 17 -19 -20 29 -22 -23 -24 -25 -26 -27 -28 -29 -30 -31
leaf_value=0.093072448674383385 -0.051268131015651107 -0.043287020717706737 -0.029470920814205367 -0.019065261314764728 0.011326137125082307 0.11478283735059909 0.082351996963455312 -0.0065087614239004591 0.039679341667365781 -0.016439903946453994 0.13661741080865605 -0.03341814927772626 0.021897569041382764 0.083577633997383105 0.12183387785533835 -0.039259771720201481 0.11149676904642936 0.14723611334880413 0.083493348430008801 -0.0089106707209095377 0.015493073778218514 0.099673526185014516 0.054297781849766108 0.09132665041026819 0.03853120353535669 0.044470512111444337 -0.017402101965400981 -0.035562600637268231 0.050232468753340101 0.10072112067569933
leaf_weight=20.793884228914976 602.13363438285887 35.757974799722433 170.05889555998147 38.687148492783308 20.996040668338537 26.043947283178568 7.5880513880401859 21.103256803005934 26.533993396908045 16.703462474048138 14.678009033203127 34.914281951263547 34.972444530576468 17.331803787499666 8.9035001955926401 18.560559054836631 17.16999326646328 22.3611667342484 55.052740570157766 11.162500265985729 70.304175779223442 16.146908953785896 8.0641909763216955 193.99069656431675 45.116784241050482 9.8177466578781587 12.209260389208794 273.48666766658425 24.720045661553741 5.4989577867090693
leaf_count=179 23436 855 4922 913 330 216 130 170 210 284 173 571 305 110 118 335 80 116 440 287 1007 156 91 981 287 194 207 9684 336 127
internal_value=-0.00198904 0.0531495 -0.0379885 -0.0100336 0.023071 0.0218265 0.0321127 0.0710267 0.0342929 0.0660106 0.0589046 0.0137735 0.0769721 0.0341146 0.0407712 0.00718863 0.0814402 0.0885078 0.059565 -0.0208598 -0.000736971 0.0562495 -0.0256784 0.0833835 0.0586449 0.0996855 0.0208323 -0.0463627 0.0233477 0.0272723
internal_weight=1880.86 742.94 1137.92 262.302 84.1789 269.953 217.534 472.987 65.8884 76.371 45.4918 141.163 407.099 38.4351 50.327 45.0946 368.664 278.639 90.0252 52.4194 105.218 35.9442 178.123 256.277 62.2868 24.4958 19.7973 875.62 41.4235 16.6615
internal_count=47250 7507 39743 6623 1610 4294 3025 3213 724 954 697 2071 2489 280 738 545 2209 1464 745 1269 1578 493 5013 1348 367 367 337 33120 620 414
is_linear=0
shrinkage=0.06


Tree=12
num_leaves=31
num_cat=0
split_feature=16 13 13 32 30 42 38 17 42 13 32 21 26 21 25 21 31 42 38 9 30 26 23 30 21 21 23 27 31 11
split_gain=935.295 127.212 51.4783 43.4723 27.1659 26.1442 25.207 29.6051 24.4955 22.6201 24.0261 19.583 19.4289 16.6659 21.8486 17.2912 16.0894 16.0731 14.3389 15.3767 14.2713 14.0978 13.5996 14.5124 13.5278 12.7718 12.5269 11.9645 11.9604 11.4496
threshold=95.750000000000014 18.75833333333334 18.308333333333334 88.450000000000017 77.500000000000014 88.562500000000014 62.389583333333334 94.645833333333357 81.750000000000014 17.558333333333337 141.70000000000002 0.87811739521908916 0.88109187050815296 1.1027794750200537 3582.5000000000005 3.2193572271459456 13.500000000000002 71.104166666666671 33.52291666666666 0.75000000000000011 5.5000000000000009 0.63222892335864456 -0.23333333333333159 28.500000000000004 0.74013718778804105 0.27535748885756922 0.21249999999999944 11.500000000000002 1.5000000000000002 81.479166666666671
decision_type=2 2 2 2 2 2 2 2 2 2 2 2 2 2 2 2 2 2 2 2 2 2 2 2 2 2 2 2 2 2
left_child=1 9 12 4 22 6 7 -5 13 -1 25 -12 -2 26 15 17 -13 21 19 -4 -19 -15 -3 -24 -20 -11 -9 -22 -27 -10
right_child=2 3 18 5 -6 -7 -8 8 29 10 11 16 -14 14 -16 -17 -18 20 24 -21 27 -23 23 -25 -26 28 -28 -29 -30 -31
leaf_value=-0.013245508319418564 -0.029145473033157412 -0.018724051956640893 0.084799389454756027 0.079381375303325452 0.11477078035102919 0.13047682699978547 0.098235285722915872 0.13187506410290886 -0.017159825239315425 0.060390734573282596 0.0896109321111528 0.049060056086491027 -0.04896900351965798 0.07057889078968077 -0.018248259656485771 -0.0045186336583068103 -0.011674965182545034 0.11946897492101656 0.10550937668442914 -0.021824699146465763 0.026362779841482342 -0.017334056185709667 0.013688356168641334 0.099831096228052404 0.012682325495721696 0.067664097284301714 0.062409073973199211 0.091602121832636371 -0.026663276373309099 0.050453434701763944
leaf_weight=90.613109689205885 236.18690958060324 32.847903721034527 5.2794672567397347 158.65345871075988 10.123271673917769 24.288388136774302 74.754612095654011 15.273106094449757 28.860052809119225 9.1337379086762649 24.614954454824328 43.564203236252069 722.31669604219496 12.77509641647339 17.182605657726526 15.147471047937868 24.551893565803766 22.568575900048018 7.5986012667417553 62.653602454811335 19.667015425860882 13.512396302074192 30.75169675424695 9.1310794427990896 22.058466326445341 5.4138603992760173 24.079623736441135 20.847171451896429 45.589604424312711 13.112979866564272
leaf_count=2093 8174 383 131 737 50 129 340 122 247 182 238 438 28854 85 202 108 373 195 104 1577 152 143 416 47 301 86 160 133 988 94
internal_value=-0.00295986 0.0465502 -0.0398574 0.0626943 0.0226823 0.0698898 0.0665181 0.0599625 0.0447878 0.0105081 0.0245881 0.0437436 -0.0440842 0.0554272 0.0444518 0.0547596 0.0271686 0.0648067 0.00165771 -0.0135383 0.0812324 0.0253895 0.00986461 0.0334106 0.0364661 -0.00494953 0.0893694 0.0599326 -0.0166507 0.00396353
internal_weight=1843.15 787.058 1056.09 543.577 82.854 460.723 436.434 361.68 203.026 243.481 152.868 92.7311 958.504 161.053 121.7 104.518 68.1161 89.3703 97.5901 67.9331 63.0828 26.2875 72.7307 39.8828 29.6571 60.1372 39.3527 40.5142 51.0035 41.973
internal_count=47282 8141 39141 3743 896 2847 2718 2378 1641 4398 2305 1049 37028 1300 1018 816 811 708 2113 1708 480 228 846 463 405 1256 282 285 1074 341
is_linear=0
shrinkage=0.06


Tree=13
num_leaves=31
num_cat=0
split_feature=14 13 14 32 38 21 32 29 19 41 13 2 10 6 41 14 21 39 37 42 16 32 32 38 28 25 25 6 25 40
split_gain=832.026 113.569 61.764 54.4223 40.293 39.1716 29.8796 39.7023 20.7912 18.0211 16.9073 14.5467 16.7296 17.5594 14.5223 18.3408 30.699 13.8361 14.1803 13.3176 13.1592 12.7337 12.5628 11.6147 11.5761 10.9569 10.7247 10.2856 10.4356 9.72916
threshold=17.902083333333341 19.358333333333338 16.510416666666671 137.80000000000004 45.354166666666679 1.238017355093864 154.90000000000001 7.5000000000000009 94.500000000000014 5.4500000000000011 17.941666666666674 23.800000000000001 86.250000000000014 2.5000000000000004 7.0500000000000007 17.114583333333339 0.92924143770553969 221.50625000000002 7.5000000000000009 78.375000000000014 95.916666666666671 230.25000000000003 87.550000000000011 45.354166666666679 1.5000000000000002 2485.5000000000005 1948.5000000000002 4.5000000000000009 3797.5000000000005 8.2500000000000018
decision_type=2 2 2 2 2 2 2 2 2 2 2 2 2 2 2 2 2 2 2 2 2 2 2 2 2 2 2 2 2 2
left_child=2 3 -1 24 20 10 7 11 21 -9 19 12 13 -3 -6 -16 -17 18 -11 -5 27 -7 -13 25 -2 -8 -24 -4 -29 -10
right_child=1 6 4 5 14 8 23 9 29 17 -12 22 -14 -15 15 16 -18 -19 -20 -21 -22 -23 26 -25 -26 -27 -28 28 -30 -31
leaf_value=-0.049105208942235218 -0.018387499530121046 -0.0055747171911603331 -0.017102653825344934 0.079159933525782503 -0.023266111122972593 0.021006840912862462 0.083548596301391526 0.10382868544742235 -0.044106147628542661 0.070036229892430052 0.098314202862861924 -0.036551530738292801 0.10111468094565614 0.072547297694620039 -0.013583063561156761 0.12421365041733358 0.016810501706153662 0.075642622605019333 -0.001533621118715033 -0.024879960568903511 -0.036668513406420931 0.070231172664535699 0.074028613346840605 0.099339788980545837 0.049375545073696896 0.037682652412112119 0.010194824653448202 0.11042158435860606 -0.014133396275706159 0.0099153705387483772
leaf_weight=624.81322599202394 117.231739314273 22.704225987195969 95.854906965047121 9.0961390137672442 23.15976670011878 56.161234226077795 55.103560272604227 46.79438566416502 19.605681147426367 18.419977240264416 42.239082776010036 16.104355271905661 16.703757274895906 19.047082325443625 20.846415301784873 14.944431087002156 26.693081138655543 68.792538084089756 21.715358473360538 8.6329213213175517 234.03006305173039 28.52976106107235 11.938083089888094 86.168752938508987 9.8372383490204793 28.421400915831327 45.927420992404222 4.8145027961581928 4.8721535298973322 30.944751357659698
leaf_count=26538 2710 237 2445 119 464 566 249 204 402 111 320 242 113 156 653 151 386 337 123 153 8489 187 77 364 130 161 424 98 113 567
internal_value=-0.00223024 0.0447047 -0.0371006 0.0174186 -0.019461 0.0373112 0.0639117 0.052149 0.0194138 0.0726872 0.077674 0.0279976 0.0503676 0.0300648 0.0173163 0.0323582 0.0553594 0.0593091 0.0313131 0.0284991 -0.0287366 0.037589 0.0103196 0.0838853 -0.0131415 0.0679416 0.0233642 -0.0111483 0.0477734 -0.0110366
internal_weight=1830.15 780.119 1050.03 322.279 425.215 195.21 457.841 288.147 135.241 155.722 59.9681 132.425 58.4551 41.7513 85.6437 62.4839 41.6375 108.928 40.1353 17.7291 339.572 84.691 73.9699 169.694 127.069 83.525 57.8655 105.542 9.68666 50.5504
internal_count=47289 7952 39337 5154 12799 2314 2798 2024 1722 775 592 1249 506 393 1654 1190 537 571 234 272 11145 753 743 774 2840 410 501 2656 211 969
is_linear=0
shrinkage=0.06


Tree=14
num_leaves=31
num_cat=0
split_feature=16 16 13 34 13 38 38 34 7 25 40 37 6 32 39 28 38 38 32 25 7 2 14 15 7 27 14 22 25 41
split_gain=801.124 82.2166 48.6664 36.6286 30.9249 28.6264 27.4471 22.5325 22.294 21.123 19.0669 17.5962 25.9681 17.5448 16.7664 14.5674 16.2068 17.9799 14.6964 18.6754 13.4261 12.969 12.9281 12.6877 12.2815 12.236 11.372 15.599 15.2075 12.2247
threshold=95.750000000000014 95.083333333333357 17.308333333333337 165.41666666666669 20.991666666666671 29.660416666666652 62.389583333333334 213.12083333333339 0.67500000000000016 1698.5000000000002 8.2500000000000018 9.5000000000000018 6.5000000000000009 249.75000000000003 368.15833333333336 2.5000000000000004 -16.23749999999999 -13.35416666666667 130.95000000000002 2254.5000000000005 0.40500000000000008 24.300000000000001 18.477083333333336 17.104861111111116 0.56500000000000006 9.5000000000000018 17.902083333333341 -0.85378942143893244 2485.5000000000005 5.9000000000000012
decision_type=2 2 2 2 2 2 2 2 2 2 2 2 2 2 2 2 2 2 2 2 2 2 2 2 2 2 2 2 2 2
left_child=1 4 -2 15 5 8 -4 -8 9 -1 -5 20 24 14 26 16 -3 -18 -19 -20 -11 -21 -7 -9 25 -13 -12 28 -28 -29
right_child=2 3 6 10 -6 22 7 23 -10 11 13 12 -14 -15 -16 -17 17 18 19 21 -22 -23 -24 -25 -26 -27 27 29 -30 -31
leaf_value=0.084032340476128606 -0.045727582582458536 -0.024431057627802205 -0.022368882509348001 -0.00059786121546238935 0.083877173212525566 0.040483853846201283 0.12299409782355206 -0.031653752225032701 0.0014832353261346664 0.05143376082347504 0.0065532806766639869 0.015659730766396509 0.11367527162884809 0.09886175754488713 -0.015438290780666667 0.0929665550676569 0.10325185906427055 -0.015001087053189687 0.11693783470585598 0.046290244504325756 -0.039474736593801865 -0.02346908328408508 0.0870134703794921 0.059891880501001415 0.0039306198142896286 0.060392664867458631 0.079556311316040657 0.062174010652447084 -0.0058156113958434856 0.14693908647420312
leaf_weight=43.506430480629206 735.47967132925987 70.102784927934408 209.40046222694218 29.779680302366614 121.07331855222583 29.192349199205637 8.2805217467248458 12.872037583962085 48.085214603692293 8.904678877443077 14.694498451426623 32.043974746018648 17.621369853615761 24.012299317866564 15.59407772310078 6.0171471759676924 7.3416005037724963 54.830283027142286 7.595429476350545 20.73459393158555 17.040366340428591 17.856356492266059 81.5490463078022 9.4524624757468683 32.251570079475641 70.324005421251059 15.064770210534332 13.23720539361239 14.981711097061632 11.39990124106407
leaf_count=239 31766 1464 6627 401 525 187 118 299 429 88 275 272 127 164 142 52 122 1149 88 362 254 307 382 104 266 417 136 132 193 114
internal_value=-0.00126757 0.0422589 -0.038072 0.0186618 0.0574656 0.049062 -0.0146118 0.0384621 0.0385182 0.0465511 0.0419497 0.0373995 0.0451832 0.0535757 0.0407783 0.00114463 -0.00195132 0.012592 0.00600313 0.0309383 -0.00827375 0.014012 0.0747479 0.00710777 0.0362178 0.04639 0.0534141 0.0660065 0.0369883 0.101396
internal_weight=1800.32 824.835 975.485 323.242 501.592 380.519 240.005 30.605 269.778 221.692 138.764 178.186 152.241 108.984 84.9722 184.478 178.461 108.358 101.017 46.1864 25.945 38.591 110.741 22.3245 134.62 102.368 69.3781 54.6836 30.0465 24.6371
internal_count=47201 8287 38914 5101 3186 2661 7148 521 2092 1663 1557 1424 1082 1156 992 3544 3492 2028 1906 757 342 669 569 403 955 689 850 575 329 246
is_linear=0
shrinkage=0.06


Tree=15
num_leaves=31
num_cat=0
split_feature=17 31 25 26 32 16 32 29 38 13 21 35 40 22 18 5 25 42 29 33 13 13 31 22 25 24 41 23 17 7
split_gain=719.076 113.212 39.769 35.0328 30.2726 29.9674 25.914 26.1687 25.8886 24.3932 21.9755 24.0449 18.7918 22.3404 18.3877 17.8349 17.0524 16.2728 14.4599 14.1952 13.9803 13.2985 12.9859 11.7383 11.4393 13.3022 11.109 10.1559 9.31971 8.59898
threshold=95.979166666666671 7.5000000000000009 3722.5000000000005 0.88109187050815296 88.450000000000017 94.083333333333357 130.95000000000002 3.5000000000000004 62.389583333333334 17.558333333333337 1.0433064936786256 110.65347222222225 7.0500000000000007 -1.0018834692914422 96.437500000000014 66.500000000000014 1948.5000000000002 76.229166666666671 5.5000000000000009 174.70000000000002 20.333333333333336 19.358333333333338 1.0000000180025095e-35 -1.0018834692914422 1948.5000000000002 661.50000000000011 9.8500000000000032 0.30000000000000165 95.479166666666671 0.30500000000000005
decision_type=2 2 2 2 2 2 2 2 2 2 2 2 2 2 2 2 2 2 2 2 2 2 2 2 2 2 2 2 2 2
left_child=1 2 5 8 29 -1 7 -7 -2 -6 11 -11 18 20 -10 -15 23 27 -8 -4 -14 -18 -9 -12 -24 -26 28 -13 -19 -3
right_child=3 4 19 -5 9 6 12 22 14 10 16 17 13 15 -16 -17 21 26 -20 -21 -22 -23 24 -25 25 -27 -28 -29 -30 -31
leaf_value=0.092439467421990204 -0.026529936668195891 0.034589417191204078 -0.032203121717566133 -0.046174731130161913 -0.012252930296810223 -0.012409615619524587 -0.00681811746159822 0.083081570144788536 0.098005578299277127 -0.022768621353892956 0.024295116766281315 0.16227673351438579 0.03415085882911701 0.062930375300502328 -0.0018255760566018692 0.11410543113712861 -0.0070683538349300213 0.10050597695096175 0.061231897580301245 0.032449557920756905 0.079297770999299549 0.033660268908312155 0.063806398834540104 0.11942956422284773 -0.02720518804593737 0.036534417372970147 -0.0014291021962051667 0.073748148544660372 0.029350757559642306 -0.034458874879331525
leaf_weight=83.340304590761662 206.54446315020323 7.3305178824812165 22.372806863859296 639.51383411511779 67.483452320098877 33.670580495148897 20.5015640091151 28.007395314052701 10.391000196337702 11.25438762269914 9.8853614516556281 9.5665222927927989 58.334713585674763 41.559000892564654 18.409199832007289 59.784445986151695 78.918343272060156 15.941896393895151 24.886945676058531 26.955286271870136 42.815864697098732 45.500146493315697 37.788435898721218 8.8483230490237457 15.017901804298161 54.790100570768118 10.608705772086976 9.1049402765929681 11.340584229677914 56.829273447394371
leaf_count=364 7620 181 452 28832 1727 557 166 171 133 198 108 115 368 252 409 375 1426 119 123 223 183 379 243 103 141 383 136 95 172 1540
internal_value=-0.000236252 0.0376572 0.0545265 -0.0388911 0.0105853 0.0595924 0.0530301 0.0349336 -0.019099 0.0191464 0.0291902 0.0573248 0.0653879 0.0732093 0.0341931 0.0931195 0.0158617 0.0732612 0.0304943 0.00312627 0.053261 0.0078262 0.046689 0.0692292 0.0372159 0.022822 0.0506701 0.119107 0.0709287 -0.0265698
internal_weight=1767.3 892.438 549.825 874.858 342.612 500.497 417.157 169.274 235.345 278.453 210.969 67.817 247.883 202.494 28.8002 101.343 143.152 56.5626 45.3885 49.3281 101.151 124.418 135.604 18.7337 107.596 69.808 37.8912 18.6715 27.2825 64.1598
internal_count=47294 10300 4001 36994 6299 3326 2962 1495 8162 4578 2851 835 1467 1178 542 627 2016 637 289 675 551 1805 938 211 767 524 427 210 291 1721
is_linear=0
shrinkage=0.06


Tree=16
num_leaves=31
num_cat=0
split_feature=16 16 14 10 38 14 38 32 18 22 37 21 14 15 31 28 10 9 21 32 0 25 21 13 17 25 9 0 0 22
split_gain=615.242 85.2776 34.0945 27.8547 25.1343 28.5989 23.7189 22.5148 22.5996 21.4033 17.9032 17.3753 18.2141 15.1834 12.6138 12.405 11.8125 13.2516 12.2651 11.4962 11.3694 10.8986 10.7437 13.6523 10.4859 10.1492 11.4706 8.95655 10.9291 11.2792
threshold=95.916666666666671 95.083333333333357 16.510416666666671 75.750000000000014 56.945833333333347 20.556250000000002 37.71875 135.50000000000003 95.7291666666667 -0.91953820376387785 9.5000000000000018 0.65942656747944384 19.452083333333338 17.777083333333337 50.500000000000007 2.5000000000000004 82.916666666666671 1.9500000000000002 2.7087621378963376 339.65000000000003 45.500000000000007 2485.5000000000005 3.2193572271459456 20.991666666666671 96.562500000000014 1948.5000000000002 1.5500000000000003 53.500000000000007 32.500000000000007 -0.11565610506148254
decision_type=2 2 2 2 2 2 2 2 2 2 2 2 2 2 2 2 2 2 2 2 2 2 2 2 2 2 2 2 2 2
left_child=1 4 -2 19 5 10 24 15 9 -9 -1 -12 21 27 20 -5 18 -18 -14 25 -10 -13 -7 -24 -4 26 -3 28 29 -8
right_child=2 3 6 7 -6 22 13 8 14 -11 11 12 16 -15 -16 -17 17 -19 -20 -21 -22 -23 23 -25 -26 -27 -28 -29 -30 -31
leaf_value=-0.011355708056124509 -0.047833572397281504 0.09863799426869628 -0.023430159246264848 0.0037759182276581459 0.084506406350097762 0.085978927685213036 0.00781031580081784 0.01165345625721546 0.015995012347966353 0.098984616420653343 0.082365763600102032 0.038837743178273106 0.050896364923654049 0.11717382149187183 -0.040292077269614958 0.089645219718145361 0.038010751799743038 0.10347538099164942 0.0056173219865041932 0.054784911993254339 0.085883130550320902 -0.00088383680551598252 0.015796156663469892 0.06986872682101096 -0.051008974970112711 -0.016701600831247415 -0.015163856249138763 0.079159825561083627 -0.025373471338014795 0.1235250904597254
leaf_weight=28.650162484496832 535.2107311040163 6.1086895167827588 179.55070378258824 122.65742431208491 63.105808444321156 59.660753719508648 14.212479172274472 14.02156277745962 34.954420506954193 36.149094043299556 29.051734127104282 40.407872814685106 63.551995035260916 4.4674569591879836 10.445162825286387 6.3710888791829339 20.89887560904026 23.818000800907612 32.576375532895327 9.9385735485702735 11.022228609770535 64.65553056076169 25.142461460083723 50.718427464365959 68.591577552258968 135.34276203624904 6.6700788158923388 4.9758894592523566 33.578168384730816 3.8550678920000783
leaf_count=414 26086 99 6656 2313 279 268 374 130 313 316 221 320 323 68 166 49 105 115 189 91 133 607 126 214 2897 3261 110 137 882 111
internal_value=-0.00192404 0.0327101 -0.0386695 0.0118019 0.0490991 0.0440109 -0.0228086 0.0248736 0.0452796 0.0745775 0.0337809 0.0384841 0.0332999 0.0106822 0.0192277 0.00801592 0.0474032 0.0728798 0.035552 -0.00768412 0.0327497 0.0143933 0.0669292 0.0519475 -0.0310535 -0.0118756 0.0392373 0.00228 -0.00512711 0.0325003
internal_weight=1740.36 895.919 844.442 393.681 502.238 439.132 309.231 235.621 106.592 50.1707 303.611 274.96 245.909 61.0891 56.4218 129.029 140.845 44.7169 96.1284 158.06 45.9766 105.063 135.522 75.8609 248.142 148.122 12.7788 56.6216 51.6457 18.0675
internal_count=47373 10162 37211 6981 3181 2902 11125 3420 1058 446 2294 1880 1659 1572 612 2362 732 220 512 3561 446 927 608 340 9553 3470 209 1504 1367 485
is_linear=0
shrinkage=0.06


Tree=17
num_leaves=31
num_cat=0
split_feature=14 13 32 40 25 14 42 36 15 42 38 36 0 34 7 15 4 35 35 32 22 22 12 42 10 40 10 25 35 36
split_gain=541.231 78.9061 56.469 38.3397 36.6893 35.9396 35.2408 18.9031 17.7971 21.9437 16.5703 16.2773 16.4446 17.5781 15.4365 14.5307 14.4882 14.7887 33.9351 16.1421 13.4747 13.3973 17.554 16.642 13.2335 12.4264 11.3109 13.6502 11.9345 10.7586
threshold=17.464583333333341 20.333333333333336 188.55000000000004 7.0500000000000007 3319.5000000000005 16.510416666666671 65.104166666666671 118.05000000000003 18.75416666666667 76.229166666666671 25.568749999999998 248.95000000000002 31.500000000000004 183.04791666666668 0.44500000000000006 17.777083333333337 1.0000000180025095e-35 111.59583333333335 118.76736111111111 127.15000000000002 -0.14450806520692785 -0.79311261429814539 71.868055555555571 76.062500000000014 80.916666666666671 11.65 78.083333333333357 2965.5000000000005 142.98819444444447 180.90000000000001
decision_type=2 2 2 2 2 2 2 2 2 2 2 2 2 2 2 2 2 2 2 2 2 2 2 2 2 2 2 2 2 2
left_child=5 2 4 -4 7 -1 -5 -2 9 25 21 12 20 14 -14 -11 26 -18 -19 24 -12 22 -7 -24 -20 -8 28 -28 -9 -21
right_child=1 -3 3 6 -6 10 8 16 -10 15 11 -13 13 -15 -16 -17 17 18 19 29 -22 -23 23 -25 -26 -27 27 -29 -30 -31
leaf_value=-0.046529001955121926 -0.05403553454669683 0.060390344662258288 0.0033977656130673912 -0.021087155953269598 -0.01335241949445414 -0.062099170237761431 0.12912493924321292 0.018938150857510279 0.12013428557786505 0.014227678650578661 0.045463473722796507 -0.022181514662478297 0.093326258086254471 0.1179791011583249 -0.033480473549114674 0.070777374432215531 -0.012250492708647497 0.13998501580900782 -0.014676223954666253 0.10461207234057775 0.19325851519608159 -0.033143072788650668 0.0087840556140335417 0.20382888171477084 0.039192931697874807 0.063939842044954204 0.0087573621703911277 0.093456313173781225 -0.047749715459570706 0.040080011719712288
leaf_weight=525.78585944138467 11.582883568480609 232.78317085653543 54.056351585313678 16.177014090120792 172.75187277793884 3.9428402781486493 20.887500047683716 16.540103431791067 23.454969005659223 34.833156242966652 6.0545603856444359 43.342287912964821 4.1808547973632875 4.4757241234183303 19.931623738259077 30.841286171227694 23.416038360446692 11.118576895445583 37.825480690225959 10.278120012953876 3.5071507189422828 180.41412986814976 3.3986250218003988 2.9347513224929571 29.006506320089102 21.22791563346982 40.357299407944083 8.2502518128603679 23.22792699560523 97.782269041985273
leaf_count=26615 272 1113 657 149 3685 139 119 297 117 350 166 1179 112 73 588 216 427 145 672 103 100 7238 125 104 351 210 491 116 406 922
internal_value=-0.00123973 0.030219 0.0199451 0.0466212 0.0087976 -0.0373674 0.0624703 0.0211655 0.0727694 0.0624629 -0.0196696 0.00297643 0.0315585 0.00877653 -0.0114935 0.0407839 0.0240904 0.0326874 0.0383444 0.0318827 0.0996734 -0.0293475 0.0372894 0.0991637 0.00870414 0.0962689 0.00371792 0.0231335 -0.0200133 0.046218
internal_weight=1714.37 916.399 683.616 201.478 482.137 797.968 147.422 309.385 131.245 107.79 272.183 81.4922 38.1499 28.5882 24.1125 65.6744 297.803 209.427 186.011 174.892 9.56171 190.69 10.2762 6.33338 66.832 42.1154 88.3756 48.6076 39.768 108.06
internal_count=47257 10818 9705 1818 7887 36439 1161 4202 1012 895 9824 2218 1039 773 700 566 3930 2620 2193 2048 266 7606 368 229 1023 329 1310 607 703 1025
is_linear=0
shrinkage=0.06


Tree=18
num_leaves=31
num_cat=0
split_feature=14 13 32 17 21 25 32 22 38 14 38 36 14 26 39 32 20 40 33 7 9 37 38 9 14 2 14 2 22 31
split_gain=496.791 65.9072 54.5708 38.0688 28.4255 23.5123 18.935 18.4865 18.2925 25.2921 18.1655 18.1477 16.5864 14.2399 14.0306 13.9814 13.5811 11.9882 18.6773 11.9395 14.5634 13.0563 12.5176 11.1898 10.321 13.6702 9.70783 9.52969 9.6579 9.49714
threshold=17.564583333333335 19.941666666666674 122.30000000000001 96.604166666666671 0.82959552889112953 1948.5000000000002 249.75000000000003 -1.0018834692914422 18.570833333333336 19.877083333333335 62.389583333333334 300.85000000000008 19.877083333333335 0.73789925259087885 290.50625000000008 116.05000000000001 2.3896213849400003 15.100000000000001 179.17500000000004 0.41500000000000004 0.55000000000000016 9.5000000000000018 10.758333333333338 0.35000000000000003 16.397916666666671 17.750000000000004 18.477083333333336 31.700000000000006 0.31134303305014305 1.0000000180025095e-35
decision_type=2 2 2 2 2 2 2 2 2 2 2 2 2 2 2 2 2 2 2 2 2 2 2 2 2 2 2 2 2 2
left_child=3 2 19 10 17 7 12 14 9 -3 24 -12 23 -8 -6 29 -13 18 26 22 21 -21 -2 -7 25 -1 -4 -5 -29 -11
right_child=1 8 4 27 5 6 13 -9 -10 15 11 16 -14 -15 -16 -17 -18 -19 -20 20 -22 -23 -24 -25 -26 -27 -28 28 -30 -31
leaf_value=0.10200926118684057 -0.00011490566929914399 0.0037090070939925245 -0.024701682274455655 -0.048525859504257418 0.067513103814544173 0.078247016552866727 0.018598967287902529 0.099186992383938674 0.071558071711604845 0.070788102533036829 0.1208150078101377 -0.036612030012933588 0.051926545377626178 0.085389377933909535 -0.014517681317530923 0.068252280485838882 0.065625298406306071 0.10738471342583213 0.083456971310634731 -0.029070120938470459 -0.025377496026424765 0.096505468057245955 0.085565734510982122 -7.0450541507894641e-05 -0.017758350532763863 -0.049946281810512382 0.059891463235774406 -0.022569377868819275 0.11160897986691445 0.022807580628513312
leaf_weight=2.2053478788584462 25.309312114492059 50.693918280303478 12.976391473785045 458.1495982222259 15.449358062818648 6.7875753175467244 24.241633389145136 22.935257932171226 102.77870489284396 19.412338092923164 5.9130797591060427 12.642579156905414 27.629613030701876 21.849156070500612 14.599701398983596 90.123110875487328 7.4245267473161212 17.760562600567937 25.925707187503576 5.1741998046636564 125.80726687610149 7.0308395475149155 8.1039866860955936 202.66892038471997 221.27702233195305 63.473312176764011 7.8310222476720801 26.381396435201172 2.0836993288248769 63.209395300596952
leaf_count=113 490 395 219 23874 113 61 155 222 468 91 92 298 153 119 110 392 115 143 162 121 2939 121 120 3065 8044 3213 71 1359 112 336
internal_value=-0.00153256 0.0290872 0.0168147 -0.0359339 0.0289362 0.0219361 0.0150722 0.0586204 0.0506092 0.040973 -0.019608 0.0284353 0.00823135 0.0502607 0.0276574 0.0519085 0.00121424 0.0654229 0.0494757 -0.0115155 -0.0193068 0.043269 0.0206659 0.00246748 -0.0239577 -0.0448439 0.00713557 -0.0464329 -0.0127473 0.0340808
internal_weight=1697.85 898.298 572.081 799.551 400.655 336.161 283.177 52.9843 326.217 223.439 312.936 25.9802 237.086 46.0908 30.0491 172.745 20.0671 64.4937 46.7331 171.426 138.012 12.205 33.4133 209.456 286.956 65.6787 20.8074 486.615 28.4651 82.6217
internal_count=47286 10066 8384 37220 4593 3998 3553 445 1682 1214 11875 505 3279 274 223 819 413 595 452 3791 3181 242 610 3126 11370 3326 290 25345 1471 427
is_linear=0
shrinkage=0.06


Tree=19
num_leaves=31
num_cat=0
split_feature=14 13 34 13 21 28 36 21 14 38 9 35 38 14 38 26 15 2 41 41 19 24 27 14 7 36 0 9 12 12
split_gain=479.794 63.3282 38.8226 37.9614 34.3434 31.0626 15.234 14.9582 22.8302 21.7631 15.7864 20.2951 14.8951 26.7241 13.6813 15.9062 16.235 19.694 13.2046 12.4366 11.034 13.743 11.0149 10.3558 9.99067 9.5434 9.52971 9.37375 10.5744 10.5465
threshold=17.902083333333341 19.941666666666674 120.1375 16.825000000000006 0.82959552889112953 1.5000000000000002 211.60000000000002 2.3910035937243141 19.452083333333338 56.945833333333347 0.75000000000000011 164.3104166666667 18.570833333333336 19.877083333333335 33.52291666666666 0.77833129653138466 17.656250000000004 22.500000000000004 11.450000000000001 5.5500000000000007 94.500000000000014 743.50000000000011 14.500000000000002 18.893750000000001 0.55500000000000016 228.20000000000002 34.500000000000007 0.65000000000000002 79.659722222222243 74.145833333333343
decision_type=2 2 2 2 2 2 2 2 2 2 2 2 2 2 2 2 2 2 2 2 2 2 2 2 2 2 2 2 2 2
left_child=3 2 -2 -1 6 7 -4 8 9 10 11 -6 13 -3 15 16 -5 -18 -9 22 21 -17 -15 -12 -20 -21 -25 -16 29 -29
right_child=1 12 4 14 5 -7 -8 18 -10 -11 23 -13 -14 19 27 20 17 -19 24 25 -22 -23 -24 26 -26 -27 -28 28 -30 -31
leaf_value=-0.042958059782759954 -0.017535636769257189 0.0045606215383129341 0.12296096485166151 -0.013281943133189471 0.0034811734690576072 0.050584607979233261 0.050221109956893648 -0.035740437566217205 0.080586245606750997 0.054959996240183294 -0.019008346010894538 0.12427561947491504 0.070028177480680381 0.052101035893730996 -0.047666914897284203 -0.041469707957940534 0.19549537933312372 0.016423259465635266 -0.018703113776495774 0.026182285157084283 -0.037664113299190068 0.074371460347015902 0.10361893787163158 0.070525182059656452 0.070395847768232614 0.061026506984865732 4.6701698419981326e-05 0.016429965038860673 0.075194652437754889 -0.028432918615427745
leaf_weight=536.77683718316257 93.200699916109443 51.203802095726132 15.085150387138127 31.70429801940918 13.786871388554575 83.685813158750534 33.125966181978583 42.66775513254106 18.186981413513422 31.755764029920101 88.820722810924053 7.863041926175355 104.97382387146354 32.260968275368214 12.614410169422625 7.3668483365327102 3.2569708786904794 6.8842192497104406 9.1548944618552941 61.467430040240288 164.96592492237687 7.3806212525814772 27.828104168176651 9.6069435030221921 8.9692360851913673 52.437442168593407 24.572391090914607 56.24727138876915 7.6162870414555064 28.383103804662824
leaf_count=28128 1869 391 125 1036 189 469 223 553 107 189 1767 124 482 144 271 144 96 235 89 315 7151 177 123 105 139 236 253 1407 120 607
internal_value=-0.00201576 0.0311322 0.0172307 -0.033146 0.0255973 0.01886 0.0729812 0.00846428 0.0165805 0.00998165 0.000107313 0.0473526 0.0513625 0.0426616 -0.0170108 -0.0254614 0.00785483 0.0739345 -0.0175154 0.0538742 -0.0332189 0.016505 0.0759597 -0.00820858 0.02539 0.0422232 0.0198564 0.000844358 0.00747811 0.00138397
internal_weight=1673.85 810.654 480.482 863.197 387.282 339.07 48.2111 255.385 194.593 176.406 144.65 21.6499 330.172 225.198 326.42 221.559 41.8455 10.1412 60.7919 173.994 179.713 14.7475 60.0891 123 18.1241 113.905 34.1793 104.861 92.2467 84.6304
internal_count=47264 7892 6201 39372 4332 3984 348 3515 2734 2627 2438 313 1691 1209 11244 8839 1367 331 781 818 7472 321 267 2125 228 551 358 2405 2134 2014
is_linear=0
shrinkage=0.06


Tree=20
num_leaves=31
num_cat=0
split_feature=13 31 14 13 0 35 42 23 10 37 36 6 31 41 21 38 42 40 40 38 0 40 14 31 42 38 15 25 38 34
split_gain=436.096 69.1928 40.0423 21.3591 16.1793 16.6525 24.3973 27.7696 32.4111 15.1949 26.5445 20.9241 16.9293 14.8584 13.8092 13.3168 12.9899 20.8147 27.5447 12.6811 12.8051 12.6157 12.0916 12.0452 11.5291 11.4237 10.8923 10.4566 12.3176 10.3657
threshold=17.941666666666674 6.5000000000000009 16.452083333333338 20.333333333333336 52.500000000000007 102.22916666666667 75.770833333333357 0.025000000000003002 76.083333333333357 9.5000000000000018 180.90000000000001 2.5000000000000004 48.500000000000007 13.800000000000002 0.98478804598926584 25.568749999999998 82.687500000000014 18.950000000000003 17.800000000000001 -48.874999999999993 27.500000000000004 14.050000000000002 17.777083333333341 12.500000000000002 78.937500000000014 -40.556249999999984 17.777083333333337 2254.5000000000005 33.52291666666666 122.95833333333336
decision_type=2 2 2 2 2 2 2 2 2 2 2 2 2 2 2 2 2 2 2 2 2 2 2 2 2 2 2 2 2 2
left_child=2 3 -1 13 15 -6 7 8 -7 12 11 26 -3 19 -13 -4 17 18 21 -2 -21 27 -14 -23 -17 -5 -11 -12 -29 -28
right_child=1 9 4 25 5 6 -8 -9 -10 10 16 14 22 -15 -16 24 -18 -19 -20 20 -22 23 -24 -25 -26 -27 29 28 -30 -31
leaf_value=-0.045470435281476991 -0.0088001779934616543 -0.045649694723140538 -0.030638535860879786 0.020905570044385192 -0.062047706198523706 0.063753053027919115 -0.015506323735443972 0.019488576263590084 0.31756446168659624 -0.044412577474282511 0.080276887375991826 0.17380686024334274 -0.015152878491344732 -0.027824679988046264 0.058013842983531891 0.0095219422254462487 -0.025405687950561334 -0.017863972039463976 0.10436902171910095 0.066859433408792343 0.032300080067976245 0.032706413180777771 0.14249437561108053 -0.020972979302814228 -0.044761390333254339 0.061655345895791323 -0.0020097290616562426 -0.0089367770560955621 0.057916170294294661 0.096422166310116325
leaf_weight=441.99959664419293 22.433224627748132 33.619768623262644 229.668272620067 28.547516249120235 8.1017429474741203 4.2472359500825432 18.222713500261307 10.246220361441372 3.157925957813859 6.3810101523995426 14.314713977277277 7.1619851086288673 3.8520510494709006 14.396574018523095 7.6874614767730236 63.821351649239659 43.865125494077802 62.802560741081834 13.767182311043141 46.393986182287335 229.66641573235393 22.854419346898794 3.2119763419032097 44.061391048133373 18.074224345386028 186.97131360694766 7.4620105251669866 22.481200093403459 17.75970802269876 7.9600123409181833
leaf_count=25573 209 918 9158 140 315 131 538 340 107 192 131 105 143 186 112 1682 677 1187 123 348 1756 225 83 726 515 879 129 397 131 95
internal_value=-0.00156575 0.0283984 -0.0334126 0.0417228 -0.0184226 0.0156459 0.0331921 0.0834668 0.171991 0.00634386 0.0113464 0.0589294 -0.0279082 0.0317112 0.113862 -0.0232313 0.00413686 0.0106804 0.0239359 0.0345827 0.038108 0.0148199 0.0565285 -0.00263932 -0.0024583 0.0562577 0.0215166 0.0362347 0.0205677 0.0487955
internal_weight=1645.19 847.652 797.539 528.409 355.54 43.9758 35.8741 17.6514 7.40516 319.243 278.559 36.6525 40.6838 312.89 14.8494 311.564 241.906 198.041 135.239 298.494 276.06 121.471 7.06403 66.9158 81.8956 215.519 21.803 54.5556 40.2409 15.422
internal_count=47251 8892 38359 3518 12786 1431 1116 578 238 5374 4230 633 1144 2499 217 11355 3597 2920 1733 2313 2104 1610 226 951 2197 1019 416 659 528 224
is_linear=0
shrinkage=0.06


Tree=21
num_leaves=31
num_cat=0
split_feature=13 32 14 31 38 17 22 32 31 35 25 39 41 42 12 36 17 16 3 12 40 40 15 7 26 13 26 42 10 21
split_gain=359.046 43.3632 40.1667 35.003 27.3793 28.735 20.1416 22.6637 17.2118 16.2717 17.3132 14.3101 13.6189 13.5679 18.7977 16.5957 13.3259 13.1408 11.1627 11.1435 11.0781 12.0062 10.8908 12.0401 10.5953 10.4458 9.90981 9.28257 9.50448 11.9054
threshold=17.941666666666674 85.000000000000014 16.510416666666671 10.500000000000002 62.389583333333334 94.312500000000014 -0.91953820376387785 206.50000000000003 1.0000000180025095e-35 147.57569444444448 3179.5000000000005 182.03125000000003 6.0500000000000007 81.750000000000014 80.9513888888889 221.75000000000003 95.562500000000014 95.750000000000014 1.5000000000000002 72.229166666666686 14.750000000000002 11.65 18.177083333333339 0.47500000000000003 0.76563949998708669 20.333333333333336 0.54014855155111785 81.104166666666671 77.083333333333357 1.5941083309826303
decision_type=2 2 2 2 2 2 2 2 2 2 2 2 2 2 2 2 2 2 2 2 2 2 2 2 2 2 2 2 2 2
left_child=2 8 -1 4 5 12 -5 16 -2 11 13 -7 -3 15 25 -11 20 -4 26 -12 21 -8 23 -13 -9 -15 -10 28 29 -18
right_child=1 3 17 6 -6 9 7 24 18 10 19 22 -14 14 -16 -17 27 -19 -20 -21 -22 -23 -24 -25 -26 -27 -28 -29 -30 -31
leaf_value=-0.042712420809930519 0.050540624814492487 0.082958991071169774 0.0004527225267930685 -0.027504315633592846 0.069119099575739612 -0.013929610703623576 0.046051051451794292 0.024401424849282864 0.040791580813040074 -0.015315783578838137 0.037216338521059565 0.063088973859855665 0.039666551597465467 -0.040208278534969798 0.047921540353644931 0.046483307916248863 0.012436307687186581 -0.024159229319847614 0.023496416632300891 -0.031355217922857406 0.048325632079327101 -0.04436824641811099 0.062863501548820325 -0.00725609099051813 0.096571096577455245 0.019556095309387719 -0.037316335528618974 -0.045792923032722886 -0.016035055088855082 0.12841543233270467
leaf_weight=435.45182662270963 14.343073183670638 50.114799574017525 123.65181227587163 42.110384043306112 88.872146356850863 14.440289301797746 9.287577688694002 12.669740512967111 6.4113173652440301 18.690200101584196 10.953857200220225 15.191792182624338 54.723233576864004 29.933298353105783 22.274679966270924 95.965057918801904 14.615918882191183 211.97990928404033 17.035239761695266 38.583762004971504 38.398994579911232 12.27256006374955 73.414809942245483 20.68664743937552 17.354400351643562 16.240544557571411 66.506808871403337 18.660474922508001 32.311686998233199 4.0745744295418254
leaf_count=26228 117 228 2560 629 429 202 105 138 42 157 137 118 252 254 125 606 351 9353 320 422 385 154 428 253 145 77 1557 474 721 107
internal_value=-0.000992137 0.0257553 -0.0306899 0.0307846 0.038625 0.0327491 0.00940784 0.0191443 -0.0104998 0.0246262 0.0152761 0.042206 0.0603613 0.0237897 0.00265122 0.0364093 0.00826416 -0.0150918 -0.0202327 -0.0161925 0.0290005 -0.00541783 0.0496228 0.0225297 0.0661166 -0.0191876 -0.0304487 -0.00958377 0.00366429 0.03772
internal_weight=1627.22 856.138 771.084 751.841 550.085 461.213 201.756 159.646 104.296 356.375 232.641 123.734 104.838 183.104 68.4485 114.655 129.622 335.632 89.9534 49.5376 59.9591 21.5601 109.293 35.8784 30.0241 46.1738 72.9181 69.6627 51.0022 18.6905
internal_count=47074 8933 38141 6897 3688 3259 3209 2580 2036 2779 1778 1001 480 1219 456 763 2297 11913 1919 559 644 259 799 371 283 331 1599 1653 1179 458
is_linear=0
shrinkage=0.06


Tree=22
num_leaves=31
num_cat=0
split_feature=13 15 32 25 0 12 7 28 7 30 38 14 14 0 32 21 0 34 27 39 38 21 14 30 21 29 25 9 21 30
split_gain=340.015 66.8542 51.4723 33.9665 23.6153 20.0298 19.8331 19.5803 23.6257 21.5256 28.0079 20.6088 17.456 13.7812 13.5775 13.4081 21.8463 12.4361 12.1865 11.5868 11.3349 9.1502 8.96407 12.7966 12.8395 12.0955 9.347 8.47736 10.1432 8.46779
threshold=17.308333333333337 17.547916666666669 237.35000000000002 3248.5000000000005 21.500000000000004 67.534722222222243 0.25000000000000006 2.5000000000000004 0.57500000000000007 4.5000000000000009 -7.6312500000000147 19.131250000000005 16.106250000000006 32.500000000000007 249.75000000000003 0.92924143770553969 45.500000000000007 98.593750000000014 11.500000000000002 192.52083333333334 62.389583333333334 3.2193572271459456 20.556250000000002 19.500000000000004 1.7044057326648263 7.5000000000000009 1948.5000000000002 1.2500000000000002 1.9893699705728596 1.5000000000000002
decision_type=2 2 2 2 2 2 2 2 2 2 2 2 2 2 2 2 2 2 2 2 2 2 2 2 2 2 2 2 2 2
left_child=12 14 3 4 -3 -5 -7 8 9 10 -6 -11 -1 -12 -2 16 29 -14 -9 -18 -17 22 23 26 -25 -26 -13 28 -19 -8
right_child=1 2 -4 5 7 6 15 18 -10 11 13 21 17 -15 -16 20 19 27 -20 -21 -22 -23 -24 24 25 -27 -28 -29 -30 -31
leaf_value=-0.047119868448822592 -0.014496738209864567 -0.052360374646395626 0.080039067663983512 0.099789351993735662 0.0076590315826350376 0.067477101511205048 0.03038176132494912 0.025770951496389832 0.0078787896838354386 -0.011281151692500435 0.15300883935132728 0.092486907239162558 -0.050058339287782014 0.075436375992030347 0.026360026533304846 -0.025752814434811394 0.0074857633901588309 -0.042285384453909933 0.071999809677761081 0.1079156433769931 0.052279729088098838 0.011991815840598163 0.073111236646462935 0.05880462198851473 -0.045089560026570163 0.025834410354263624 0.039679555073121958 -0.012405283977814216 0.080743449351751775 -0.047027719740886854
leaf_weight=316.13694183900952 197.12740397825837 11.869077406823633 63.705213744193316 7.0035848133265963 16.996786097064614 12.930780204012988 7.8772928435355452 29.756177362054586 143.12330170720816 36.962659142911434 12.157631527632473 18.008470598608255 63.977941568940878 25.616504710167646 34.38982311822474 103.50093561969697 6.655670793727043 65.575070537626743 66.195703815668821 10.922562872990964 7.1654154509305945 38.193936493247747 31.819692812860012 16.710415501147509 15.337826304137705 19.871697001159191 36.571362061426044 156.87096703052521 2.5046202540397635 14.363243861123918
leaf_count=20136 5676 152 314 112 328 140 145 148 1539 550 120 109 3276 240 292 1943 162 2930 310 112 35 207 155 117 136 114 243 7103 71 320
internal_value=-0.00197779 0.019771 0.0284374 0.0236705 0.0312996 0.000428202 -0.00383016 0.0332568 0.027564 0.038067 0.0716223 0.0294578 -0.0373771 0.100403 -0.00842783 -0.0099574 0.0199 -0.026717 0.0576635 0.0698897 -0.0207004 0.0379887 0.0451672 0.0368182 0.015494 -0.0050612 0.0571032 -0.0200785 -0.0377592 -0.0196103
internal_weight=1589.9 984.833 753.316 689.611 519.191 170.419 163.416 507.322 411.37 268.247 54.7709 213.476 605.066 37.7741 231.517 150.485 39.8188 288.929 95.9519 17.5782 110.666 176.513 138.319 106.5 51.9199 35.2095 54.5798 224.951 68.0797 22.2405
internal_count=47235 13719 7751 7437 4468 2969 2857 4316 3858 2319 688 1631 33516 360 5968 2717 739 13380 458 274 1978 1081 874 719 367 250 352 10104 3001 465
is_linear=0
shrinkage=0.06


Tree=23
num_leaves=31
num_cat=0
split_feature=17 13 16 32 22 13 32 16 28 15 0 21 35 42 42 17 6 42 35 14 21 40 36 11 32 20 21 31 23 4
split_gain=316.914 38.4205 36.7605 26.125 16.8032 18.2671 14.5196 14.2493 12.6635 11.2108 11.1217 10.9392 13.3444 10.6259 14.5956 10.2521 10.2219 9.4301 9.35402 9.68476 13.9343 9.26463 8.88255 8.64833 8.64298 8.49805 8.46665 14.0877 8.99073 8.28487
threshold=95.812500000000014 17.091666666666672 94.750000000000014 133.30000000000004 -0.53471469394632709 18.441666666666674 249.75000000000003 93.916666666666671 2.5000000000000004 17.104861111111116 57.500000000000007 0.27535748885756922 110.65347222222225 69.687500000000014 75.770833333333357 96.729166666666671 2.5000000000000004 89.395833333333343 115.38611111111113 18.156250000000004 0.47157955161387216 14.750000000000002 248.95000000000002 82.270833333333357 91.200000000000003 3.4330231517012071 2.7087621378963376 12.500000000000002 0.30000000000000165 1.0000000180025095e-35
decision_type=2 2 2 2 2 2 2 2 2 2 2 2 2 2 2 2 2 2 2 2 2 2 2 2 2 2 2 2 2 2
left_child=2 25 7 8 5 23 15 -1 11 -8 29 12 16 -7 -15 -3 -4 24 -6 20 -20 22 -21 -5 -13 -2 27 28 -16 -9
right_child=1 6 3 4 18 13 9 10 -10 -11 -12 17 -14 14 26 -17 -18 -19 19 21 -22 -23 -24 -25 -26 -27 -28 -29 -30 -31
leaf_value=0.067466187407033348 -0.04080420122265644 -0.010119330726794945 -0.046836457207942869 -0.025083449467342447 -0.0052334332144459957 -0.0077936834021178347 -0.0051877603467610596 0.019241283464803336 0.050416016545552417 0.074955446066023473 -0.0043471181164078335 -0.029312835498979964 0.11094408898107544 0.080768411305354157 0.023890969396973136 -0.046589100943967565 0.049118913157904551 0.065730175859882986 0.071310177589867213 0.017831633503180382 -0.0091153348944288653 0.10894166977132223 0.08686450612674039 0.046221166165800777 -0.0022885100885534177 0.011303576529841446 -0.0036580006253129492 -0.0092139463053361008 0.075570132296978093 0.044075286166643766
leaf_weight=54.48395524173975 485.21773591078818 187.57295063510537 7.2528574960306349 43.033080957829952 10.349517941474913 25.45262686163187 13.344961677677931 65.1499406658113 15.687130525708197 11.874968640506266 24.906527947634459 69.03102477453649 5.9815539084374896 20.624023180454969 21.564138453453779 32.566984257660806 8.9021566426381451 5.7030473444610825 15.10855656117201 13.538783138617875 15.934616317972539 16.721339602023363 13.303620640188454 7.13941491767764 111.29160123877227 11.535079393535851 26.564028516411781 17.906037343665957 27.668776959180832 187.66491299122572
leaf_count=260 29881 6382 200 774 183 183 204 371 90 83 159 1482 107 131 138 1716 224 80 154 140 227 80 64 96 1712 514 169 179 156 993
internal_value=-0.00150228 -0.0299996 0.0239479 0.0136486 0.0260399 0.0161195 -0.0105743 0.0394109 -0.00156917 0.0325482 0.0339069 -0.00548678 0.0343858 0.027267 0.0350725 -0.0155146 0.00603937 -0.0102315 0.0482207 0.0556359 0.0300274 0.0738844 0.0520457 -0.014937 -0.0126339 -0.0395942 0.0250148 0.0363595 0.0529345 0.0376756
internal_weight=1573.08 742.113 830.963 498.758 274.909 189.952 245.36 332.205 223.849 25.2199 277.721 208.162 22.1366 139.78 114.327 220.14 16.155 186.026 84.9564 74.6069 31.0432 43.5637 26.8424 50.1725 180.323 496.753 93.703 67.139 49.2329 252.815
internal_count=47132 38780 8352 6569 2674 1826 8385 1783 3895 287 1523 3805 531 956 773 8098 424 3274 848 665 381 284 204 870 3194 30395 642 473 294 1364
is_linear=0
shrinkage=0.06


Tree=24
num_leaves=31
num_cat=0
split_feature=17 13 25 17 37 7 35 7 0 31 4 34 25 39 35 41 7 2 18 39 39 41 7 2 36 5 9 28 41 41
split_gain=268.274 50.3624 21.4456 21.4329 18.689 20.7864 18.3216 14.2011 13.3588 13.1966 12.9981 12.7573 11.3795 13.4492 12.2102 12.0814 11.7039 10.8281 12.9491 19.1142 14.9095 10.5708 10.7182 11.1059 16.6442 16.3615 11.2269 10.365 10.3114 14.287
threshold=96.020833333333357 19.625000000000007 3518.5000000000005 96.604166666666671 9.5000000000000018 0.8650000000000001 199.93055555555557 0.27500000000000008 21.500000000000004 2.5000000000000004 1.0000000180025095e-35 179.21875000000003 1948.5000000000002 185.71250000000003 161.01111111111115 11.800000000000002 0.58500000000000008 31.700000000000006 96.9513888888889 240.72708333333335 143.73333333333335 11.15 0.44500000000000006 23.450000000000003 243.90000000000001 67.500000000000014 1.7500000000000002 1.5000000000000002 6.0500000000000007 12.600000000000001
decision_type=2 2 2 2 2 2 2 2 2 2 2 2 2 2 2 2 2 2 2 2 2 2 2 2 2 2 2 2 2 2
left_child=1 2 4 28 -1 6 8 -4 -6 10 -3 -9 14 -14 -10 21 -17 -5 19 20 -19 22 -15 -24 -25 -26 -27 -8 -2 -30
right_child=3 9 7 17 5 -7 27 11 12 -11 -12 -13 13 15 -16 16 -18 18 -20 -21 -22 -23 23 24 25 26 -28 -29 29 -31
leaf_value=-0.017722226851252135 -0.039315114548697558 0.020261385361508299 0.063374968507291504 -0.042533889411526533 -0.039752276956719242 -0.048550971386332596 -0.041251586452341706 -0.023844168364158976 0.0405136742500352 0.023831746121545032 0.054523180556506907 0.011748564193508365 0.099491832750693371 -0.0085431095594484426 0.11030841729943852 0.020110980803801162 -0.042495267707983196 0.16540259387330244 -0.04133454891060203 0.18948756726602217 -0.041111622534879988 0.076427853959050135 0.064812640245018732 -0.012981787701849443 -0.0084597955762832962 0.036094298120579772 0.11016406398324936 0.032910612174104667 0.0025898189206469977 -0.031939946309079745
leaf_weight=50.089689911343157 58.120083501562476 53.101506426930428 9.2080555278807861 364.15471631940454 9.3202497810125333 14.367395764216779 21.48188960924745 120.15252260491252 30.025872692465782 177.57289889268577 159.88613316044211 51.917055536992848 8.922281524166463 25.055242989212275 12.900633100420235 29.826883668079972 16.807137859985232 1.5901961475610749 12.226507173851131 2.6322429087013006 6.0342895789071918 17.460022084414959 31.653494849801064 28.995714778080583 13.692787580192087 15.691262725740673 13.886216960847376 9.9158687777817232 115.29990910831839 68.924924812279642
leaf_count=1291 2435 270 148 24063 144 291 307 3032 232 1163 782 631 145 216 108 395 290 101 796 142 381 186 327 452 135 183 112 57 4789 3566
internal_value=-0.00105842 0.0195534 0.00753076 -0.0312702 0.0162044 0.021869 0.0254111 -0.00922025 0.0307512 0.0359107 0.0459811 -0.0131051 0.0334342 0.0274721 0.061489 0.0241439 -0.00245263 -0.0400389 0.000371089 0.0500862 0.00195989 0.0326139 0.0266825 0.0351755 0.022194 0.0457656 0.070869 -0.0178301 -0.0172805 -0.010329
internal_weight=1550.91 921.931 531.37 628.983 350.093 300.003 285.636 181.278 254.238 390.561 212.988 172.07 244.918 201.991 42.9265 193.069 46.634 386.638 22.4832 10.2567 7.62449 146.435 128.975 103.919 72.266 43.2703 29.5775 31.3978 242.345 184.225
internal_count=47170 10897 8682 36273 4871 3580 3289 3811 2925 2215 1052 3663 2781 2441 340 2296 685 25483 1420 624 482 1611 1425 1209 882 430 295 364 10790 8355
is_linear=0
shrinkage=0.06


Tree=25
num_leaves=31
num_cat=0
split_feature=13 19 38 25 6 38 14 18 7 14 6 21 41 25 15 25 2 33 9 41 34 14 18 20 38 19 5 25 2 39
split_gain=232.083 49.6958 19.8479 24.7935 18.1458 17.5287 23.2272 15.1504 15.1154 15.0321 14.8302 14.3505 13.7491 12.9457 12.1834 11.6242 12.5847 11.3598 11.1334 10.309 12.6888 23.3833 28.8769 15.991 10.266 10.9045 11.0556 10.1069 9.62125 16.0708
threshold=17.308333333333337 94.500000000000014 56.945833333333347 2485.5000000000005 2.5000000000000004 62.389583333333334 20.556250000000002 96.298611111111128 0.6150000000000001 16.106250000000006 4.5000000000000009 1.4010237994715633 5.5500000000000007 2901.5000000000005 18.75416666666667 3041.5000000000005 24.650000000000002 102.42500000000001 2.0500000000000003 9.1000000000000014 117.96250000000002 15.508333333333336 97.062500000000014 -0.074235455871871539 -48.874999999999993 93.500000000000014 66.500000000000014 3722.5000000000005 17.750000000000004 240.72708333333335
decision_type=2 2 2 2 2 2 2 2 2 2 2 2 2 2 2 2 2 2 2 2 2 2 2 2 2 2 2 2 2 2
left_child=9 5 3 4 11 6 10 -4 14 19 24 18 -8 -12 -6 -9 -17 -11 -3 20 21 22 -1 -24 -2 26 -26 -27 29 -19
right_child=1 2 7 -5 8 -7 12 15 -10 17 13 -13 -14 -15 -16 16 -18 28 -20 -21 -22 -23 23 -25 25 27 -28 -29 -30 -31
leaf_value=0.31463442628494526 -0.030813638471121882 0.10094075558607293 0.053450019237963643 -0.01574263787268149 0.13438828356155738 0.055656458603530808 0.073339289661076681 -0.071179297411709586 0.00311497152486849 -0.043038340797849461 0.021526136403572944 -0.02326458440277384 0.031985220179852857 0.082530509468236202 0.046352154718579494 -0.043573654082470339 0.05474014749537974 0.11653429395034019 0.001477997196062142 -0.046371192584759968 -0.042995606389742008 -0.029006793432603505 -0.060848523612438456 0.19057212396479215 0.01785609714495304 0.013599922125146132 0.073265226771646916 -0.021762057449357799 -0.017715395208640794 -0.046112361976856864
leaf_weight=1.9174723774194706 19.355878449976444 7.1439564079046276 39.862598590552807 244.40719515364617 9.639759289100768 70.252318141981959 42.905335873365402 7.0143812242895391 13.591334760189055 69.459404652938247 31.194684568792582 35.234283402562141 88.937394522130489 20.92183031514287 13.7046130169183 7.4229397699236896 12.718099242076276 5.0487449262291175 9.3590712891891581 244.35421346873045 20.151121266186237 9.4178159423172456 2.5021357499063015 1.4318554466590288 35.162366753444076 223.78993352875113 20.533915646374226 33.445571753196418 191.20480056945235 3.8583464892581105
leaf_count=138 229 157 283 7258 164 345 211 122 281 3947 207 588 415 184 138 149 220 243 203 17611 1449 677 182 104 198 1740 120 466 9036 184
internal_value=-0.00098771 0.0164159 0.000111957 -0.00588246 0.0212949 0.0275381 0.0237116 0.0299043 0.0534184 -0.0322436 0.0162582 -0.00163831 0.045443 0.0460159 0.0827055 -0.00465957 0.0185068 -0.0221324 0.0445342 -0.0419862 -0.0117352 0.0295196 0.123717 0.0306611 0.011591 0.0142139 0.0382841 0.00900218 -0.0148758 0.0460795
internal_weight=1535.94 986.597 400.098 333.08 88.673 586.499 516.247 67.018 36.9357 549.346 384.404 51.7373 131.843 52.1165 23.3444 27.1554 20.141 269.571 16.503 279.775 35.4204 15.2693 5.85146 3.93399 332.288 312.932 55.6963 257.236 200.112 8.90709
internal_count=47249 13678 9563 8789 1531 4115 3770 774 583 33571 3144 948 626 391 302 491 369 13410 360 20161 2550 1101 424 286 2753 2524 318 2206 9463 427
is_linear=0
shrinkage=0.06


Tree=26
num_leaves=31
num_cat=0
split_feature=16 29 38 25 15 14 39 41 23 2 34 0 21 16 4 10 32 21 23 9 14 20 2 6 20 2 37 6 23 2
split_gain=237.597 43.4164 41.0652 18.6824 18.6037 16.2616 14.9227 18.8751 13.4876 11.9126 18.2091 11.7197 11.6396 11.2717 10.7428 13.9036 10.5854 13.7949 10.5687 14.0633 15.4998 30.4671 15.4669 17.7112 11.719 12.4029 10.5552 16.8452 11.4322 15.5884
threshold=96.250000000000014 5.5000000000000009 33.52291666666666 3582.5000000000005 17.450694444444448 16.106250000000006 227.16041666666669 6.5000000000000009 -1.3958333333333346 24.750000000000004 183.04791666666668 20.500000000000004 1.238017355093864 93.916666666666671 1.0000000180025095e-35 81.916666666666671 206.50000000000003 0.50808643176534851 -0.12499999999999908 2.4500000000000006 16.197916666666671 0.26898657225007844 27.050000000000004 1.0000000180025095e-35 0.7996493160050876 29.250000000000004 8.5000000000000018 6.5000000000000009 0.18749999999999731 23.450000000000003
decision_type=2 2 2 2 2 2 2 2 2 2 2 2 2 2 2 2 2 2 2 2 2 2 2 2 2 2 2 2 2 2
left_child=1 2 3 11 9 -2 7 -3 -9 -4 -11 -1 -12 -8 15 -15 17 -6 -7 -20 21 -21 -22 -24 25 -25 28 -28 -13 -30
right_child=5 6 4 -5 16 18 13 8 -10 10 12 26 -14 14 -16 -17 -18 -19 19 20 22 -23 23 24 -26 -27 27 -29 29 -31
leaf_value=-0.056022740884131825 -0.045432972609334238 0.063702097284958709 -0.013002718765618678 -0.020163989970653849 0.066047208190709528 -0.040865314826929948 0.073107785920517629 0.037777509524230875 -0.017134536425117433 -0.018296988596978175 0.1149247210460146 -0.034641785541803673 0.031945661762857812 -0.015963182485434265 0.044360167010365659 0.049227583050425752 0.060514134262834099 0.012544230115278979 -0.027074679270425023 0.33854451911098837 -0.026482467342580987 -0.0087895209713583326 0.16033643517238899 0.18722962328360226 -0.024305106462826347 0.0020659295238412427 0.0094914366139865688 0.092841405972647756 0.13818195309273096 -0.018606276879287974
leaf_weight=10.804320169612764 261.21433535031974 21.312351074069738 51.49473315384239 158.29741087928414 24.021679416298866 82.542959819547832 35.290489792823792 23.264421552419662 52.310385692864656 17.541812539100647 9.2189807919785398 35.737730477005243 17.905144589021802 27.762693034484982 145.87394768558443 20.455281993374228 58.144369639456272 62.451233694329858 100.30009491741657 1.5020327242091291 27.295813545584679 2.303328431211412 3.7817513644695309 2.4090419774875036 9.6479494804516417 2.8347524106502533 233.4920287495479 9.0680864378809911 3.583321903832255 6.2901284676045179
leaf_count=226 19636 121 905 5366 156 4655 180 156 384 411 159 1122 138 165 726 108 303 464 5294 104 1378 161 192 124 473 151 3620 78 105 178
internal_value=-0.000972826 0.0155083 0.00706315 -0.00349688 0.0271182 -0.0351584 0.0335765 0.0138326 -0.000230795 0.00666537 0.0293404 0.00532778 0.0601487 0.041916 0.0362446 0.0116924 0.040718 0.0274071 -0.0236206 -0.0141359 0.011937 0.128308 0.00230367 0.0443815 0.0149349 0.0871316 0.00762798 0.0126075 -0.0188529 0.0382961
internal_weight=1518.15 1024.32 698.051 457.273 240.778 493.832 326.27 96.8872 75.5748 96.1607 44.6659 298.976 27.1241 229.382 194.092 48.218 144.617 86.4729 232.618 150.075 49.7747 3.80536 45.9693 18.6735 14.8917 5.24379 288.171 242.56 45.6112 9.87345
internal_count=47239 15071 13231 10695 2536 32168 1840 661 540 1613 708 5329 297 1179 999 273 923 620 12532 7877 2583 265 2318 940 748 275 5103 3698 1405 283
is_linear=0
shrinkage=0.06


Tree=27
num_leaves=31
num_cat=0
split_feature=14 14 38 9 12 7 35 14 27 38 41 41 41 41 36 35 35 30 36 21 7 26 41 31 26 21 9 6 7 22
split_gain=227.632 38.8199 26.4552 18.1882 18.4242 62.684 28.1831 17.8963 16.7604 14.3972 12.8155 12.1215 18.8888 28.6907 20.0539 23.5789 15.4507 14.0673 11.8264 11.4691 11.3542 11.2428 10.8013 12.0816 15.6755 10.0769 9.5178 13.1279 8.94468 8.7597
threshold=17.197916666666671 19.452083333333338 16.222916666666688 0.8500000000000002 74.881944444444457 0.68500000000000016 161.01111111111115 16.106250000000006 9.5000000000000018 -40.556249999999984 10.550000000000002 5.9000000000000012 9.7000000000000011 8.1000000000000014 187.55000000000004 111.59583333333335 147.57569444444448 3.5000000000000004 234.65000000000003 1.7044057326648263 0.30500000000000005 0.76563949998708669 6.0500000000000007 1.0000000180025095e-35 0.88789668903407326 0.92924143770553969 1.9500000000000002 2.5000000000000004 0.49500000000000005 -0.91953820376387785
decision_type=2 2 2 2 2 2 2 2 2 2 2 2 2 2 2 2 2 2 2 2 2 2 2 2 2 2 2 2 2 2
left_child=7 2 3 4 5 6 -2 -1 26 -10 19 16 13 17 15 -14 -4 -13 25 -11 21 -5 -9 24 -24 -6 -3 -28 -12 -22
right_child=1 8 11 20 18 -7 -8 22 9 10 28 12 14 -15 -16 -17 -18 -19 -20 -21 29 -23 23 -25 -26 -27 27 -29 -30 -31
leaf_value=-0.044589071433356157 0.085926820737159432 -0.019420962184037074 0.03848460309288413 0.097419992457960083 0.030600792001798598 -0.050873881465136703 0.28848653723998002 -0.045900295943713448 0.0089818618291232465 0.088701031158448268 0.0020695046327591049 0.00038590717681494534 -0.0025477219693438506 0.089522694989893931 -0.0014272729817407007 0.1126862758242599 -0.022317236552732236 0.06115737133774099 0.042731360638284331 0.046023732239181651 -0.034185763956059857 1.527737821091961e-05 0.18678476127006013 -0.01810527792155165 -0.020279495187087253 -0.050409079532825286 -0.0064223251773395957 0.059001183045414171 0.04595811126339807 -0.0086580743594447066
leaf_weight=262.83615190815181 5.6244645696133393 31.0950598847121 22.383314114063978 6.3646608926355865 8.294990526512267 7.9101115930825463 4.4128841087222099 54.114476578310132 51.391390619799495 26.922631781548262 37.041313868016005 39.530610091984272 12.123693875968458 35.309440832585096 97.334343295544386 13.52217938005924 45.897933829575777 20.995173711329699 16.010946290567517 143.49182379990816 66.750616598874331 12.937163995578883 2.4088281560689202 190.76698276307434 2.9015863453969359 16.570592133328319 23.852839399129152 20.557738611474633 30.467639565467834 175.94288142863661
leaf_count=20499 157 214 201 86 166 177 98 3058 327 145 191 373 256 227 1135 132 579 193 245 775 1295 253 101 10473 156 352 152 117 171 4954
internal_value=-0.00131712 0.0157384 0.00645309 -0.00538739 0.0247625 0.0754386 0.174981 -0.0336556 0.031211 0.0377809 0.0440015 0.0196844 0.0265713 0.0465409 0.0110095 0.0582112 -0.00238575 0.0214663 0.00251231 0.052766 -0.0121567 0.0321339 -0.0221697 -0.0156204 0.0736458 -0.0233847 0.00603722 0.0238623 0.021877 -0.0156792
internal_weight=1485.76 972.736 607.916 320.819 58.824 17.9475 10.0373 513.028 364.82 289.315 237.923 287.097 218.815 95.8352 122.98 25.6459 68.2812 60.5258 40.8765 170.414 261.995 19.3018 250.192 196.077 5.31041 24.8656 75.5056 44.4106 67.509 242.693
internal_count=47258 12971 10879 7783 1195 432 255 34287 2092 1609 1282 3096 2316 793 1523 388 780 566 763 920 6588 339 13788 10730 257 518 483 269 362 6249
is_linear=0
shrinkage=0.06


Tree=28
num_leaves=31
num_cat=0
split_feature=16 25 37 6 41 0 14 25 26 14 39 34 16 22 12 38 22 32 7 0 0 0 35 38 9 31 11 26 9 35
split_gain=203.323 40.1657 29.5159 26.22 19.369 18.0717 16.764 16.6331 16.2805 19.9691 17.8742 15.5538 15.4782 19.8697 17.0809 14.4107 10.9578 15.2483 10.315 10.5113 10.2698 16.5636 11.993 10.825 12.8686 14.6036 10.2004 11.5198 9.99712 24.4868
threshold=96.250000000000014 3722.5000000000005 9.5000000000000018 2.5000000000000004 13.15 23.500000000000004 16.152083333333341 1698.5000000000002 0.90084621568940293 18.027083333333337 217.32083333333335 171.82500000000002 94.583333333333357 -1.0018834692914422 84.756944444444457 45.354166666666679 -0.91953820376387785 206.50000000000003 0.27500000000000008 34.500000000000007 21.500000000000004 23.500000000000004 161.01111111111115 62.389583333333334 1.5500000000000003 7.5000000000000009 69.187500000000014 0.89464472682897311 0.8500000000000002 158.69097222222226
decision_type=2 2 2 2 2 2 2 2 2 2 2 2 2 2 2 2 2 2 2 2 2 2 2 2 2 2 2 2 2 2
left_child=1 2 7 4 12 -5 -2 -1 9 -7 -10 -11 -4 -14 20 18 -17 -18 -3 -20 -15 -22 23 24 25 -23 27 -21 29 -28
right_child=6 15 3 5 -6 8 -8 -9 10 11 -12 -13 13 14 -16 16 17 -19 19 26 21 22 -24 -25 -26 -27 28 -29 -30 -31
leaf_value=0.045288780031052543 -0.043759982983863764 0.0558325590258896 0.038799060320109602 0.10343823764384963 -0.037041529108571551 -0.021892246854876795 -0.020905213401579602 -0.021716451162814347 0.15361981462612284 0.024689096165288596 0.035379806323409917 0.056724519065855281 -0.0072262511025254867 -0.036308456375169308 0.10313634790010896 -0.034136884202791436 -0.0032793118481306911 0.058277871145463983 -0.042392504191134349 0.13497320902533572 0.11576112166413391 0.082542262713960729 0.040651815800419752 0.063139128907751293 -0.0186183695501554 -0.0043546377017718765 -0.022300020445286825 -0.022940131298134124 -0.024149822782569885 0.13101736272256148
leaf_weight=16.045126806944609 247.10811272263527 6.5822832379490128 103.78688208758831 14.947872471064327 23.640654581598938 22.773839028552175 216.99920225981623 79.018951357342303 8.5520386174321192 141.96585317142308 9.9662051526829583 88.618039494380355 118.12914519943297 10.878712743520735 9.4097804389893991 13.373590018600224 30.348277913406491 27.717487493529916 53.029555207118392 3.6129417838528743 6.7727156747132531 11.781122334301473 60.49971582274884 10.672338472679256 53.108244744129479 17.021575517952442 11.756783822551371 3.0815091617405415 73.246443468146026 5.5067183282226315
leaf_count=136 20186 160 514 84 366 467 11909 1946 162 1007 164 514 1016 183 64 94 504 319 1902 114 76 111 943 85 815 347 446 153 2410 122
internal_value=-7.16664e-05 0.0147149 0.0209962 0.025186 0.0157383 0.039208 -0.0330739 -0.0104072 0.0356766 0.0317072 0.089985 0.037001 0.0188417 0.0118974 0.0244377 -0.00750876 0.0148274 0.0261048 -0.0176843 -0.0209053 0.0201004 0.0239392 0.0198768 0.00630104 -0.00110451 0.0311887 -0.00918301 0.0622844 -0.014469 0.0266052
internal_weight=1499.95 1035.84 807.589 712.525 425.701 286.824 464.107 95.0641 271.876 253.358 18.5182 230.584 402.06 298.273 180.144 228.256 71.4394 58.0658 156.816 150.234 170.734 159.856 153.083 92.5833 81.9109 28.8027 97.2044 6.69445 90.5099 17.2635
internal_count=47319 15224 9000 6918 4520 2398 32095 2082 2314 1988 326 1521 4154 3640 2624 6224 917 823 5307 5147 2560 2377 2301 1358 1273 458 3245 267 2978 568
is_linear=0
shrinkage=0.06


Tree=29
num_leaves=31
num_cat=0
split_feature=16 14 16 38 9 6 25 26 11 9 0 6 23 5 41 41 9 32 18 42 0 9 11 40 5 40 9 26 37 0
split_gain=182.704 38.8701 32.5213 21.3092 14.5789 13.892 13.0927 13.2654 12.605 13.9769 12.5158 9.61922 14.5258 9.22123 8.94849 22.153 18.342 10.8173 12.5772 13.1619 8.83345 12.3109 13.1881 17.1933 12.9898 21.655 15.0637 12.1259 14.6466 11.8219
threshold=95.583333333333357 16.510416666666671 94.083333333333357 33.52291666666666 1.2500000000000002 2.5000000000000004 3248.5000000000005 0.75211962008208466 75.645833333333357 2.7500000000000004 22.500000000000004 1.5000000000000002 0.67499999999999993 65.500000000000014 12.600000000000001 11.15 1.9500000000000002 154.90000000000001 96.437500000000014 76.979166666666671 39.500000000000007 2.2500000000000004 73.729166666666671 24.850000000000005 72.500000000000014 17.800000000000001 0.8500000000000002 0.76563949998708669 18.500000000000004 36.500000000000007
decision_type=2 2 2 2 2 2 2 2 2 2 2 2 2 2 2 2 2 2 2 2 2 2 2 2 2 2 2 2 2 2
left_child=2 -2 -1 20 6 -6 7 11 9 13 -5 -4 -13 -7 15 17 -17 -12 19 -19 27 22 23 24 25 -22 -26 28 -3 -30
right_child=1 3 4 10 5 8 -8 -9 -10 -11 14 12 -14 -15 -16 16 -18 18 -20 -21 21 -23 -24 -25 26 -27 -28 -29 29 -31
leaf_value=0.055478471566991962 -0.038111077117202179 -0.029870666387728458 0.018602292918452969 0.086403576631979201 0.01219401568045974 -0.0010815532118919598 -0.022604209197644182 0.047352418688798185 0.043164836299702802 -0.042168116882400311 -0.046170887691733553 -0.038785308972828732 0.027599209026946007 0.048418160589165128 -0.041950135783036364 0.0065000479148985459 0.1633457619169876 0.075611536642967436 -0.020146192583780406 0.001042416448231179 0.24402969671188518 -0.034863127211714105 -0.0099718390420521479 0.19535128475252284 0.10445730155995811 -0.011826126185015332 -0.021321635147494081 -0.041168750145072756 0.055693602389171259 -0.062579541143685011
leaf_weight=80.973553229123354 323.08608381729573 34.007223778404295 59.500304752960801 7.8738621585071078 281.07597247697413 25.393565459176898 57.304734108969569 29.282728720456362 137.62185592204332 13.855822945013641 13.407425500452517 35.359183041378856 17.859565317630768 29.044672252610326 11.491037204861639 4.7966081108897907 6.0945840626955032 16.420249370858073 23.467146141454577 17.713688679039478 2.3556894827634158 39.622752712108195 63.180125541985035 2.3365246709436169 4.3284939099103239 2.4084411133080721 16.47367737069726 95.517251884564757 16.821361107751731 3.7141816820949307
leaf_count=423 26359 1185 384 145 2619 332 793 288 927 174 352 307 124 258 386 119 112 175 629 277 105 1695 2323 113 185 101 829 4794 463 112
internal_value=-0.000745079 -0.0227925 0.0195163 -0.00983747 0.0152733 0.0208677 0.00160364 0.0113727 0.0327074 0.0116343 0.013758 0.0020257 -0.0165075 0.0253282 0.00763321 0.0145901 0.0942691 0.002369 0.0136673 0.0369142 -0.0183477 -0.00694445 0.00520069 0.0395557 0.0253174 0.114685 0.00485031 -0.0282802 -0.00570943 0.034302
internal_weight=1472.39 705.116 767.272 382.03 686.298 486.992 199.307 142.002 205.916 68.2941 101.265 112.719 53.2187 54.4382 93.3907 81.8997 10.8912 71.0085 57.6011 34.1339 280.766 130.706 91.083 27.9028 25.5663 4.76413 20.8022 150.06 54.5428 20.5355
internal_count=47088 40459 6629 14100 6206 4310 1896 1103 1691 764 2195 815 431 590 2050 1664 231 1433 1081 452 11905 5351 3656 1333 1220 206 1014 6554 1760 575
is_linear=0
shrinkage=0.06


Tree=30
num_leaves=31
num_cat=0
split_feature=14 14 16 38 4 25 32 6 42 29 38 13 25 26 0 32 29 19 33 10 2 22 6 10 20 41 25 33 23 2
split_gain=167.685 30.9172 27.4661 17.2235 15.7824 13.7798 13.2956 12.1333 11.6745 10.7655 11.8973 10.6861 10.5749 10.4029 11.1564 10.2739 9.92559 9.60872 9.55616 11.9953 9.28534 12.9996 13.3111 9.06656 9.87705 9.06232 9.82194 8.72521 8.51492 8.23841
threshold=18.027083333333337 16.510416666666671 93.750000000000014 16.222916666666688 1.0000000180025095e-35 1948.5000000000002 339.65000000000003 1.0000000180025095e-35 81.750000000000014 5.5000000000000009 -48.874999999999993 19.941666666666674 1698.5000000000002 0.76563949998708669 27.500000000000004 133.30000000000004 1.5000000000000002 93.500000000000014 179.17500000000004 78.083333333333357 18.050000000000001 -0.37540798191082553 1.5000000000000002 84.083333333333357 2.8453212956341578 12.600000000000001 5731.5000000000009 101.12500000000004 1.1208333333333365 20.600000000000005
decision_type=2 2 2 2 2 2 2 2 2 2 2 2 2 2 2 2 2 2 2 2 2 2 2 2 2 2 2 2 2 2
left_child=1 -1 -2 4 5 -4 8 -6 17 27 -11 13 -12 14 -5 -13 -16 -3 19 -15 21 -19 -23 24 -7 26 29 -9 -29 -22
right_child=2 6 3 11 7 23 -8 9 -10 10 12 15 -14 18 16 -17 -18 20 -20 -21 25 22 -24 -25 -26 -27 -28 28 -30 -31
leaf_value=-0.03747971251935598 0.071778503610518934 0.069985647588031316 0.024268825231961812 0.054589628403030686 -0.028865497287991225 0.0062850132261528455 0.042747905139325561 -0.023494538253970923 -0.040765718920081143 -0.010037004136340288 0.062114569844843155 0.014543624973850771 0.025147769188453167 -0.038397831172972408 -0.032210412149273907 0.059416387714701951 0.012221670443911849 -0.021521498904870491 0.052426761703366437 0.042208686533657433 -0.039459486270995409 0.0062539680619996488 0.1331325956853544 0.01344681105032149 -0.042363160223722329 -0.031815864456818221 -0.057048448909907366 0.0190730456703752 -0.030963162006885165 0.000410074008557475
leaf_weight=317.02846905682236 31.868727140128613 5.3267513606697312 33.104891709983349 14.202850561589001 21.214519370347261 20.205159723758698 15.315185043960808 28.312756991013885 51.519869604147971 24.092719852924347 38.975905749946833 27.096783850342035 97.663885505869985 11.672202473506333 27.63566143065691 57.024894155561924 52.451684199273586 11.04346564691514 45.911402931436896 15.434749556705354 21.015025938861072 6.0334868310019356 5.8755449000746012 22.297604436054826 58.595432665199041 77.153223873116076 13.501646429300306 109.02276220358908 13.792729774489997 166.34674641862512
leaf_count=26650 171 49 294 101 357 374 204 656 2021 151 197 141 555 145 277 285 334 339 260 156 647 236 184 223 880 3327 707 1425 160 5798
internal_value=-0.00235601 -0.0237026 0.0172723 0.0148554 0.0080421 -0.00932951 -0.011997 0.0150415 -0.0143402 0.0180283 0.0288379 0.0275178 0.0356924 0.0187468 0.00558085 0.0449622 -0.00311046 -0.00989529 0.0357483 0.00749967 -0.0113091 0.0253693 0.0688519 -0.0203314 -0.0298893 -0.0143372 -0.00762347 0.00653177 0.0134538 -0.00406181
internal_weight=1440.74 690.159 750.577 718.709 467.278 134.203 373.131 333.075 357.816 311.861 160.733 251.43 136.64 167.309 94.2902 84.1217 80.0873 306.296 73.0184 27.107 300.969 22.9525 11.909 101.098 78.8006 278.017 200.863 151.128 122.815 187.362
internal_count=47304 40162 7142 6971 5272 1771 13512 3501 13308 3144 903 1699 752 1273 712 426 611 11287 561 301 11238 759 420 1477 1254 10479 7152 2241 1585 6445
is_linear=0
shrinkage=0.06


Tree=31
num_leaves=31
num_cat=0
split_feature=17 13 26 32 30 42 42 37 40 9 39 5 32 41 41 26 25 25 40 37 25 2 32 4 23 30 16 5 14 35
split_gain=145.027 29.9121 19.0534 16.3633 16.8788 14.2524 17.6565 15.866 11.2119 9.86376 16.1915 12.3013 9.21398 10.7958 10.6306 13.2637 10.4697 13.0526 14.5881 10.5316 10.4534 9.92085 9.18236 15.542 8.71184 8.61081 8.60664 8.49583 8.46812 8.12621
threshold=96.020833333333357 20.333333333333336 0.88109187050815296 133.30000000000004 33.500000000000007 65.104166666666671 81.750000000000014 13.500000000000002 17.800000000000001 0.45000000000000007 273.10000000000002 92.500000000000014 88.450000000000017 7.0500000000000007 12.600000000000001 0.86594175866460288 4607.5000000000009 3041.5000000000005 13.250000000000002 21.500000000000004 5632.5000000000009 26.250000000000004 230.25000000000003 1.0000000180025095e-35 0.92500000000000171 5.5000000000000009 94.250000000000014 49.500000000000007 16.893750000000008 141.31736111111113
decision_type=2 2 2 2 2 2 2 2 2 2 2 2 2 2 2 2 2 2 2 2 2 2 2 2 2 2 2 2 2 2
left_child=1 3 9 27 5 29 8 -8 22 10 -2 12 -11 20 15 16 17 24 19 -19 -14 -17 25 -24 -15 -7 -3 -1 -20 -5
right_child=2 26 -4 4 -6 6 7 -9 -10 11 -12 -13 13 14 -16 21 -18 18 28 -21 -22 -23 23 -25 -26 -27 -28 -29 -30 -31
leaf_value=0.058600069942709825 0.20053527422000475 0.050524645198001261 -0.034752229664516257 0.02646845804207143 0.065476903135350581 0.023152621872216016 0.055203027277630178 -0.014848613340275266 0.056907187677630082 -0.037692618855687539 -0.035059787921093016 -0.059206553117073929 -0.034285200401314282 -0.038116302198555191 -0.024206570497903049 0.046842297862194807 -0.020147894099526026 0.061319749195401174 0.11836758849007872 0.20936104373120298 0.099412441168123269 0.20004261049950287 -0.00067776077887019047 0.063094759939557474 0.061384539454125267 -0.0037726447541485408 0.024418761150618754 -0.0066281546519936767 0.0036143711900749531 -0.037466826230263706
leaf_weight=7.3920392598956814 2.062130829319357 65.757583484053612 353.99321054015309 9.3170009031891805 21.799894887953997 101.58576908428222 13.342663448303936 91.182318669743836 31.342052709311247 27.983329916372895 2.139957650564611 18.0902329236269 34.806533012539148 10.221021634526549 20.644055207259953 3.8331697219982734 18.758032593876123 3.3640456777066019 3.0005343277007333 3.5613438673317432 2.2408302575349799 2.5235053217038512 21.986530069261789 36.758336127735674 4.5905644362792364 73.838569667190313 147.30875378474593 261.04244466405362 10.133500001393257 30.864479123614728
leaf_count=105 122 357 28503 136 108 1489 112 978 264 1564 91 970 1611 391 1056 185 753 151 164 72 133 148 148 222 112 577 747 5362 314 309
internal_value=-0.00162551 0.0127901 -0.026856 0.00680207 0.0140309 0.0112969 0.0149823 -0.00590649 0.0232056 -0.0102131 0.080556 -0.0125423 -0.00674691 0.000611906 0.0129306 0.0257113 0.0159978 0.0354416 0.066985 0.137449 -0.0261984 0.107661 0.0186949 0.0392265 -0.00727794 0.0118194 0.0324757 -0.00483193 0.0298303 -0.022642
internal_weight=1435.46 913.518 521.946 700.452 432.018 410.218 370.036 104.525 265.511 167.953 4.20209 163.751 145.66 117.677 80.6298 59.9857 53.629 34.871 20.0594 6.92539 37.0474 6.35668 234.169 58.7449 14.8116 175.424 213.066 268.434 13.134 40.1815
internal_count=47254 10914 36340 9810 4343 4235 3790 1090 2700 7837 213 7624 6654 5090 3346 2290 1957 1204 701 223 1744 333 2436 370 503 2066 1104 5467 478 445
is_linear=0
shrinkage=0.06


Tree=32
num_leaves=31
num_cat=0
split_feature=14 16 32 32 0 41 30 23 6 27 17 10 0 15 0 7 27 2 22 22 22 41 25 2 17 32 7 17 25 31
split_gain=122.284 34.266 17.2123 17.0821 16.5771 23.2125 14.7386 13.6925 20.6796 14.3695 13.0488 12.267 16.8273 12.1667 10.8793 10.1487 11.4247 9.51956 9.51399 8.99846 11.9519 10.84 8.68043 13.1245 9.0742 8.20547 7.87378 9.62057 13.0548 21.5148
threshold=16.510416666666671 95.083333333333357 188.55000000000004 88.450000000000017 51.500000000000007 5.4500000000000011 45.500000000000007 0.46666666666666595 1.5000000000000002 6.5000000000000009 95.395833333333357 84.083333333333357 57.500000000000007 17.656250000000004 59.500000000000007 0.59500000000000008 12.500000000000002 31.700000000000006 -0.91953820376387785 -0.071834295783247584 -0.60482805614079627 10.65 1948.5000000000002 27.950000000000003 95.729166666666671 88.450000000000017 0.69500000000000006 95.645833333333357 4877.5000000000009 37.500000000000007
decision_type=2 2 2 2 2 2 2 2 2 2 2 2 2 2 2 2 2 2 2 2 2 2 2 2 2 2 2 2 2 2
left_child=-1 2 10 6 22 -6 26 8 9 -7 11 12 15 -4 -9 16 -2 18 -17 20 -10 -22 23 24 -5 -13 -3 -28 -29 -30
right_child=1 3 13 4 5 7 -8 14 19 -11 -12 25 -14 -15 -16 17 -18 -19 -20 -21 21 -23 -24 -25 -26 -27 27 28 29 -31
leaf_value=-0.035131524025560842 0.0071140052690909445 -0.035125669995743569 0.00038859744732513577 -0.013441869299098849 -0.050219514502380297 0.2252354450943925 0.087928388564535415 -0.011113428530338225 -0.0088116648351040088 0.081335063245871642 -0.039029945050269639 0.0053407792624175811 -0.053820357489636352 0.045834492138108286 0.07299365110460472 -0.033318997939167941 0.041005389976214286 0.032042711336213732 0.019543694074289762 -0.028613581886162594 0.1675518283733485 0.0440304279101775 -0.0036021908743417378 0.082544977792279955 0.050831153873539696 0.042760806388016555 0.071561837758343252 -0.048183015374578024 -0.041541393162903992 0.20181891279580122
leaf_weight=295.54699742607772 86.086766580119729 84.713910446502268 25.93599583953619 25.293005971238017 10.694523322395979 4.3684794893488306 4.213690908625721 18.460204746574167 5.6249823607504377 5.8349444279447198 16.612374981865287 29.128444338217378 14.915043482556937 116.3182383030653 7.90839616395533 40.993983864784241 61.307157693430781 18.328163104131818 17.483901111409068 5.3109412137418976 4.6693944009020925 5.6555819306522608 398.04019398894161 10.556819561868904 11.504636952653525 76.499978829175234 5.721230776980522 13.703582415357234 3.0628451220691195 2.2823186414316297
leaf_count=26580 624 3410 157 258 294 165 39 345 84 123 197 172 115 632 138 284 326 142 170 140 89 139 10798 74 214 402 147 731 183 139
internal_value=-0.00076623 0.00821211 0.0198697 -0.00114209 0.00351379 0.0309862 -0.022187 0.0460029 0.0727292 0.142944 0.01291 0.0154129 0.00789042 0.0375487 0.0141117 0.0119958 0.0212108 -0.00568828 -0.0175139 0.0390319 0.0615561 0.0998921 -0.000713066 0.0235716 0.00665284 0.0324417 -0.026425 0.00333154 -0.0171612 0.0623704
internal_weight=1426.78 1131.23 503.61 627.62 513.922 68.5274 113.698 57.8329 31.4643 10.2034 361.356 344.743 239.115 142.254 26.3686 224.2 147.394 76.806 58.4779 21.2609 15.95 10.325 445.395 47.3545 36.7976 105.628 109.484 24.77 19.0487 5.34516
internal_count=47311 20731 3221 17510 12861 1517 4649 1223 740 288 2432 2235 1661 789 483 1546 950 596 454 452 312 228 11344 546 472 574 4610 1200 1053 322
is_linear=0
shrinkage=0.06


Tree=33
num_leaves=31
num_cat=0
split_feature=16 16 32 43 25 36 32 41 4 36 36 2 39 2 18 2 42 30 41 7 37 17 22 42 41 3 30 6 21 9
split_gain=124.176 28.2308 21.295 18.403 18.3479 18.471 14.8384 14.3984 14.0146 12.5554 10.1357 9.30928 24.9165 28.1283 13.5555 9.28599 8.38597 25.1067 12.0352 11.5191 9.30603 9.09757 11.8906 15.5411 9.53306 9.3015 16.1294 13.4306 8.99547 8.36251
threshold=95.916666666666671 94.250000000000014 237.35000000000002 15.000000000000002 5835.5000000000009 154.45000000000002 134.65000000000001 9.7000000000000011 1.0000000180025095e-35 254.35000000000005 222.35000000000002 17.750000000000004 240.72708333333335 17.150000000000002 96.395833333333329 24.750000000000004 82.687500000000014 33.500000000000007 6.0500000000000007 0.27500000000000008 10.500000000000002 95.562500000000014 -0.73672735516063159 70.208333333333357 9.8500000000000032 1.0000000180025095e-35 16.500000000000004 2.5000000000000004 0.54469807228681877 1.8500000000000003
decision_type=2 2 2 2 2 2 2 2 2 2 2 2 2 2 2 2 2 2 2 2 2 2 2 2 2 2 2 2 2 2
left_child=1 10 3 16 5 -2 -5 8 29 -8 15 12 13 14 -7 -1 18 -18 -3 -20 -21 22 25 -24 -25 27 -27 -22 -26 -4
right_child=4 2 7 6 -6 11 9 -9 -10 -11 -12 -13 -14 -15 -16 -17 17 -19 19 20 21 -23 23 24 28 26 -28 -29 -30 -31
leaf_value=0.043173281216954185 -0.039421359002023454 0.020525642386767077 0.051230544148752888 0.0064431563646234679 -0.045031015669302663 0.14273640955640074 0.062081696674062797 -0.0050455699192296219 0.072000632698193373 0.012496312308148148 0.050985486994365087 -0.012990427865032499 -0.046227194436587647 0.25003938953051674 -0.06078972091188721 -0.015965018701760814 -0.029332234144942196 0.069796789452598124 0.037164926273405133 -0.027420232752776302 -0.036645108368353108 -0.021583398606283919 0.092472543954228506 0.055267289642608713 0.038976874210118917 0.060438514159104215 -0.028872892162096764 0.016091812370739419 -0.022534616994995996 -0.012385388746329476
leaf_weight=19.120703689754009 109.35551300272346 96.46214609965682 14.067977559752764 110.48527586366981 122.39872350916266 1.9394496716558913 43.22527617122978 24.240417524240911 39.714746152982116 31.987433238886297 82.438903246074915 270.91097649373114 7.1384765664115539 3.0841278973966837 3.0010139942169189 19.113606046885252 81.142413093708456 10.373871415853499 23.00073544960469 62.673112412914634 48.551515743136406 59.058118479326367 10.630727913230656 14.080114763230084 12.735312968492506 16.860369410365823 12.810675332322715 27.081762863323092 26.098272502422333 15.786437904462217
leaf_count=99 8993 1091 102 1379 11194 59 308 226 227 221 452 16096 384 184 257 104 988 48 251 1630 443 1518 125 87 139 169 81 198 279 110
internal_value=-0.00131347 0.0121341 0.00796125 0.004301 -0.0247309 -0.0184474 0.0204369 0.0347765 0.048652 0.0409934 0.0391433 -0.0104298 0.0353201 0.107863 0.0191074 0.0136096 -0.00167319 -0.0180954 0.00199204 -0.00370917 -0.00694454 -0.00131384 0.00577583 0.0262728 0.0129728 -0.00659276 0.0218777 -0.0177618 -0.00236218 0.0175917
internal_weight=1419.57 901.74 781.067 687.257 517.828 395.43 185.698 93.8096 69.5692 75.2127 120.673 286.074 15.1631 8.02459 4.94046 38.2343 501.559 91.5163 410.043 313.581 290.58 227.907 168.849 63.5444 52.9137 105.304 29.671 75.6333 38.8336 29.8544
internal_count=47442 10275 9620 8955 37167 25973 1908 665 439 529 655 16980 884 500 316 203 7047 1036 6011 4920 4669 3039 1521 630 505 891 250 641 418 212
is_linear=0
shrinkage=0.06


Tree=34
num_leaves=31
num_cat=0
split_feature=17 31 14 25 38 7 22 35 36 15 10 41 42 38 2 6 38 35 7 22 41 11 38 5 18 42 30 2 36 5
split_gain=109.878 25.6831 23.3567 17.6199 20.0866 15.9655 14.2587 14.6718 20.0321 13.7068 13.396 11.5916 11.047 10.7236 20.1535 31.6452 29.3657 10.3219 12.283 9.92325 9.71012 9.59558 9.23985 10.4049 15.8993 14.4176 10.9735 12.6723 10.4461 10.3879
threshold=96.020833333333357 12.500000000000002 16.106250000000006 1948.5000000000002 62.389583333333334 0.71500000000000008 -0.56914560585155261 110.65347222222225 180.90000000000001 17.656250000000004 73.750000000000014 15.000000000000002 78.375000000000014 29.660416666666652 27.750000000000004 1.0000000180025095e-35 53.939583333333331 161.01111111111115 0.58500000000000008 -0.85378942143893244 12.050000000000002 83.437500000000014 -48.874999999999993 68.500000000000014 94.9513888888889 86.979166666666671 9.5000000000000018 27.450000000000003 203.00000000000003 76.500000000000014
decision_type=2 2 2 2 2 2 2 2 2 2 2 2 2 2 2 2 2 2 2 2 2 2 2 2 2 2 2 2 2 2
left_child=1 3 -2 5 11 19 -3 -8 10 -6 -9 21 20 -4 -15 16 -16 18 -17 -1 -10 22 -5 24 25 28 27 -25 -24 -29
right_child=2 6 13 4 9 -7 7 8 12 -11 -12 -13 -14 14 15 17 -18 -19 -20 -21 -22 -23 23 26 -26 -27 -28 29 -30 -31
leaf_value=0.031838008370151827 -0.039661711705806929 -0.018563594256201545 -0.020445817435058293 -0.033365344324171507 0.0073668204591715632 -0.021417717463501906 -0.024682700209438652 -0.00088902194545235414 0.0392234464455593 0.062616440241501814 0.094695599560992869 -0.051878772183078153 -0.022780170314825574 -0.013232008839738322 0.2934527458804827 0.061644565449364523 0.045436211735906284 0.10596554239283884 -0.05830137275412315 0.067908990658779117 -0.022125988763666681 0.026853289887484959 -0.029973840613472375 0.052735743671458675 -0.025047126652627798 0.064495583152232999 0.00099748682917576398 0.034305664108132357 0.019221650662942274 -0.048548744360685278
leaf_weight=125.77697095274925 200.4840603871271 129.89009995665401 200.40407399367541 22.568976745940745 26.010871432721615 17.006485203281045 34.760371906682849 7.4735538996756103 35.7382582873106 42.70607552677393 17.970391826704144 11.839757521636782 30.640217521227896 60.228303308598697 3.1971047194674638 4.7732553798705366 3.7164046512916684 3.095685474574565 8.6312479488551599 35.123380314558744 12.548837210051714 80.442270405590534 24.38199227489531 47.44531156681478 70.839370333589613 16.160518389195204 65.225489029660821 12.337433798238637 42.839156504720449 9.7546660583466274
leaf_count=739 20283 2704 12898 291 144 124 1051 210 366 223 328 266 609 2195 129 173 102 81 358 256 290 535 236 620 899 85 492 140 232 185
internal_value=-0.000859229 0.0113253 -0.0239815 0.0177743 0.0117151 0.0338685 -0.00426732 0.00907936 0.0203237 0.0417032 0.0666199 0.00661224 0.00539905 -0.0129142 0.00513121 0.0523679 0.16013 0.00721614 -0.0155894 0.039712 0.02328 0.0083789 0.00360885 0.00649645 -0.00414615 0.0136109 0.0186757 0.0352577 0.0013778 -0.00227832
internal_weight=1404.01 919.48 484.53 650.459 472.552 177.907 269.022 139.132 104.371 68.7169 25.4439 403.835 78.9273 284.046 83.642 23.4137 6.91351 16.5002 13.4045 160.9 48.2871 391.995 311.553 288.984 154.221 83.3817 134.763 69.5374 67.2211 22.0921
internal_count=47244 11025 36219 5467 4348 1119 5558 2854 1803 367 538 3981 1265 15936 3038 843 231 612 531 995 656 3715 3180 2889 1452 553 1437 945 468 325
is_linear=0
shrinkage=0.06


Tree=35
num_leaves=31
num_cat=0
split_feature=19 25 41 16 36 25 38 0 0 30 5 25 7 38 2 0 15 20 41 41 23 20 35 18 20 5 7 39 40 7
split_gain=104.518 28.6252 17.5687 17.5991 15.1026 14.4637 14.0952 12.4699 29.0118 21.1387 12.0016 10.7748 10.372 9.25216 15.5364 15.3319 12.0919 9.6873 21.4341 19.033 9.61162 11.545 9.18354 16.6009 16.1632 11.9844 11.7943 12.7079 9.14233 11.7354
threshold=95.500000000000014 3652.5000000000005 15.000000000000002 93.750000000000014 245.75000000000003 5835.5000000000009 -40.556249999999984 21.500000000000004 23.500000000000004 17.500000000000004 90.500000000000014 1948.5000000000002 0.25000000000000006 56.945833333333347 21.600000000000005 58.500000000000007 17.363194444444449 0.7996493160050876 11.15 12.050000000000002 1.2624999999999968 3.993561320802947 186.53055555555559 95.145833333333329 4.3535971382380376 76.500000000000014 0.56500000000000006 276.33125000000007 7.0500000000000007 0.77500000000000013
decision_type=2 2 2 2 2 2 2 2 2 2 2 2 2 2 2 2 2 2 2 2 2 2 2 2 2 2 2 2 2 2
left_child=1 2 3 -1 12 10 -5 -8 9 -9 -2 -10 -3 14 20 17 -15 18 -16 -20 21 -13 26 -24 25 -25 27 -19 -6 -30
right_child=5 4 -4 6 28 -7 7 8 11 -11 -12 13 -14 16 15 -17 -18 22 19 -21 -22 -23 23 24 -26 -27 -28 -29 29 -31
leaf_value=0.060892249215695297 -0.014331394449732394 0.040747311765275428 -0.037335647173027911 -0.0099721032829894682 -0.034321567290728154 -0.047065625273088676 -0.037376005951478095 0.1336330030254412 0.031442970445729385 0.03012328011410878 -0.046180384392708954 0.020064395870957857 -0.026179584613469791 -0.0047706905592636174 0.0056561923748007425 -0.0362753936171369 0.049159829139417327 -0.0047728848600267805 0.19904271525649858 0.035712715541967303 -0.015841766875946819 0.06486666446775928 -0.015707380028779552 0.16755111206402865 0.011935277235028142 0.049112829536848077 -0.022134858804395481 0.042339300539693862 0.022710167984805813 -0.048251204301499692
leaf_weight=30.971630245447159 218.89479087665677 8.9196730768308026 22.384206707589328 74.698337979614735 15.50607573147863 101.57555616088212 14.537057004868982 13.190147349610926 128.23813857883215 15.38958605378866 52.88508577644825 61.915322940796614 127.41903066262603 21.893513161689043 25.83461201749742 34.692995784804225 47.305122477933764 70.32394096814096 4.5868971962481719 5.8369917860254645 15.602282248437403 31.109884202480316 19.883826384320855 6.0129828676581401 13.518225599080322 6.2960930103436112 77.940198271535337 29.157198566012084 82.448385186493397 9.3403263278305513
leaf_count=182 16254 189 589 984 375 10170 253 135 919 92 4493 959 5336 266 476 468 251 737 66 213 128 220 122 85 114 133 1343 227 1338 232
internal_value=-0.000604921 0.00937997 0.0150431 0.0166086 -0.00854884 -0.0277485 0.0146982 0.0175631 0.0188333 0.0778952 -0.0205288 0.0160207 -0.021801 0.0118298 0.00834732 0.00118483 0.0320969 0.00619506 0.0349592 0.107584 0.0277381 0.0350474 0.00152095 0.0255019 0.057228 0.10697 -0.00465755 0.00903535 0.00829063 0.0154892
internal_weight=1388.31 1014.95 771.319 748.935 243.633 373.355 717.963 643.265 628.728 28.5797 271.78 600.148 136.339 471.91 402.711 294.084 69.1986 259.391 36.2585 10.4239 108.627 93.0252 223.132 45.7111 25.8273 12.3091 177.421 99.4811 107.295 91.7887
internal_count=47349 16432 8962 8373 7470 30917 8191 7207 6954 227 20747 6727 5525 5808 5291 3984 517 3516 755 279 1307 1179 2761 454 332 218 2307 964 1945 1570
is_linear=0
shrinkage=0.06


Tree=36
num_leaves=31
num_cat=0
split_feature=13 32 13 7 30 25 42 43 32 36 34 42 41 5 2 6 25 41 5 20 7 2 42 32 2 19 25 41 25 41
split_gain=89.3937 22.3769 16.8809 16.7332 14.4562 13.8504 11.3536 11.2635 15.8367 11.6988 11.2034 11.0526 10.8081 10.761 9.90492 10.4409 12.9001 10.1865 9.83759 23.7159 11.2954 9.22432 9.14141 11.7926 9.04436 8.93732 8.5459 8.47507 8.88446 7.61317
threshold=17.308333333333337 130.95000000000002 20.991666666666671 0.57500000000000007 3.5000000000000004 5933.5000000000009 81.750000000000014 15.000000000000002 230.25000000000003 248.95000000000002 94.693750000000009 82.687500000000014 9.7000000000000011 90.500000000000014 31.150000000000002 5.5000000000000009 2901.5000000000005 12.15 88.500000000000014 1.0000000180025095e-35 0.68500000000000016 32.600000000000009 70.208333333333357 237.35000000000002 30.250000000000004 93.500000000000014 2576.5000000000005 5.9000000000000012 4023.5000000000005 6.0500000000000007
decision_type=2 2 2 2 2 2 2 2 2 2 2 2 2 2 2 2 2 2 2 2 2 2 2 2 2 2 2 2 2 2
left_child=5 2 14 7 6 10 -5 8 11 -9 27 12 26 18 15 25 -17 -18 -12 -20 -21 22 -6 -24 -15 -2 -3 28 -1 -28
right_child=1 3 -4 4 21 -7 -8 9 -10 -11 13 -13 -14 24 -16 16 17 -19 19 20 -22 -23 23 -25 -26 -27 29 -29 -30 -31
leaf_value=-0.026535489554251772 0.027319172362376493 0.063833701756430286 0.025905387750073842 0.00057667149077350501 -0.029811107536701319 -0.044326999498334574 -0.043385404410140528 0.068354918854493948 0.049598507204564553 0.020742719963966195 -0.0098694151546296089 -0.020242589277428891 0.0045815227760026868 -0.049767195933653093 -0.037546825464231041 -0.0069105312679019811 0.13699816519785424 0.026081737884309088 0.23423617933779953 0.10864954851109171 -0.048857921456185893 0.064529472197825191 0.010053640707181993 0.061411447725909847 0.10258533773204052 -0.010108309180014612 -0.0044499260127309169 -0.04297509542163868 0.18451804609714631 0.057644907305484869
leaf_weight=1.7387949451804154 25.190956641919911 26.147275341674685 67.543807461857796 88.954312108457088 15.239763790741561 95.830722698010504 27.744737690314651 40.893321388401091 49.849282570183277 34.04566899035126 201.07434292230755 32.630411462858319 82.053814793005586 32.895716722123325 34.190834334120154 13.491571025922896 5.6698784017935377 6.2850114777684212 2.0344596710056049 2.4436840061098337 4.9781520357355475 14.333006374537943 83.379058327525854 19.945562958717346 1.4652341315522779 260.31415988877416 20.262590608559552 70.781294380314648 1.2231353856623171 10.949144464917479
leaf_count=129 158 185 351 1437 145 10109 551 369 331 298 12781 279 782 3131 725 119 84 129 195 152 392 91 722 109 89 6611 238 6402 111 88
internal_value=-0.00104227 0.00901979 -0.00152585 0.0169843 0.0055342 -0.0243269 -0.00987514 0.0266124 0.0198201 0.0467241 -0.0183117 0.0111918 0.0185493 -0.0121379 -0.00689409 -0.00352366 0.0333034 0.0786864 -0.00705674 0.0527508 0.00300236 0.0190654 0.0135693 0.0199676 -0.0432705 -0.00680597 0.0385305 -0.0388142 0.0606195 0.0173331
internal_weight=1373.58 959.114 412.686 546.428 249.596 414.466 116.699 296.832 221.893 74.939 318.635 172.043 139.413 244.892 345.142 310.952 25.4465 11.9549 210.531 9.4563 7.42184 132.897 118.564 103.325 34.361 285.505 57.359 73.7432 2.96193 31.2117
internal_count=47293 13802 8177 5625 3055 33491 1988 2570 1903 667 23382 1572 1293 16740 7826 7101 332 213 13520 739 544 1067 976 831 3220 6769 511 6642 240 326
is_linear=0
shrinkage=0.06


Tree=37
num_leaves=31
num_cat=0
split_feature=15 37 25 32 5 36 42 42 30 36 36 42 5 41 14 35 5 41 15 25 25 30 18 32 21 7 2 33 2 15
split_gain=81.2944 31.5621 22.7543 19.8487 21.3551 19.775 34.1832 18.5522 41.3546 19.0877 19.1643 16.0688 14.5852 14.1821 12.4601 12.3738 13.8771 13.5981 41.1279 84.4252 12.7845 23.9433 38.636 16.0475 13.4585 22.9125 11.9936 11.9274 11.6771 11.5739
threshold=17.363194444444449 9.5000000000000018 5835.5000000000009 237.35000000000002 83.500000000000014 180.90000000000001 67.583333333333357 81.750000000000014 29.500000000000004 228.20000000000002 248.95000000000002 70.770833333333357 49.500000000000007 12.600000000000001 18.668750000000003 110.65347222222225 90.500000000000014 6.5000000000000009 15.82291666666667 4108.5000000000009 5266.5000000000009 1.5000000000000002 97.062500000000014 85.000000000000014 -0.36127634817225557 0.62500000000000011 23.800000000000001 179.17500000000004 30.250000000000004 16.881250000000005
decision_type=2 2 2 2 2 2 2 2 2 2 2 2 2 2 2 2 2 2 2 2 2 2 2 2 2 2 2 2 2 2
left_child=2 26 12 4 5 6 -3 9 -9 27 11 -11 -1 14 -8 17 20 18 19 -14 24 22 23 -22 25 -17 -2 -7 -18 -25
right_child=1 3 -4 -5 -6 7 13 8 -10 10 -12 -13 15 -15 -16 16 28 -19 -20 -21 21 -23 -24 29 -26 -27 -28 -29 -30 -31
leaf_value=0.12125319335138569 0.0014632111147098782 0.13975368471437935 -0.044447868467154455 0.044278855017491577 -0.035903067585275512 -0.007662353973871593 0.0080843425445484007 -0.026611088653043968 0.046139852869166664 0.011739076422191812 0.014362331350972472 0.065905271528460013 -0.060624034570821057 -0.022011494948874964 0.065055134562422845 0.2307541004553883 -0.051730703177572619 -0.039854183312099466 -0.027593632018247011 0.62852792180311823 0.20901589458180769 -0.020714165634469452 0.34892227398796327 -0.0089983173922767081 -0.010239557321760302 -0.035742818206579326 -0.037464900729565577 0.056871946205275012 0.088158882759696106 0.12034521193948705
leaf_weight=2.877474468201398 54.401678765192628 11.003571380861102 107.2073967019096 74.7561657698825 32.321105939336121 119.14443120080978 24.108162323012948 110.90376882441342 37.687408849596977 29.113689053803682 174.60013560019433 61.083555319346488 1.4726907061412924 16.82504852861166 32.386269928887486 2.2450804356485596 33.75901829265058 93.439006331376731 10.472064455039797 1.1317361164838073 2.000683347694582 15.616906089708207 1.7576304264366616 9.1803204184398037 221.13019494805485 2.4061910714954138 59.824131148867309 11.286960322409866 2.2941337330266824 3.4177224347367874
leaf_count=68 1432 88 11308 456 933 1449 515 1455 202 307 1498 497 148 285 216 141 2858 8500 755 106 157 921 163 611 9911 241 1841 81 85 127
internal_value=-0.000954356 0.0104174 -0.0198797 0.014976 0.0116593 0.0141067 0.0411422 0.00991462 -0.00815916 0.0167097 0.0259639 0.0484216 -0.0133473 0.0263429 0.0407437 -0.0143148 -0.00796333 -0.0318343 0.025472 0.238842 -0.0030865 0.0324227 0.0831573 0.0511602 -0.00811501 0.0928902 -0.0189248 -0.00207784 -0.0428293 0.0260913
internal_weight=1359.85 849.446 510.408 735.22 660.464 628.143 84.3231 543.82 148.591 395.229 264.797 90.1972 403.201 73.3195 56.4944 400.323 293.808 106.515 13.0765 2.60443 257.755 31.9733 16.3564 14.5987 225.781 4.65127 114.226 130.431 36.0532 12.598
internal_count=47355 11255 36100 7982 7526 6593 1104 5489 1657 3832 2302 804 24792 1016 731 24724 15215 9509 1009 254 12272 1979 1058 895 10293 382 3273 1530 2943 738
is_linear=0
shrinkage=0.06


Tree=38
num_leaves=31
num_cat=0
split_feature=13 38 14 5 41 15 40 42 35 21 27 42 21 12 9 21 9 41 18 37 18 22 39 23 41 0 34 21 30 40
split_gain=65.1096 19.2354 21.1392 17.3014 15.4711 13.7896 17.1 16.0696 11.0207 13.3618 10.476 9.9689 12.8212 19.1451 9.12302 16.5622 24.627 36.7773 46.501 43.1644 8.97428 14.9489 8.58218 10.9383 10.1039 10.0284 9.37284 10.6486 12.3514 12.745
threshold=16.825000000000006 62.389583333333334 20.556250000000002 49.500000000000007 6.5000000000000009 17.656250000000004 8.2500000000000018 65.104166666666671 110.65347222222225 -0.095661075264045395 3.5000000000000004 69.125000000000014 -1.0895289235708521 71.340277777777786 2.7500000000000004 0.089792083587053817 3.6500000000000008 11.050000000000002 96.6041666666667 15.500000000000002 96.4791666666667 -0.42181053315456285 305.39166666666671 0.84999999999999531 15.15 66.000000000000014 165.41666666666669 1.7044057326648263 32.500000000000007 24.850000000000005
decision_type=2 2 2 2 2 2 2 2 2 2 2 2 2 2 2 2 2 2 2 2 2 2 2 2 2 2 2 2 2 2
left_child=3 2 8 -1 -4 6 -3 -8 -2 -10 -11 -5 13 -13 -14 -16 17 -17 -19 -20 -9 -22 24 -24 25 26 27 28 29 -12
right_child=1 5 4 11 -6 -7 7 20 9 10 22 12 14 -15 15 16 -18 18 19 -21 21 -23 23 -25 -26 -27 -28 -29 -30 -31
leaf_value=0.15594499136127021 -0.01969121070414737 -0.061278981942541111 0.047239756339046438 -0.042238332200568676 0.0055094751102989165 0.048355484806368094 -0.037901609163707717 0.050767980741531993 0.06043976861965196 -0.030265938524754069 0.004780597960897099 0.2893880459935152 -0.027099751323253415 -0.008658998678731912 -0.03977086517442173 0.003803260128493332 -0.024276195420181362 -0.027885448447012823 0.17701156471206264 0.61759425453063066 -0.055093692654981923 0.079961905445508685 -0.022491408315359434 0.0081127856112204622 -0.038980046873442961 0.062774820844241228 0.023323220179254388 -0.010813492892284714 0.07718262455210384 0.093548582859859633
leaf_weight=1.885592627339064 96.946533503010869 10.438104607164858 61.518816120922565 97.181830539368093 66.616144422441721 61.088156396523118 13.110011533834038 39.037012528628111 13.773159508593379 37.048490272834897 172.44715635851026 1.1998582314699882 165.63879770413041 2.1956856539472938 17.137104824185371 6.3549496987834591 11.38722811732441 1.7807342158630488 2.019661820493639 1.3261689199134705 8.2868793029338068 4.5816682782024172 94.582925117574632 75.685448664240539 16.614890846423805 12.003668380901216 98.727279033511877 132.96144516114146 9.7343174740672094 6.0262552546337238
leaf_count=53 3785 106 350 9972 336 356 233 283 299 1859 4199 127 14732 171 1796 429 825 98 201 102 124 166 1700 773 497 160 1325 1853 57 212
internal_value=-0.00104304 0.00618804 0.00298677 -0.0252452 0.0255446 0.0271642 0.0100076 0.0214525 -0.000783941 0.00195349 0.000725212 -0.0263609 -0.0189796 0.0966597 -0.020889 0.00482566 0.0382449 0.100253 0.219812 0.351643 0.0364438 -0.00700902 0.00258075 -0.00888764 0.00693446 0.00870075 0.00715493 0.0021848 0.0113676 0.0077779
internal_weight=1339.34 1031.23 894.687 308.108 128.135 136.542 75.4537 65.0156 766.552 669.605 655.832 306.222 209.04 3.39554 205.645 40.0058 22.8687 11.4815 5.12656 3.34583 51.9056 12.8685 618.783 170.268 448.515 431.9 419.896 321.169 188.208 178.473
internal_count=47179 18673 17405 28506 686 1268 912 806 16719 12934 12635 28453 18481 298 18183 3451 1655 830 401 303 573 290 10776 2473 8303 7806 7646 6321 4468 4411
is_linear=0
shrinkage=0.06


Tree=39
num_leaves=31
num_cat=0
split_feature=16 16 41 6 14 0 30 6 0 11 32 32 7 25 25 23 21 2 25 36 31 21 35 7 34 41 7 35 2 0
split_gain=63.7892 18.9886 13.5166 13.0512 14.314 17.9187 12.1516 9.92487 17.667 11.2663 9.79176 9.71555 9.60838 9.49919 9.92013 15.3712 18.6439 16.9322 31.7131 18.7657 9.80685 9.4433 9.07505 8.86915 17.9673 8.79749 12.6712 20.2905 19.4606 8.76285
threshold=96.416666666666671 93.750000000000014 13.15 2.5000000000000004 18.306250000000002 31.500000000000004 9.5000000000000018 1.0000000180025095e-35 42.500000000000007 72.895833333333357 249.75000000000003 64.90000000000002 0.53500000000000014 5835.5000000000009 3722.5000000000005 0.025000000000003002 -1.0895289235708521 30.250000000000004 5266.5000000000009 114.35000000000001 46.500000000000007 0.58042512051896289 147.57569444444448 0.37000000000000005 108.97916666666667 14.350000000000003 0.65000000000000013 121.68194444444447 23.350000000000005 57.500000000000007
decision_type=2 2 2 2 2 2 2 2 2 2 2 2 2 2 2 2 2 2 2 2 2 2 2 2 2 2 2 2 2 2
left_child=1 -1 3 -3 10 6 -6 8 9 -4 21 -2 -7 14 -13 16 -16 19 20 -17 -19 -5 -21 24 -18 29 -27 28 -28 -25
right_child=11 2 7 4 5 12 -8 -9 -10 -11 -12 13 -14 -15 15 17 23 18 -20 22 -22 -23 -24 25 -26 26 27 -29 -30 -31
leaf_value=0.054725437336294515 -0.05410418346692232 0.0015971195464754666 0.015921563845781701 0.011347008642953956 0.091184418074406443 0.029906960809948244 0.033699424351235685 -0.020636955092967511 -0.061853396987097672 0.19328394678388544 0.056052145684597231 -0.030628514991918168 0.0018510287771493557 -0.039814621877221228 0.22538876258268792 0.21248262336357013 -0.060668910449235953 -0.061169880920811666 0.25160204234091499 0.017668484206611417 0.12160300894686801 -0.027997011635720187 -0.038303172129427916 -0.05207467268802763 0.25856201191677153 -0.060609595180595666 0.24958531279451368 0.30183751333038128 -0.060543166077759676 0.092650667322385541
leaf_weight=28.061085738241673 37.053869463503361 572.99777809437364 2.3001953642815334 42.449198662303388 19.965169435366988 82.360074127092957 39.289332343265414 99.887895344290882 3.3048257185146213 2.9337572418153286 9.198746567592023 78.675665991846472 94.213165518827736 72.315534936264157 1.0484608835540701 1.5368845011107612 1.4556275112554424 3.0145216714590779 3.0645446656271815 32.055637819692492 1.6273630568757651 45.504264325834811 15.456711095757781 41.380446903873235 1.1254449784755705 4.0933504500426334 0.96722396556288037 1.158737697638571 2.9501263871788979 1.5630050990730513
leaf_count=179 4134 10220 148 1248 162 570 255 3218 194 103 80 6735 760 8438 103 137 146 212 168 2798 101 1160 1036 3779 80 434 107 120 342 132
internal_value=-0.000983492 0.00603765 0.00469082 0.00708683 0.0165336 0.0245182 0.0530684 -0.0153295 0.046758 0.115337 -0.00284813 -0.0253371 0.0149373 -0.0212916 -0.0142849 -0.00285497 -0.0252342 0.0191247 0.101803 0.00613454 0.00290708 -0.00900831 -0.000540208 -0.0300385 0.0785278 -0.0354156 0.0179345 0.0812723 0.0160299 -0.0468071
internal_weight=1343.01 1042.47 1014.4 905.978 332.98 235.828 59.2545 108.427 8.53878 5.23395 97.1522 300.543 176.573 263.489 191.174 112.498 55.7424 56.7557 7.70643 49.0492 4.64188 87.9535 47.5123 54.694 2.58107 52.1129 9.16944 5.07609 3.91735 42.9435
internal_count=47299 18297 18118 14455 4235 1747 417 3663 445 251 2488 29002 1330 24868 16430 9695 5243 4452 481 3971 313 2408 3834 5140 226 4914 1003 569 449 3911
is_linear=0
shrinkage=0.06


Tree=40
num_leaves=31
num_cat=0
split_feature=13 32 17 22 15 0 2 2 12 36 14 0 40 12 7 22 31 37 2 2 31 22 22 29 5 40 5 34 40 32
split_gain=67.524 14.8954 15.208 11.9568 13.2529 11.8241 13.3286 16.2195 11.174 10.5192 10.4896 9.36022 13.8501 22.7874 9.03655 19.8305 8.87275 14.3858 20.4591 8.42525 20.9515 8.74772 7.85439 7.74152 13.3417 10.6564 9.99913 9.22799 8.52071 12.7792
threshold=17.308333333333337 88.450000000000017 94.645833333333357 -1.2494959924154114 16.574305555555561 49.500000000000007 26.250000000000004 21.950000000000003 76.006944444444457 203.00000000000003 16.106250000000006 39.500000000000007 25.050000000000004 74.368055555555571 0.88500000000000012 -0.2578535914903099 46.500000000000007 12.500000000000002 23.050000000000004 18.050000000000001 60.500000000000007 -0.14450806520692785 -0.85378942143893244 3.5000000000000004 73.500000000000014 7.0500000000000007 80.500000000000014 175.00208333333339 10.750000000000002 188.55000000000004
decision_type=2 2 2 2 2 2 2 2 2 2 2 2 2 2 2 2 2 2 2 2 2 2 2 2 2 2 2 2 2 2
left_child=10 16 9 8 -5 23 7 -7 -4 -3 -1 19 14 -14 -13 -16 22 18 -18 20 21 -12 -2 25 27 -6 -26 -25 29 -27
right_child=1 2 3 4 5 6 -8 -9 -10 -11 11 12 13 -15 15 -17 17 -19 -20 -21 -22 -23 -24 24 26 28 -28 -29 -30 -31
leaf_value=-0.032545869416202876 -0.00023884310139767921 0.004976285979834778 0.011590745108711111 -0.026463189991859273 -0.032421462237904694 0.073698278755629232 0.05940713461199431 -0.0033974620240963963 -0.033311315015299624 0.036388124337506079 -0.062499465990151166 -0.0074329724325475927 0.25848615134770009 -0.060884111689017653 -0.022685721351469897 0.23072382282973453 0.18849001750331698 -0.027101040800111057 0.01289862932794794 -0.029221276082062538 0.22095733867015574 0.073926389010491422 -0.029347917699520602 -0.018874820710378493 0.077669058147679992 -0.024716900283202274 0.017755081401658507 0.034308559715713068 0.0025079345570792311 0.046035189402894736
leaf_weight=167.27086196001619 70.667600294575095 54.642428452149034 34.926265951246023 32.49078631773591 26.395885800011456 12.616124534979461 38.372183728963137 44.385361035354435 46.534241607412696 128.95176687464118 4.6518661035224795 95.266147473827004 1.8786303619854146 1.4063857202418146 2.7886263383552432 1.848706361837684 3.7991079129278678 8.6272279005497676 6.4350728411227465 104.63294363254681 1.7002212312072513 2.6592648830264789 63.226490488275886 28.615223120898008 21.45424722880125 11.985296732746063 18.828391175717115 19.922197986394167 229.52720012702048 39.408843564800918
leaf_count=20269 835 309 298 1372 478 113 512 522 350 718 244 5404 151 113 144 112 153 395 345 6979 101 170 2335 195 135 284 123 107 3919 281
internal_value=-5.46405e-05 0.00859234 0.0119124 0.00732546 0.0106499 0.0131033 0.0320693 0.0136661 -0.0140595 0.0270391 -0.0212568 -0.0125481 0.000534375 0.121757 -0.00345165 0.0783378 -0.00855716 0.0299708 0.0780812 -0.0244269 0.0312414 -0.0128775 -0.0139845 0.008537 0.024139 0.00402776 0.0496648 0.00295431 0.0074526 0.0295355
internal_weight=1325.92 941.812 789.056 605.462 524.002 491.511 95.3737 57.0015 81.4605 183.594 384.104 216.833 103.188 3.28502 99.9035 4.63733 152.755 18.8614 10.2342 113.644 9.01135 7.31113 133.894 396.137 88.8201 307.317 40.2826 48.5374 280.921 51.3941
internal_count=47466 13779 9716 8689 8041 6669 1147 635 648 1027 33687 13418 5924 264 5660 256 4063 893 498 7494 515 414 3170 5522 560 4962 258 302 4484 565
is_linear=0
shrinkage=0.06


Tree=41
num_leaves=31
num_cat=0
split_feature=13 13 32 42 27 28 42 30 32 11 11 7 32 22 14 35 36 42 38 10 31 26 23 9 11 31 5 12 15 12
split_gain=62.6125 21.4855 14.082 14.9115 11.6047 9.98901 9.74059 14.1314 15.0179 8.26446 14.5531 16.6338 14.6979 11.0275 25.6084 17.3735 11.9803 8.37639 8.24802 9.01822 8.42868 7.87082 7.61814 12.0861 12.5702 13.5519 20.2665 18.6223 18.5931 7.66712
threshold=17.308333333333337 20.333333333333336 188.55000000000004 65.104166666666671 3.5000000000000004 2.5000000000000004 78.062500000000014 3.5000000000000004 237.35000000000002 73.729166666666671 70.895833333333357 0.88500000000000012 88.450000000000017 -0.44730224390465162 18.156250000000004 178.17430555555558 180.90000000000001 70.395833333333357 56.945833333333347 81.416666666666671 2.5000000000000004 0.76563949998708669 -0.15000000000000116 2.6500000000000008 73.104166666666671 46.500000000000007 86.500000000000014 71.340277777777786 15.992361111111114 75.715277777777786
decision_type=2 2 2 2 2 2 2 2 2 2 2 2 2 2 2 2 2 2 2 2 2 2 2 2 2 2 2 2 2 2
left_child=4 2 5 -4 -1 9 -5 -8 -9 10 17 12 -12 14 15 21 -15 -2 19 -3 -21 -14 -6 -24 25 -25 27 28 -27 -26
right_child=1 18 3 6 22 -7 7 8 -10 -11 11 -13 13 16 -16 -17 -18 -19 -20 20 -22 -23 23 24 29 26 -28 -29 -30 -31
leaf_value=-0.034524969505809619 -0.053514240986888215 9.9358984632438971e-05 -0.040970242495825843 0.033534505961532235 -0.026743057652347468 0.028414704496135802 -0.019606642547698103 0.0037272433077090712 0.069581888933652011 -0.010081808724501706 -0.031264513805586647 0.14451592667421459 0.13755303724861259 0.066545314362284419 0.0013614894073279093 0.22594300257524008 -0.029816327048216618 9.9624789437216397e-05 0.058823005359201604 0.041003901915527816 0.0094521715403401516 0.025840549100871416 -0.015149201213823139 0.021780468014090244 -0.054402863300099684 -0.060637766329103296 -0.0609571558392005 0.35944826534656643 0.22264278681562596 0.030874934039737897
leaf_weight=165.16239621769637 15.195655086077748 59.559160821139812 15.899993606843053 92.012733126990497 87.768684663344175 32.767891200259328 42.638433645479381 36.258443364873528 18.998337782919407 378.26607761438936 15.696335855871437 4.0442721527069798 4.0874984096735698 7.0609007710591021 12.747922601178287 3.9507139259949318 13.57369226310402 33.882177313789725 21.240839578211308 76.272248979657888 50.768090888857841 5.1076187640428543 88.640907944180071 11.56938163470477 7.8265567407943291 1.3812930318526917 1.5405616359785197 1.5668352553620932 2.1055598468519747 7.3690014644525945
leaf_count=18573 587 336 128 687 6700 185 587 284 102 6581 777 135 96 173 198 139 466 1198 139 414 278 156 6051 885 434 143 124 88 118 354
internal_value=-0.00189778 0.0063708 0.00153791 0.0148452 -0.0226288 -0.00366508 0.0195183 0.00634441 0.0263693 -0.00579465 0.00826457 0.0266052 0.0189416 0.0358787 0.0619541 0.120713 0.00315743 -0.0165005 0.0233963 0.0193636 0.0283951 0.0755 -0.0132623 -0.00356397 0.0272199 0.0609076 0.129555 0.18763 0.110423 -0.0130479
internal_weight=1314.96 940.029 732.189 205.808 374.931 526.381 189.908 97.8952 55.2568 493.613 115.347 66.269 62.2247 46.5283 25.8938 13.1458 20.6346 49.0778 207.84 186.6 127.04 9.19512 209.769 122 33.3592 18.1636 6.59425 5.05369 3.48685 15.1956
internal_count=47116 13646 12479 1788 33470 10691 1660 973 386 10506 3925 2140 2005 1228 589 391 639 1785 1167 1028 692 252 14897 8197 2146 1358 473 349 261 788
is_linear=0
shrinkage=0.06


Tree=42
num_leaves=31
num_cat=0
split_feature=13 16 35 32 5 0 15 33 36 14 34 22 36 30 2 11 41 36 36 11 26 0 23 9 15 32 41 10 33 2
split_gain=52.9369 19.3537 10.4326 13.3619 12.2983 13.1298 10.6956 8.95479 8.85151 11.3765 8.9161 10.8935 9.48634 18.6438 18.7867 14.8925 14.0484 9.6715 9.58799 9.54737 11.2564 12.9559 13.9251 13.7566 14.6352 9.35468 14.7322 9.10835 8.59763 8.56394
threshold=17.091666666666672 94.250000000000014 271.78194444444449 249.75000000000003 83.500000000000014 21.500000000000004 17.104861111111116 66.441666666666677 281.85000000000008 18.477083333333336 180.33750000000001 -1.0018834692914422 180.90000000000001 5.5000000000000009 18.500000000000004 85.187500000000014 6.5000000000000009 270.15000000000003 254.35000000000005 81.479166666666671 0.99729583465308924 47.500000000000007 -0.28749999999999865 2.8500000000000001 18.546527777777779 130.95000000000002 12.600000000000001 79.750000000000014 122.91666666666667 31.700000000000006
decision_type=2 2 2 2 2 2 2 2 2 2 2 2 2 2 2 2 2 2 2 2 2 2 2 2 2 2 2 2 2 2
left_child=29 -2 3 4 5 -3 -5 -7 10 -10 12 -12 13 14 28 17 -15 18 25 20 21 23 -23 24 -16 -14 -27 -18 -9 -1
right_child=1 2 -4 6 -6 7 -8 8 9 -11 11 -13 15 16 19 -17 27 -19 -20 -21 -22 22 -24 -25 -26 26 -28 -29 -30 -31
leaf_value=-0.023209188310909918 0.031534808090316661 -0.053558779653322973 -0.02668646777134874 -0.0096315723242573637 -0.024310533702628534 -0.026476236278468211 0.045517630912386413 0.071779701649444444 -0.029910457990507233 0.0086595574193689649 -0.0033605911095283326 0.045191478405342017 -0.01464420167286894 0.041532792815911351 0.034404908344866002 0.042553370014414969 -0.036765198371494681 0.03619128507165216 -0.042196283102648217 -0.053611397219113642 -0.041056491994903056 0.18508438410645972 0.054136905060762096 -0.037232059900419098 0.17693478987259756 0.0013027873481823043 0.058289808956258481 0.010093032264205833 0.1871912970885487 0.015859923161587523
leaf_weight=307.72847699327394 104.74576472491026 13.310330462642012 37.572684510145336 17.005023992620409 53.630460818763822 28.291766113601625 49.545065797865391 5.2921045171096903 46.971601143479347 66.515712151303887 24.222856502979994 53.117075248155743 109.73703426588327 22.769942413084209 23.536090563517067 30.268008219078183 30.538381772115827 22.591880963183939 22.482527886517346 4.4170207148417822 5.7674063881859174 4.4360354212112716 8.5743094058707339 8.6031422619707865 2.9146895846351972 130.4675478329882 18.667964683845639 29.225665753241628 4.1427542446181178 21.616879409179091
leaf_count=29626 624 319 432 212 2481 984 276 170 917 425 152 670 2125 252 927 204 551 293 336 138 349 119 255 301 54 1570 277 349 57 1816
internal_value=0.000164327 0.00716216 0.00424324 0.0056316 0.00340366 0.00547704 0.0314258 0.00659393 0.00797949 -0.0073043 0.0110671 0.029985 0.00804681 0.0205706 0.0439123 0.00241781 0.00142881 -0.00157902 -0.00461185 0.0311902 0.0381484 0.0476525 0.098785 0.0286745 0.0501107 -0.00134772 0.00843611 -0.0138507 0.122456 -0.0206449
internal_weight=1308.71 979.361 874.615 837.042 770.492 716.862 66.5501 703.552 675.26 113.487 561.772 77.3399 484.433 150.218 67.6836 334.215 82.534 303.947 281.355 58.2487 53.8317 48.0643 13.0103 35.0539 26.4508 258.873 149.136 59.764 9.43486 329.345
internal_count=47261 15819 15195 14763 14275 11794 488 11475 10491 1342 9149 822 8327 3522 2370 4805 1152 4601 4308 2143 2005 1656 374 1282 981 3972 1847 900 227 31442
is_linear=0
shrinkage=0.06


Tree=43
num_leaves=31
num_cat=0
split_feature=17 13 2 29 39 33 43 23 30 41 41 22 26 1 21 42 26 2 2 17 2 5 27 35 23 20 21 34 12 12
split_gain=54.5474 17.0273 12.9708 15.6601 30.3082 24.5504 10.7958 10.504 13.5275 10.2111 9.16625 11.7151 10.2449 9.90703 12.2845 22.2636 11.6397 13.7523 11.8007 10.73 10.2122 10.1084 14.7381 25.2364 12.6665 9.15606 8.29886 8.23175 10.712 9.44762
threshold=96.604166666666671 19.358333333333338 31.700000000000006 1.0000000180025095e-35 221.50625000000002 172.10833333333335 15.000000000000002 0.39583333333333309 4.5000000000000009 4.0500000000000007 12.750000000000002 -0.91953820376387785 0.65965290795836629 1.0000000180025095e-35 -0.23590684236879061 72.250000000000014 0.87386573945945001 18.050000000000001 19.950000000000003 95.479166666666671 26.750000000000004 78.500000000000014 7.5000000000000009 182.56388888888893 0.42916666666666986 0.86773875168470849 -0.65692456541444322 234.71041666666667 75.423611111111128 76.881944444444457
decision_type=2 2 2 2 2 2 2 2 2 2 2 2 2 2 2 2 2 2 2 2 2 2 2 2 2 2 2 2 2 2
left_child=1 9 7 4 -4 -6 -3 -2 25 -1 11 -11 -13 14 15 -14 18 -18 -16 20 -15 27 23 24 -23 -9 -17 28 -20 -30
right_child=2 6 3 -5 5 -7 -8 8 -10 10 -12 12 13 19 16 26 17 -19 21 -21 -22 22 -24 -25 -26 -27 -28 -29 29 -31
leaf_value=-0.030803392840476521 -0.038854402282778679 0.0080965392809587387 -0.0088090300644378308 -0.050489287003572907 0.38751801787273366 0.06698288032995374 0.028018488554125105 0.011032820647399045 0.19321607463850154 -0.013641530831925921 -0.014895505997263149 0.076615142262688521 0.22459292745358406 0.00075053471195953513 -0.023035781611397077 -0.065020932128587755 0.086095095550738965 -0.023349528218665282 -0.017800529086012085 -0.0093557229666465999 0.043395822552594748 0.0052756038020217435 0.01866099420698434 0.22294819587287484 0.13043192523865477 -0.040237392130712264 0.080144199954203396 0.097724161505460358 0.11237396011159688 0.01911375264395198
leaf_weight=38.407697122078389 154.90027438709512 306.40101033449173 5.7894587423652393 5.8188271028920999 1.6044951360672715 1.8544555492699144 143.92280492931604 27.534587861038744 1.1797131192870427 100.2005472406745 105.5106022846885 7.9935240764170876 2.9190283026546222 51.849441710859537 13.979197314009069 2.3639805628918111 4.6689039221964768 36.024397291243076 21.994764753617346 148.50123919220641 33.133598152548075 7.0896282931789809 14.13347685523331 4.5206333938986054 4.9391118856146932 23.025598265230656 3.541913297958672 4.3916884465143076 5.1859658025205162 15.899860617704688
leaf_count=1152 18968 1959 619 555 111 108 988 2988 111 1520 4990 120 154 641 330 91 123 1586 650 5590 354 295 373 158 138 2010 176 59 98 362
internal_value=-1.42226e-05 0.00556217 -0.0271174 0.0266273 0.0751468 0.215669 0.0144636 -0.0310362 -0.00762982 -0.000828446 0.0011267 0.00462432 0.00940142 0.00796921 0.0204875 0.0890375 0.0159331 -0.0107925 0.0277371 0.000374492 0.0173773 0.0368186 0.0636587 0.102088 0.0566659 -0.0123161 0.0220383 0.0194709 0.0114937 0.0420507
internal_weight=1299.28 1077.57 221.707 15.0672 9.24841 3.45895 450.324 206.64 51.7399 627.249 588.842 483.331 383.13 375.137 141.653 8.82492 132.828 40.6933 92.1343 233.484 84.983 78.1551 30.6829 16.5494 12.0287 50.5602 5.90589 47.4723 43.0806 21.0858
internal_count=47377 21907 25470 1393 838 219 2947 24077 5109 18960 17808 12818 11298 11178 4593 421 4172 1709 2463 6585 995 2133 964 591 433 4998 267 1169 1110 460
is_linear=0
shrinkage=0.06


Tree=44
num_leaves=31
num_cat=0
split_feature=17 13 26 20 23 32 42 20 9 17 7 5 33 2 11 2 8 32 15 36 38 9 2 2 11 25 26 35 26 0
split_gain=41.2821 16.0041 15.7082 13.0611 11.0574 10.7774 9.8846 8.73249 11.3369 7.99681 12.9897 13.9812 18.6377 31.6897 13.5109 27.8455 8.46791 7.74241 11.8831 9.01718 13.4986 11.6154 10.8062 8.99335 16.0425 12.9237 11.6047 11.1517 11.0033 14.6694
threshold=95.812500000000014 20.991666666666671 0.88109187050815296 -0.6458295238254691 -0.55833333333333079 91.200000000000003 82.687500000000014 -0.074235455871871539 2.6500000000000008 96.562500000000014 0.55500000000000016 81.500000000000014 111.2916666666667 26.650000000000002 74.145833333333357 26.150000000000002 1.0000000180025095e-35 230.25000000000003 18.352083333333336 290.35000000000008 56.945833333333347 1.4500000000000002 24.050000000000004 23.800000000000001 83.437500000000014 2485.5000000000005 0.92463000872504308 134.15208333333337 0.59443551510254478 41.500000000000007
decision_type=2 2 2 2 2 2 2 2 2 2 2 2 2 2 2 2 2 2 2 2 2 2 2 2 2 2 2 2 2 2
left_child=1 5 3 -2 -5 7 9 8 -1 10 16 -12 13 -13 15 -14 -6 19 -19 20 23 -21 -23 24 26 27 -7 -25 -29 -30
right_child=2 -3 -4 4 6 17 -8 -9 -10 -11 11 12 14 -15 -16 -17 -18 18 -20 21 -22 22 -24 25 -26 -27 -28 28 29 -31
leaf_value=-0.011096973720320993 0.13690344946444488 0.030940479065573252 -0.024229507360694021 -0.04023573265779077 -0.023397952102735656 0.0032290149160025127 -0.030312916479440004 -0.018886248740822412 0.12338342392636147 -0.020330910234849894 0.012349449573088828 0.3328452571550638 -0.007707684803133448 0.0015031354439193154 -0.0031510563607153094 0.21285677868713798 0.062751662470070468 0.0074792405605501331 0.052830270980401745 -0.044553430994561764 0.077152913513936563 -0.025229562323956175 0.032351377679936663 -0.019665922386382526 0.055525968212017843 -0.015067967990502942 0.061052402658096604 0.0014675466687209477 0.070019345154909193 -0.0059866593212459865
leaf_weight=5.7699542474001628 2.3891495582647613 91.735007021576166 276.17539194319397 26.753539194352925 36.560909071005881 144.58628911152482 30.332717031240463 95.512372814118862 3.7063411958515644 30.656817898154259 60.737067606765777 2.2784989140927818 4.2462328802794236 1.9103537956252692 10.561371888034044 4.0031938711181283 4.627302306238561 58.787919228896499 32.188057776540518 28.824412895366549 9.8925891537219268 23.243881912901998 23.693176332861185 27.399467234499753 30.844919757917523 122.36173223424703 13.676735126413403 38.535536590963602 28.724697781726718 13.408851896412669
leaf_count=181 129 549 29271 1622 1150 1659 1240 1835 81 2259 2220 110 138 110 301 121 161 384 221 250 64 182 178 282 191 1662 183 230 193 126
internal_value=-0.00109398 0.00737371 -0.0147616 -0.0026029 -0.00417014 0.00429038 0.00101979 -0.0134357 0.0415006 0.00712851 0.0138671 0.0274363 0.0672775 0.181735 0.0417898 0.0993255 -0.0137194 0.00741205 0.0235248 0.00451043 0.00787738 -0.0145741 0.0038365 0.00624388 0.015941 -0.00171425 0.00822598 0.0134056 0.0246385 0.0458307
internal_weight=1284.12 792.892 491.233 215.057 212.668 701.157 185.914 104.989 9.4763 155.582 124.925 83.7367 22.9997 4.18885 18.8108 8.24943 41.1882 596.168 90.976 505.192 429.431 75.7615 46.9371 419.538 189.108 230.43 158.263 108.069 80.6691 42.1335
internal_count=47283 8451 38832 9561 9432 7902 7810 2097 262 6570 4311 3000 780 220 560 259 1311 5805 605 5200 4590 610 360 4526 2033 2493 1842 831 549 319
is_linear=0
shrinkage=0.06


Tree=45
num_leaves=31
num_cat=0
split_feature=14 13 16 5 22 33 42 14 35 36 22 30 36 15 25 0 5 12 5 5 15 42 0 25 7 5 18 39 3 12
split_gain=34.9387 21.073 11.2344 12.1217 11.4359 10.8021 11.4829 12.1968 9.68632 8.71502 16.5587 8.55058 12.2262 10.8189 13.9875 15.8368 20.0127 13.9396 13.9325 13.5129 10.6702 9.50129 21.6858 13.4798 9.03049 11.466 20.2052 35.0149 12.8338 20.6563
threshold=16.106250000000006 19.941666666666674 93.916666666666671 72.500000000000014 -1.4749707273323407 87.475000000000009 80.104166666666671 18.668750000000003 149.21180555555557 321.75000000000006 -0.19014654906494136 5.5000000000000009 187.55000000000004 17.450694444444448 3248.5000000000005 32.500000000000007 75.500000000000014 74.881944444444457 75.500000000000014 68.500000000000014 18.546527777777779 60.062500000000007 40.500000000000007 6035.5000000000009 0.6150000000000001 90.500000000000014 97.062500000000014 265.10416666666674 1.0000000180025095e-35 73.923611111111128
decision_type=2 2 2 2 2 2 2 2 2 2 2 2 2 2 2 2 2 2 2 2 2 2 2 2 2 2 2 2 2 2
left_child=9 5 -3 -4 -5 -2 11 -8 -9 -1 -11 13 -13 17 15 18 19 21 -15 -17 -14 22 -7 24 -23 26 28 -28 29 -26
right_child=1 2 3 4 -6 6 7 8 -10 10 -12 12 20 14 -16 16 -18 -19 -20 -21 -22 23 -24 -25 25 -27 27 -29 -30 -31
leaf_value=-0.030319559313681081 -0.021919806586214813 0.050882216462130141 0.00015267718851132308 0.0022697960799235991 0.040570659554390827 -0.011924547542775324 -0.026010142674280742 0.051004508387183976 -0.0043065124543278663 0.29914686865130591 -0.060465989940556922 -0.031145805018509984 -0.024987860219514341 0.03436524813766819 0.0033702675951057283 0.014832018277870996 -0.030267961097018559 -0.021508900385823003 0.13306772671122494 0.081808878263630994 0.020056743475148683 -0.0039081686421601081 0.21710649582175387 -0.060824114655021876 0.030712809329383559 -0.061110330091670564 0.43044581151101857 -0.015461756739639057 -0.0096595835909326008 0.15934734395879802
leaf_weight=147.29646406089887 92.861087412107736 30.064216062426567 139.96114284172654 44.983287144452333 74.617171008139849 3.5626201564446083 109.02749436581507 13.234383014962075 82.155265714973211 0.83322478085756291 1.0317220138385881 52.704739599488676 27.963441194500774 10.303575730882587 84.458532000891864 24.220431768335402 18.032049872912467 71.542276019696146 10.290219741873441 19.636042969301343 58.614137200638652 66.221468336414546 2.5561251235194504 9.7282001101411861 38.682141066994518 5.009102893061935 1.2214138642884784 1.3181315450929103 23.05075643165037 5.0848182919435194
leaf_count=20304 4948 215 802 240 489 220 4086 98 715 92 140 1092 366 126 1714 267 337 2988 173 235 413 2717 124 916 1733 399 106 101 955 246
internal_value=-0.00140716 0.00222247 0.0161604 0.0121387 0.0261652 -0.00263248 -0.00020762 -0.0123014 0.00336735 -0.0286877 0.100203 0.00442018 -0.00836193 0.00892826 0.0205335 0.0381079 0.022942 0.000430096 0.0836845 0.0448198 0.00550792 0.0104635 0.0837539 0.0074801 0.0122065 0.0265563 0.0328877 0.199001 0.0265742 0.0456575
internal_weight=1270.27 1121.1 289.626 259.562 119.6 831.478 738.617 204.417 95.3896 149.161 1.86495 534.2 139.282 394.918 166.941 82.4823 61.8885 227.977 20.5938 43.8565 86.5776 156.435 6.11875 150.316 140.588 74.3664 69.3573 2.53955 66.8177 43.767
internal_count=47357 26821 1746 1531 729 25075 20127 4899 813 20536 232 15228 1871 13357 2852 1138 839 10505 299 502 779 7517 344 7173 6257 3540 3141 207 2934 1979
is_linear=0
shrinkage=0.06


Tree=46
num_leaves=31
num_cat=0
split_feature=25 37 30 42 41 15 31 41 4 17 25 2 17 36 41 41 0 5 23 30 42 23 25 39 27 31 2 4 42 41
split_gain=37.7821 19.0136 13.5868 26.3708 22.8794 15.9474 13.0638 22.2354 27.0751 15.724 13.6651 12.3459 14.2896 45.7976 11.6553 18.6699 13.5111 21.7808 19.8549 22.3886 19.4993 14.0631 12.3107 11.6853 16.1697 24.2285 11.5993 25.6482 27.2651 46.078
threshold=5835.5000000000009 9.5000000000000018 29.500000000000004 81.750000000000014 5.5500000000000007 15.949305555555558 42.500000000000007 6.5000000000000009 1.0000000180025095e-35 95.270833333333357 1698.5000000000002 28.350000000000005 96.479166666666671 270.15000000000003 9.7000000000000011 8.1000000000000014 53.500000000000007 56.500000000000007 0.5416666666666653 2.5000000000000004 71.104166666666671 0.025000000000003002 1948.5000000000002 180.29791666666674 6.5000000000000009 37.500000000000007 22.500000000000004 1.0000000180025095e-35 72.250000000000014 15.350000000000003
decision_type=2 2 2 2 2 2 2 2 2 2 2 2 2 2 2 2 2 2 2 2 2 2 2 2 2 2 2 2 2 2
left_child=1 6 3 5 -4 -3 10 8 -8 -9 -1 -5 -13 -14 15 -7 22 -18 19 20 -19 -21 -16 24 25 -24 27 -11 29 -29
right_child=-2 2 4 11 -6 14 7 9 -10 26 -12 12 13 -15 16 -17 17 18 -20 21 -22 -23 23 -25 -26 -27 -28 28 -30 -31
leaf_value=0.029898651774377283 -0.039301373517652102 -0.026486270205668648 0.057764484529841099 -0.023883683111990038 0.0017156848328827008 0.011908212814494388 -0.014386787963988812 0.19641501754146773 0.25392460228240682 -0.060876461039458082 -0.030086182563977718 0.00096719638551188416 -0.038410466452009566 0.35835800996095968 0.028346976348308815 0.050356144777831395 -0.023310585937199181 0.26590022474531377 0.0072485364157353176 2.9051311630287649e-05 0.087410942578086556 0.10862104578107647 0.24792839247601881 -0.0073250981310885657 -0.01191419255131702 -0.029467897181601116 -0.031938376064928942 0.32250982154065161 -0.061838048550005464 -0.033486300158172277
leaf_weight=15.261805198155342 84.561699652578682 43.778256762307137 45.901720218360424 156.01172408089042 61.144414187408984 190.43697764258832 2.5756265483796588 1.3849912136793125 2.85438336385414 5.6968821478076261 131.25131522631273 32.341158766765147 2.6881470666266969 1.7157558188773689 46.29426297172904 59.727032407652587 20.06453907629475 3.7937226728536206 20.730368114076555 10.123547957744451 5.2563131935894489 7.4547229274176052 2.8859296510927361 277.01831492362544 5.5337490518577397 1.8667131979018448 26.970133899245411 3.2809587339870632 2.4092204091139138 2.1776416823267937
leaf_count=133 11332 4998 281 3376 347 3181 207 32 187 592 8352 571 258 123 360 750 292 114 300 148 194 84 140 7419 138 123 2717 243 155 183
internal_value=-0.000550292 0.00220654 0.00555656 0.00312157 0.0257496 0.00856783 -0.0149834 0.0124145 0.126656 -0.00238351 -0.0238378 -0.0165143 0.0147743 0.11617 0.0109245 0.0210877 0.00458447 0.0290819 0.0512791 0.0855573 0.162233 0.0460815 -0.000366663 -0.00499338 0.0578012 0.138974 -0.00917605 0.0360813 0.106286 0.18049
internal_weight=1273.19 1188.63 994.767 887.721 107.046 694.964 193.863 47.3498 5.43001 41.9198 146.513 192.757 36.7451 4.4039 651.186 250.164 401.022 67.4232 47.3587 26.6283 9.05004 17.5783 333.599 287.305 10.2864 4.75264 40.5348 13.5647 7.86782 5.4586
internal_count=47330 35998 23197 22569 628 18241 12801 4316 394 3922 8485 4328 952 381 13243 3931 9312 1132 840 540 308 232 8180 7820 401 263 3890 1173 581 426
is_linear=0
shrinkage=0.06


Tree=47
num_leaves=31
num_cat=0
split_feature=25 32 14 27 11 32 40 41 38 38 14 34 35 38 14 42 7 14 7 20 25 24 20 39 34 7 40 9 11 42
split_gain=25.7064 19.7778 17.8897 16.2351 9.82409 9.61704 12.0933 11.6805 10.9297 10.9366 18.0703 11.0116 9.88962 9.42879 11.4619 9.3948 8.16646 8.65918 11.4445 8.15339 8.07038 7.52793 13.9242 8.06005 25.483 11.2675 24.8958 7.00991 21.8294 30.8683
threshold=5835.5000000000009 91.200000000000003 19.877083333333335 9.5000000000000018 81.479166666666671 237.35000000000002 17.450000000000003 9.1000000000000014 43.645833333333336 10.758333333333338 16.510416666666671 147.21875000000003 171.06250000000003 104.59583333333333 18.668750000000003 80.479166666666671 0.52500000000000013 18.306250000000002 0.66500000000000015 3.7022037589334578 1948.5000000000002 1994.5000000000002 2.5235539506974978 175.39375000000004 103.33333333333336 0.51000000000000012 22.850000000000005 2.9500000000000006 69.479166666666671 72.250000000000014
decision_type=2 2 2 2 2 2 2 2 2 2 2 2 2 2 2 2 2 2 2 2 2 2 2 2 2 2 2 2 2 2
left_child=1 21 5 -4 27 6 20 -8 9 -9 -11 -12 16 -14 15 -15 -7 18 -18 -13 -3 -1 23 24 25 26 -23 -2 29 -29
right_child=4 2 3 -5 -6 12 7 8 -10 10 11 19 13 14 -16 -17 17 -19 -20 -21 -22 22 -24 -25 -26 -27 -28 28 -30 -31
leaf_value=-0.018556106739184293 -0.04366010538703289 0.016077760800402168 -0.014699840490559122 0.030947347788846905 0.13528571767641895 0.072772870462802342 0.054886916822863001 0.0032331678428725967 -0.017489903362610894 -0.060647543010164937 0.10134431165779734 -0.00026092094992657142 -0.035514973036313194 0.021430543812713122 0.06244734479129594 -0.049121367266274259 -0.044240485088398881 0.071174870480618505 0.042233313259167959 0.079058269543228116 -0.0090608774482423948 0.2912986795104025 0.14992173242575857 -0.040958890746918435 0.30178235429744454 -0.035719145362732262 -0.060710219246090602 -0.010809775597294661 -0.04715295729949058 0.3341786524725216
leaf_weight=196.36145076993853 67.471072140615433 51.438715264201164 34.700062226504087 146.35732482932508 1.2250840622000385 16.352038205135614 20.12386779487133 74.285057083703578 48.251801778562367 5.2487011286430052 13.312479569576679 11.973901074379684 17.346133737359196 18.716376038733873 13.594491541385649 10.667397715151308 10.688740510959184 8.6464006677269918 11.371207733638583 7.6434266353026024 432.7563691586256 1.3615015717223342 2.5520630474202326 9.0427967719733697 1.157385520171373 7.1945911906659603 1.543068603146821 2.4197001885622735 8.9575743279419822 1.5203685192391274
leaf_count=9294 9448 547 204 850 143 188 214 2872 1337 603 200 244 282 165 76 139 192 52 321 70 15868 116 161 814 95 751 169 377 1174 222
internal_value=-0.000778212 0.00148754 0.00522371 0.022199 -0.0333422 0.00124466 -0.00144559 0.0117937 0.00639784 0.0166467 0.0427459 0.0592259 0.0179056 0.00182343 0.0168933 -0.00418241 0.0385215 0.0202816 0.000334031 0.0306439 -0.00639026 -0.0147631 0.0178302 0.00122342 0.03511 0.00454879 0.104292 -0.0359126 0.00461652 0.122312
internal_weight=1254.28 1172.69 953.474 181.057 81.5938 772.417 665.034 180.839 160.715 112.464 38.1785 32.9298 107.383 60.3244 42.9783 29.3838 47.0584 30.7063 22.0599 19.6173 484.195 219.213 22.8514 20.2993 11.2565 10.0992 2.90457 80.3687 12.8976 3.94007
internal_count=47188 35824 24424 1054 11364 23370 21955 5540 5326 3989 1117 514 1415 662 380 304 753 565 513 314 16415 11400 2106 1945 1131 1036 285 11221 1773 599
is_linear=0
shrinkage=0.06


Tree=48
num_leaves=31
num_cat=0
split_feature=25 31 32 40 38 12 30 4 5 4 21 5 36 22 6 0 11 26 12 2 26 2 22 9 40 2 3 25 23 16
split_gain=32.5744 14.1638 14.1456 12.3311 15.4621 9.5365 9.4835 8.60604 8.13986 9.81517 8.73826 13.6894 23.5324 38.8095 13.9836 14.9853 12.1692 11.374 11.3475 10.1834 16.3699 19.6858 25.3186 24.7688 14.722 9.30369 9.16151 8.12323 17.5729 7.94595
threshold=5835.5000000000009 1.5000000000000002 67.800000000000026 15.950000000000001 -5.5687499999999792 81.784722222222243 37.500000000000007 1.0000000180025095e-35 90.500000000000014 1.0000000180025095e-35 0.47157955161387216 87.500000000000014 180.90000000000001 0.013706491010594802 1.5000000000000002 57.500000000000007 62.604166666666679 1.09060727661176 70.784722222222243 23.800000000000001 0.95231495487830409 21.250000000000004 0.070362259645591507 2.5500000000000003 24.550000000000004 18.050000000000001 1.0000000180025095e-35 4975.5000000000009 0.33333333333333309 95.583333333333357
decision_type=2 2 2 2 2 2 2 2 2 2 2 2 2 2 2 2 2 2 2 2 2 2 2 2 2 2 2 2 2 2
left_child=1 3 -3 6 7 -2 -1 -5 10 -10 11 14 -13 18 15 16 -4 19 -14 20 26 25 23 -23 -21 -22 29 -11 -29 -16
right_child=5 2 8 4 -6 -7 -8 -9 9 27 -12 12 13 -15 17 -17 -18 -19 -20 24 21 22 -24 -25 -26 -27 -28 28 -30 -31
leaf_value=-0.0037411008461329018 -0.041882175655544238 -0.033909251798292503 0.15513731944601555 -0.03297916579245997 0.055436233146908091 0.12119107016097486 0.034882733451073906 0.023272116432569889 -0.045933220006920454 -0.01076549715175556 -0.0026607419545091253 -0.021436135716345641 0.20645960489094201 0.51103990765266893 0.096353335053059791 0.071828527405780884 -0.024491015904665098 -0.038648337866676923 -0.060805863893094086 0.0046425938610332304 0.09430070970546009 0.33985544774750004 0.041659024020384058 0.072308163708236506 0.16731439433642684 -0.030635957493954345 -0.025587632116978367 -0.028699776901461513 0.24442856812610542 -0.0046186498969219931
leaf_weight=127.87483110930771 77.163649138063192 49.290571980178356 1.3885050653479982 13.96014368534088 46.133389976806939 1.3129670456983138 27.874048572033644 32.78809233289212 29.406545193865895 10.7594928573817 668.38579521980137 3.0636583836749187 1.1227740691974766 1.0490962755866347 6.671301422640683 7.0375924780964842 61.270363979972899 9.3286551809869689 1.1656136349774895 43.994677967857569 4.186902626417579 3.3834564285352808 3.987745588645339 1.9715347583405671 2.0983587000519028 4.4014308443292975 9.5549673386849445 1.8667172514833503 1.5540063926018772 4.842212125658989
leaf_count=1369 11124 3719 124 267 605 131 181 318 3091 839 14097 357 119 101 65 317 5501 647 104 2269 138 182 187 93 195 240 191 185 71 243
internal_value=-0.00172191 0.000766651 -0.00262839 0.0134901 0.0307931 -0.0391538 0.00317133 0.00647414 -0.000881227 -0.0261616 0.000432259 0.0125559 0.0986368 0.208858 0.00919851 -0.0111866 -0.0205105 0.0242456 0.0703252 0.0311407 0.0537059 0.0958423 0.156118 0.241353 0.0120481 0.030272 0.0178441 0.0148402 0.0953802 0.0538878
internal_weight=1258.89 1180.41 931.782 248.631 92.8816 78.4766 155.749 46.7482 882.491 43.5868 838.905 170.519 6.40114 3.33748 164.118 69.6965 62.6589 94.4212 2.28839 85.0926 38.9996 17.9311 9.34274 5.35499 46.093 8.58833 21.0685 14.1802 3.42072 11.5135
internal_count=47070 35815 33075 2740 1190 11255 1550 585 29356 4186 25170 11073 681 324 10392 5942 5625 4450 223 3803 1339 840 462 275 2464 378 499 1095 256 308
is_linear=0
shrinkage=0.06


Tree=49
num_leaves=31
num_cat=0
split_feature=18 25 0 20 16 16 25 14 7 41 6 18 2 5 21 7 20 0 42 11 26 7 11 34 0 41 22 9 7 18
split_gain=32.353 15.004 21.005 26.8063 12.8011 11.2315 26.989 10.6995 24.81 9.67296 10.135 11.487 37.2551 27.4533 48.8642 12.5587 16.8708 10.5743 9.78029 11.0852 11.9926 14.0255 12.6269 11.0104 12.2031 11.1092 10.2913 9.15377 10.5385 15.8407
threshold=96.9513888888889 3947.5000000000005 59.500000000000007 2.1444313182420065 93.750000000000014 96.583333333333357 4789.5000000000009 15.097916666666668 0.63500000000000012 15.000000000000002 2.5000000000000004 96.645833333333329 27.750000000000004 84.500000000000014 0.92924143770553969 0.88500000000000012 0.73518269767722455 22.500000000000004 61.562500000000007 71.520833333333357 0.90084621568940293 0.6150000000000001 73.312500000000014 161.42083333333338 37.500000000000007 4.9000000000000012 0.070362259645591507 2.4500000000000006 0.72500000000000009 97.090277777777786
decision_type=2 2 2 2 2 2 2 2 2 2 2 2 2 2 2 2 2 2 2 2 2 2 2 2 2 2 2 2 2 2
left_child=1 4 7 5 -1 -4 -7 8 -3 10 11 -6 15 -14 -15 -13 -17 -12 -19 -20 23 26 -23 25 -25 -21 -22 -2 -29 -30
right_child=27 2 3 -5 9 6 -8 -9 -10 -11 17 12 13 14 -16 16 -18 18 19 20 21 22 -24 24 -26 -27 -28 28 29 -31
leaf_value=0.052084279495211057 -0.040743452766457258 0.32610299385430169 -0.017853402431731676 0.23833132246466615 5.7415786188546134e-05 0.37369726289494259 -0.060532510738270588 -0.01354936334638001 -0.06043241344027827 -0.028443896123388917 0.081059421411749252 -0.030973366542961435 0.006091977287599179 0.44559178262225085 0.047276599153672133 0.2708511991635601 -0.023544903101586127 0.081679864199588753 -0.03350767637185894 0.045669507824892895 0.12306272521787823 0.0978112477243539 -0.050609204693308367 0.045694233262182554 0.0029217020794214477 -0.005452154506948281 0.031724014947872185 -0.03120525835010313 -0.060778129187088685 0.072915963789938198
leaf_weight=22.370018839836121 81.598434754647315 1.0858857519924634 6.6378573323599976 2.6439883648417881 479.55792516795918 0.96661682892590794 1.1035991935059426 257.84587470721453 1.3299373104237018 28.209074412938207 8.7146752886474115 13.498050491325563 2.6824916065670541 2.2492690877988935 2.1866719098761678 1.2662890600040548 1.5691184629686175 7.4934953041374674 17.880860223900527 17.361111802514642 10.324933107476687 2.9653667281381768 6.7851799493655562 53.943431239575148 43.277997031807899 129.08078204561025 7.7923776921816161 22.431658599060029 4.5310774468816808 10.783257048111407
leaf_count=164 11494 144 293 62 7741 92 144 14479 205 1383 70 1112 234 172 98 130 114 97 837 147 171 124 278 408 324 1511 168 2933 516 1468
internal_value=0.00026949 0.00340514 -0.00888708 0.0710052 0.00729097 0.0202008 0.142216 -0.0123718 0.113311 0.00609357 0.00729841 0.00206251 0.0430638 0.157616 0.249245 -0.00686008 0.107932 0.015916 0.0140039 0.0122517 0.015265 0.0525506 -0.00547111 0.0110006 0.0266541 0.000608467 0.0837773 -0.0294417 -0.00500992 0.0333597
internal_weight=1250.17 1130.82 271.614 11.3521 859.209 8.70807 2.07022 260.262 2.41582 836.839 808.63 503.01 23.4519 7.11843 4.43594 16.3335 2.83541 305.62 296.906 289.412 271.531 27.8679 9.75055 243.663 97.2214 146.442 18.1173 119.344 37.746 15.3143
internal_count=47113 30702 15419 591 15283 529 236 14828 349 15119 13736 9601 1860 504 270 1356 244 4135 4065 3968 3131 741 402 2390 732 1658 339 16411 4917 1984
is_linear=0
shrinkage=0.06


Tree=50
num_leaves=31
num_cat=0
split_feature=25 5 35 9 11 22 7 5 25 7 12 16 5 38 9 35 22 25 31 30 9 25 5 20 22 17 21 23 25 13
split_gain=25.4887 15.4793 15.4548 14.1282 24.1537 12.8855 15.3276 48.1661 27.9237 12.8614 10.6409 10.1754 9.26021 8.9267 17.8337 9.24938 44.8118 8.36609 12.2894 9.31859 8.31767 9.46456 20.2477 30.0104 9.78677 9.06912 8.94417 14.2828 12.9143 26.2549
threshold=5933.5000000000009 90.500000000000014 110.65347222222225 3.7500000000000004 69.479166666666671 -0.029216897579494996 0.77500000000000013 73.500000000000014 5356.5000000000009 0.89500000000000013 81.784722222222243 93.916666666666671 62.500000000000007 -21.149999999999988 0.65000000000000002 64.808333333333351 0.10177246237054756 4789.5000000000009 37.500000000000007 81.500000000000014 1.2500000000000002 3582.5000000000005 88.500000000000014 1.932922272047833 -1.0018834692914422 96.145833333333357 0.27535748885756922 -0.31666666666666543 4190.5000000000009 16.158333333333339
decision_type=2 2 2 2 2 2 2 2 2 2 2 2 2 2 2 2 2 2 2 2 2 2 2 2 2 2 2 2 2 2
left_child=1 2 13 10 -5 9 -7 -8 -9 11 -2 -4 -6 14 -1 16 -15 19 -19 -16 21 24 -23 -24 -13 -26 27 -22 -29 -30
right_child=3 -3 5 4 12 6 7 8 -10 -11 -12 20 -14 15 17 -17 -18 18 -20 -21 26 22 23 -25 25 -27 -28 28 29 -31
leaf_value=0.16775496616009108 -0.046116162031289154 -0.029825416957480099 0.036165356118325075 0.35275004824127382 0.18153790549769311 0.023136013430998543 0.45140177397204728 -0.019592975274352178 0.35224750938885202 -0.036775796270894064 0.1311595927660876 -0.013049260013100071 -0.060419008291429779 0.47167506925130748 -0.039878058930403443 -0.022118964618426558 -0.060470997560249311 -0.024382640356627634 0.21122669140635153 0.083670165965379378 -0.011534505747722081 -0.02993436769830039 -0.060762474564436807 0.33762003439214894 0.020942794714177836 -0.047075030944122867 0.0066500646338157523 0.030741272568339584 -0.061357933831939111 0.1965542342688115
leaf_weight=2.6529022851027575 62.798827142920345 52.718731324654073 38.339460156857967 0.87129885936155815 0.74324348103255067 38.886316773947328 1.2868228503502894 4.3949882928282022 0.8711588867008685 26.136145855300128 1.2430669246241439 78.40177296847105 2.4351052651181817 0.78874690504744593 12.234930987004192 131.52217541960999 2.0511582512408495 1.6510843704454594 1.5406515151262281 2.6789800599217406 11.723756514023991 67.232827632222325 1.3715936266817146 1.3514655404724178 88.444579089991748 7.6689417380839577 587.19818362640217 10.712697283830495 1.8870384963229287 5.7524369843304157
leaf_count=138 9892 5102 271 130 88 1776 91 547 92 1056 114 606 385 84 743 8799 302 179 141 13 748 2418 132 76 1058 580 10850 469 196 249
internal_value=-0.000108838 0.00195173 0.00343849 -0.0358025 0.0728831 0.00624612 0.0374412 0.12233 0.0419192 0.00471573 -0.0426752 0.00592054 -0.0038384 -0.0141483 0.0224703 -0.0198057 0.0873257 0.00118274 0.089346 -0.0176851 0.00457493 -0.0047918 -0.0234381 0.136956 0.00268272 0.0155156 0.00828462 0.0401974 0.0732449 0.132847
internal_weight=1247.59 1179.5 1126.78 68.0915 4.04965 971.66 45.4393 6.55297 5.26615 926.221 64.0419 900.085 3.17835 155.121 20.7585 134.362 2.83991 18.1056 3.19174 14.9139 861.745 244.471 69.9559 2.72306 174.515 96.1135 617.274 30.0759 18.3522 7.63948
internal_count=47325 36716 31614 10609 603 21215 2506 730 639 18709 10006 17653 473 10399 1214 9185 386 1076 320 756 17382 4870 2626 208 2244 1638 12512 1662 914 445
is_linear=0
shrinkage=0.06


Tree=51
num_leaves=31
num_cat=0
split_feature=13 17 41 5 37 21 29 37 41 41 7 41 7 0 5 23 24 9 8 7 36 5 29 5 36 12 38 41 41 0
split_gain=27.8372 19.5402 10.0889 11.7829 27.7128 8.9075 10.4049 10.0448 13.4808 9.83864 10.9642 17.5232 15.4859 12.7782 9.90521 8.567 8.59582 14.4153 16.0906 9.90968 8.02757 36.9541 7.93848 12.1288 7.84111 11.5686 7.79132 7.49455 7.4717 7.62148
threshold=20.991666666666671 96.604166666666671 13.800000000000002 81.500000000000014 7.5000000000000009 2.7087621378963376 7.5000000000000009 9.5000000000000018 13.350000000000001 5.3000000000000016 0.57500000000000007 4.9000000000000012 0.44500000000000006 32.500000000000007 76.500000000000014 0.39583333333333309 1803.5000000000002 2.5500000000000003 1.0000000180025095e-35 0.72500000000000009 138.60000000000002 52.500000000000007 1.5000000000000002 72.500000000000014 321.75000000000006 70.979166666666686 53.014583333333348 4.9000000000000012 9.1000000000000014 40.500000000000007
decision_type=2 2 2 2 2 2 2 2 2 2 2 2 2 2 2 2 2 2 2 2 2 2 2 2 2 2 2 2 2 2
left_child=1 2 5 20 -5 6 7 -1 9 10 11 12 -9 -14 -15 24 27 -18 19 -19 21 -4 -12 -24 -3 -26 -7 -17 29 -8
right_child=-2 15 3 4 -6 26 28 8 -10 -11 22 -13 13 14 -16 16 17 18 -20 -21 -22 -23 23 -25 25 -27 -28 -29 -30 -31
leaf_value=-0.019089158742055058 0.031175365642234405 -0.030176829026151888 0.21617560876482292 0.24071783183534473 -0.049700433373867536 -0.01701204705148229 0.061418361934892751 -0.028989676951387142 0.077252602063160258 0.0071742490140894021 -0.050231293373003902 -0.042011466240207053 0.12887046304975763 0.067220544694616108 -0.027308574408824001 0.12866722452048673 0.0018684009500853855 -0.025876511865153599 0.34144306130871976 0.20250411324689166 -0.040744740386089572 -0.031091000116158229 -0.04471212372467416 0.040095545905511371 0.22854005780903583 -0.060741783091592477 0.032454199554954558 -0.019862944555963671 -0.0033829919907135591 0.013499097017963535
leaf_weight=71.45497628627345 90.893899988383055 138.34666753467172 2.5814174241386381 1.9876357316970814 2.9214584021829069 121.46018572896719 26.26968935970217 10.32625308819115 9.0787515700794739 494.97010289737955 32.653879244811833 17.18854895234108 6.7491378104314235 10.48093794193119 6.4441542429849497 1.2672233153134573 9.5599412596784514 1.7126924633048468 1.035801744554192 1.1387520050629971 48.697844671551138 13.8502149018459 12.959291741717609 11.421262577641754 1.0366518101654936 0.95719839958474029 12.657501637935637 35.027926768176258 20.830762627534568 21.918150551617146
leaf_count=3729 573 19755 135 132 124 1000 149 177 216 9954 1307 233 160 129 168 125 1142 186 86 113 1874 1069 138 183 104 97 76 3744 123 126
internal_value=-0.000786827 -0.0033197 0.000170694 -0.0217523 0.0678866 0.00190202 0.00444019 0.00219896 0.00468338 0.00359113 -0.0127966 0.00736188 0.032322 0.059065 0.031229 -0.0208908 0.000504699 0.0414817 0.138903 0.0653295 -0.0285087 0.0077547 -0.0308891 -0.0049833 -0.0284742 0.089663 -0.0123436 -0.0146771 0.0266428 0.0396224
internal_weight=1237.88 1146.99 956.902 70.0386 4.90909 886.864 752.746 683.727 612.272 603.194 108.223 51.189 34.0005 23.6742 16.9251 190.083 49.7423 13.4472 3.88725 2.85144 65.1295 16.4316 57.0344 24.3806 140.341 1.99385 134.118 36.2952 69.0186 48.1878
internal_count=47127 46554 21202 3334 256 17868 16792 16394 12665 12449 2495 867 634 457 297 25352 5396 1527 385 299 3078 1204 1628 321 19956 201 1076 3869 398 275
is_linear=0
shrinkage=0.06


Tree=52
num_leaves=31
num_cat=0
split_feature=25 31 32 31 6 23 2 42 18 6 15 23 2 7 34 21 25 25 9 25 38 5 10 7 42 5 12 12 0 18
split_gain=26.5897 12.6783 14.7635 13.1398 11.3518 13.0424 10.5071 17.1842 20.862 26.4021 25.418 20.3303 23.0753 21.9165 32.4235 32.0277 21.2551 16.1936 12.6089 21.4663 28.4619 11.5453 10.1552 9.57752 13.3811 18.7457 25.5313 28.7621 42.0678 42.1129
threshold=5835.5000000000009 1.0000000180025095e-35 85.000000000000014 42.500000000000007 1.5000000000000002 0.42916666666666986 27.750000000000004 74.020833333333357 96.4791666666667 1.5000000000000002 17.027083333333337 1.0000000180025095e-35 31.700000000000006 0.75500000000000012 171.82500000000002 0.69828019292463062 3867.5000000000005 3451.5000000000005 0.8500000000000002 3110.5000000000005 1.8604166666666695 92.500000000000014 81.916666666666671 0.57500000000000007 74.729166666666686 75.500000000000014 75.145833333333343 72.909722222222243 40.500000000000007 96.437500000000014
decision_type=2 2 2 2 2 2 2 2 2 2 2 2 2 2 2 2 2 2 2 2 2 2 2 2 2 2 2 2 2 2
left_child=1 -1 3 -3 -5 -6 21 18 17 10 11 12 -10 14 15 -13 -15 -9 19 -8 -21 23 -19 -4 25 -25 27 -27 -29 -30
right_child=-2 2 6 4 5 -7 7 8 9 -11 -12 13 -14 16 -16 -17 -18 22 -20 20 -22 -23 -24 24 -26 26 -28 28 29 -31
leaf_value=0.020030832492824037 -0.035352873747340377 -0.027845792930534841 0.0075159651861361216 -0.022158731919865806 0.017785458275220198 0.1335781058279927 -0.07937731976846725 0.027048604619811185 -0.029421227132649316 -0.0087343470626882972 -0.08296794698920372 0.078694333485737136 0.29192041981998101 0.476067235296461 0.0010998366966547023 0.4056134077034565 0.16434629480009241 -0.034684335927603747 -0.020669886097656159 0.22166053358798346 -0.006801425145933228 -0.047667552549584116 0.043236235232788578 -0.011509665392035729 -0.016438416101844554 0.027663046201852424 -0.037390415478291465 0.040114404797906816 0.099100338234594132 0.45720482893323183
leaf_weight=129.41376546630636 71.571410540025681 110.28361245431006 323.64318475034088 17.043998115230352 14.998429438564928 4.5684965979307881 3.3271512631326896 104.26942052412778 3.8464396209456124 9.5666654384694976 2.0768033876083782 2.1393845970742387 1.0172334117814896 1.5613366081379356 3.6782313492149115 2.1761964075267315 1.5887743299826977 29.85866921627894 63.579891668632627 3.7611281326971948 4.1063493001274765 18.539930055849254 7.5422332654707125 57.394423883408308 197.27530451398343 19.887533519417051 10.849509307648985 5.6301383231766504 2.3044643588364124 2.4276236556470394
leaf_count=1432 11403 6149 5909 1768 1148 232 34 1017 451 667 83 146 53 89 159 87 130 886 2319 160 166 2092 145 2130 5959 1640 384 348 46 166
internal_value=0.000138219 0.00233111 0.000104952 -0.0175065 0.0136389 0.0448208 0.00303792 0.0136246 0.0242039 0.0718752 0.114518 0.140139 0.0377871 0.18481 0.131989 0.243548 0.318849 0.0148995 -0.0103314 0.0483861 0.102417 -0.0010128 -0.0189709 0.000383643 -0.00742085 0.0106406 0.0415732 0.0698946 0.150947 0.282813
internal_weight=1229.93 1158.36 1028.94 146.895 36.6109 19.5669 882.048 244.096 169.321 27.6511 18.0844 16.0076 4.86367 11.1439 7.99381 4.31558 3.15011 141.67 74.7745 11.1946 7.86748 637.952 37.4009 619.412 295.769 98.4937 41.0993 30.2498 10.3622 4.73209
internal_count=47398 35995 34563 9297 3148 1380 25266 6592 3913 1865 1198 1115 504 611 392 233 219 2048 2679 360 326 18674 1031 16582 10673 4714 2584 2200 560 212
is_linear=0
shrinkage=0.06


Tree=53
num_leaves=31
num_cat=0
split_feature=17 0 15 41 27 26 36 30 12 12 0 11 38 25 41 30 18 12 5 15 17 31 38 23 26 5 15 11 5 35
split_gain=26.38 9.52015 18.1206 21.1966 29.6285 32.5765 28.9153 51.2038 10.0105 11.5938 9.89014 9.20392 15.6567 8.92517 10.1713 16.8897 8.60294 8.3602 13.8233 10.7875 18.418 41.4117 12.9884 10.644 8.46427 9.51485 13.8831 44.0576 30.0922 10.5368
threshold=95.562500000000014 48.500000000000007 16.460416666666671 5.9000000000000012 5.5000000000000009 0.96280213938827053 190.75000000000003 1.5000000000000002 75.715277777777786 70.173611111111128 43.500000000000007 83.437500000000014 62.389583333333334 3110.5000000000005 5.5500000000000007 2.5000000000000004 95.631944444444457 70.784722222222243 66.500000000000014 15.782638888888892 96.812500000000014 52.500000000000007 62.389583333333334 0.18749999999999731 0.68268589550378933 91.500000000000014 15.409722222222223 74.604166666666671 71.500000000000014 68.239583333333343
decision_type=2 2 2 2 2 2 2 2 2 2 2 2 2 2 2 2 2 2 2 2 2 2 2 2 2 2 2 2 2 2
left_child=11 8 -3 -4 5 6 7 -5 9 -2 17 12 -1 14 15 -10 -14 18 -11 -20 22 23 -21 -22 -19 26 27 28 -26 -30
right_child=1 2 3 4 -6 -7 -8 -9 13 10 -12 -13 16 -15 -16 -17 -18 24 19 20 21 -23 -24 -25 25 -27 -28 -29 29 -31
leaf_value=0.00042713377972785802 -0.023547483202075978 -0.036352098801409091 -0.034891245324546474 0.52033648785101394 0.01088429385216351 -0.046455666324502098 0.08399216711745397 0.11854503589233104 -0.03339864844750632 0.21114393855546271 -0.047587236146359777 0.022058915253370694 0.062483713824952263 -0.040543022430269353 -0.024932411445792085 0.10934645860335267 0.012346995371555255 0.039111212791611158 -0.060403418253177944 -0.022538459312872391 -0.06053646711715744 0.50772847458110215 0.11978012971353651 0.19950518835315081 0.36473101646390532 -0.053123470528345401 -0.0051208460466627163 0.52692906534463624 0.20216809155104148 -0.048546250841575815
leaf_weight=497.03183650877327 126.63898664573207 24.351007256656885 16.04466381855309 1.853590396232901 30.951941728591919 3.6131060025654724 7.385373916476965 2.9736196184530854 5.7712059537880105 1.53898689337075 15.336943110916762 118.78502723108977 23.164479203522205 80.172533757984638 30.382323200814426 6.1787451962009072 26.319737657904625 16.816782729700208 4.2378085446544018 9.1329626929946226 1.4742682431824503 0.94918750785291184 3.0894392235204569 0.92045182874426235 0.84679252514615555 13.88016111589968 159.39719121763483 0.71480453805997957 0.68563409522175778 5.0356619684025645
leaf_count=4891 12980 2775 569 104 894 270 202 170 206 100 1297 836 161 5214 1146 150 146 330 721 580 212 112 39 69 143 1885 9905 97 123 782
internal_value=-0.00119563 -0.0106638 0.00758632 0.0246176 0.0450291 0.11181 0.158632 0.272828 -0.0139563 -0.00892332 -0.00101077 0.00692159 0.0036315 -0.0287749 -0.00648751 0.040408 0.0358169 0.00225523 0.0379278 0.0244671 0.0475725 0.172348 0.0134352 0.039415 -0.00160217 -0.00539408 -0.00141945 0.0795911 0.0309074 -0.0185009
internal_weight=1235.68 570.374 87.1733 62.8223 46.7776 15.8257 12.2126 4.82721 483.201 360.696 234.057 665.301 546.516 122.505 42.3323 11.95 49.4842 218.72 21.3431 19.8041 15.5663 3.34391 12.2224 2.39472 197.377 180.56 166.68 7.28289 6.56809 5.7213
internal_count=47109 41075 4984 2209 1640 746 476 274 36091 29375 16395 6034 5198 6716 1502 356 307 15098 1833 1733 1012 393 619 281 13265 12935 11050 1145 1048 905
is_linear=0
shrinkage=0.06


Tree=54
num_leaves=31
num_cat=0
split_feature=14 41 38 14 41 6 25 2 39 5 7 7 8 26 41 20 41 32 43 2 35 37 33 32 41 3 15 11 2 26
split_gain=30.7309 10.4574 9.87396 10.3146 10.3238 9.55672 8.23963 8.56359 30.6415 9.74249 7.83406 20.382 19.2373 20.4484 41.7411 19.3018 7.90343 7.67657 9.22886 8.9757 8.60434 7.95977 14.115 7.40199 7.29717 8.05065 8.43446 9.0244 7.48808 14.9339
threshold=17.464583333333341 14.550000000000002 -42.689583333333324 20.556250000000002 5.5500000000000007 3.5000000000000004 5933.5000000000009 31.700000000000006 132.9291666666667 61.500000000000007 0.90500000000000014 0.87500000000000011 1.0000000180025095e-35 1.0069460299987714 12.450000000000001 0.46948308505697162 12.600000000000001 249.75000000000003 1.0000000180025095e-35 21.750000000000004 186.53055555555559 17.500000000000004 152.48333333333335 72.500000000000014 5.3000000000000016 1.0000000180025095e-35 16.814583333333339 71.687500000000014 28.550000000000004 0.77833129653138466
decision_type=2 2 2 2 2 2 2 2 2 2 2 2 2 2 2 2 2 2 2 2 2 2 2 2 2 2 2 2 2 2
left_child=6 2 5 17 -5 -2 10 9 -9 -8 11 16 13 14 15 -13 24 18 20 -19 21 22 -4 -20 25 -1 27 -27 -26 -30
right_child=1 -3 3 4 -6 -7 7 8 -10 -11 -12 12 -14 -15 -16 -17 -18 19 23 -21 -22 -23 -24 -25 28 26 -28 -29 29 -31
leaf_value=-0.061355426878861315 -0.026107528171308403 -0.025521779175632441 -0.032140423991127577 0.056868145351997058 0.012923423756216228 0.034034767338598428 0.16615954748635997 0.3720307638268977 -0.029406054213942615 -0.045471698327986622 -0.061737265350101267 0.20498025129962968 -0.060649492799133432 -0.060671954484387634 0.33308394951785819 -0.019890678896833974 -0.028066084673592489 -0.0085695721551745825 -0.030842550627402279 0.039664104842687758 0.02995157093689936 -0.035700142520976787 0.020263830717187226 0.0090811657320955096 -0.0091460081076018395 -0.0015682939719403163 -0.061041046914225995 0.25603031416059135 0.14671812112467017 0.0096383038111880932
leaf_weight=15.204235163517298 55.817161766812205 39.372444671578705 34.248457620851696 28.9208939447999 57.527243684977293 11.465305807068942 0.79417518619447847 0.83220473444089194 3.8568588886409998 56.116006664000452 11.019658270757644 2.0256178374402207 3.730561174452304 2.3669191482476881 2.7367401015944779 4.2726780292578042 93.982497159857303 19.943974899128079 17.390061648562551 45.747559564188123 16.800585050135851 45.400025457143784 40.247868801467121 432.71890836022794 135.28904428286478 1.0167811219580465 1.6690835850313304 0.94426545687019814 3.1533537744544438 30.867187017109245
leaf_count=1332 900 841 675 230 328 116 116 118 566 9846 1052 135 456 301 180 258 9613 127 547 305 215 475 431 5588 9914 122 126 86 115 2040
internal_value=-0.00163811 0.00467164 0.00614614 0.00814975 0.027625 -0.0158589 -0.0160632 -0.0360969 0.0418401 -0.0425184 -0.0120602 -0.0102186 0.0576194 0.0963154 0.137442 0.0524309 -0.0138572 0.00556952 0.00339204 0.0250203 -0.0102619 -0.0158968 -0.00382816 0.0075387 -0.00675957 -0.0421877 0.0380932 0.122468 -0.00281847 0.0223442
internal_weight=1215.48 845.6 806.228 738.946 86.4481 67.2825 369.878 61.5992 4.68906 56.9102 308.279 297.259 15.1325 11.402 9.03504 6.2983 282.126 652.497 586.806 65.6915 136.697 119.896 74.4963 450.109 188.144 18.8344 3.63013 1.96105 169.31 34.0205
internal_count=47154 10778 9937 8921 558 1016 36376 10646 684 9962 25730 24678 1330 874 573 393 23348 8363 7931 432 1796 1581 1106 6135 13735 1666 334 208 12069 2155
is_linear=0
shrinkage=0.06


end of trees

feature_importances:
pm25_now=89
pm25_trend_24h=87
steps_24h=86
temp_min_24h=81
rr_mean_24h=80
rr_mean_6h=73
controller_adherence=64
bmi=61
rr_dev_24h=57
rh_mean_24h=55
age=50
spo2_mean_6h=48
fev1_pct=47
hours_since_puff=47
spo2_dev_24h=44
pm25_max_24h=43
outdoor_hours_day=42
spo2_mean_24h=42
rr_mean_72h=41
pm25_mean_72h=40
steps_ratio_24h=35
flares_last_year=33
temp_now=33
puffs_72h=32
hr_mean_72h=31
rr_trend_24h=29
pm25_hours_above_120_24h=27
pm25_mean_24h=26
hr_mean_24h=25
spo2_mean_72h=22
pm25_mean_6h=22
puffs_24h=21
pm10_mean_24h=21
hr_dev_24h=20
hr_mean_6h=19
disturb_24h=16
allergy=15
spo2_min_6h=10
puffs_6h=10
steps_6h=8
smoking=7
hour_of_day=5
sex=3
has_purifier=3

parameters:
[boosting: gbdt]
[objective: binary]
[metric: binary_logloss]
[tree_learner: serial]
[device_type: cpu]
[data_sample_strategy: bagging]
[data: ]
[valid: ]
[num_iterations: 55]
[learning_rate: 0.06]
[num_leaves: 31]
[num_threads: 1]
[seed: 102]
[deterministic: 0]
[force_col_wise: 0]
[force_row_wise: 0]
[histogram_pool_size: -1]
[max_depth: -1]
[min_data_in_leaf: 100]
[min_sum_hessian_in_leaf: 0.001]
[bagging_fraction: 0.7]
[pos_bagging_fraction: 1]
[neg_bagging_fraction: 1]
[bagging_freq: 1]
[bagging_seed: 22713]
[bagging_by_query: 0]
[feature_fraction: 0.8]
[feature_fraction_bynode: 1]
[feature_fraction_seed: 32063]
[extra_trees: 0]
[extra_seed: 19107]
[early_stopping_round: 0]
[early_stopping_min_delta: 0]
[first_metric_only: 0]
[max_delta_step: 0]
[lambda_l1: 0]
[lambda_l2: 0]
[linear_lambda: 0]
[min_gain_to_split: 0]
[drop_rate: 0.1]
[max_drop: 50]
[skip_drop: 0.5]
[xgboost_dart_mode: 0]
[uniform_drop: 0]
[drop_seed: 8375]
[top_rate: 0.2]
[other_rate: 0.1]
[min_data_per_group: 100]
[max_cat_threshold: 32]
[cat_l2: 10]
[cat_smooth: 10]
[max_cat_to_onehot: 4]
[top_k: 20]
[monotone_constraints: ]
[monotone_constraints_method: basic]
[monotone_penalty: 0]
[feature_contri: ]
[forcedsplits_filename: ]
[refit_decay_rate: 0.9]
[cegb_tradeoff: 1]
[cegb_penalty_split: 0]
[cegb_penalty_feature_lazy: ]
[cegb_penalty_feature_coupled: ]
[path_smooth: 0]
[interaction_constraints: ]
[verbosity: -1]
[saved_feature_importance_type: 0]
[use_quantized_grad: 0]
[num_grad_quant_bins: 4]
[quant_train_renew_leaf: 0]
[stochastic_rounding: 1]
[linear_tree: 0]
[max_bin: 63]
[max_bin_by_feature: ]
[min_data_in_bin: 3]
[bin_construct_sample_cnt: 200000]
[data_random_seed: 371]
[is_enable_sparse: 1]
[enable_bundle: 1]
[use_missing: 1]
[zero_as_missing: 0]
[feature_pre_filter: 1]
[pre_partition: 0]
[two_round: 0]
[header: 0]
[label_column: ]
[weight_column: ]
[group_column: ]
[ignore_column: ]
[categorical_feature: ]
[forcedbins_filename: ]
[precise_float_parser: 0]
[parser_config_file: ]
[objective_seed: 12365]
[num_class: 1]
[is_unbalance: 0]
[scale_pos_weight: 1]
[sigmoid: 1]
[boost_from_average: 1]
[reg_sqrt: 0]
[alpha: 0.9]
[fair_c: 1]
[poisson_max_delta_step: 0.7]
[tweedie_variance_power: 1.5]
[lambdarank_truncation_level: 30]
[lambdarank_norm: 1]
[label_gain: ]
[lambdarank_position_bias_regularization: 0]
[eval_at: ]
[multi_error_top_k: 1]
[auc_mu_weights: ]
[num_machines: 1]
[local_listen_port: 12400]
[time_out: 120]
[machine_list_filename: ]
[machines: ]
[gpu_platform_id: -1]
[gpu_device_id: -1]
[gpu_device_id_list: ]
[gpu_use_dp: 0]
[num_gpu: 1]

end of parameters

pandas_categorical:[]
