tree
version=v4
num_class=1
num_tree_per_iteration=1
label_index=0
max_feature_idx=48
objective=binary sigmoid:1
feature_names=age sex bmi smoking allergy fev1_pct flares_last_year controller_adherence has_purifier outdoor_hours_day hr_mean_6h hr_mean_24h hr_mean_72h rr_mean_6h rr_mean_24h rr_mean_72h spo2_mean_6h spo2_mean_24h spo2_mean_72h spo2_min_6h hr_dev_24h rr_dev_24h spo2_dev_24h rr_trend_24h steps_6h steps_24h steps_ratio_24h disturb_24h puffs_6h puffs_24h puffs_72h hours_since_puff pm25_now pm25_mean_6h pm25_mean_24h pm25_mean_72h pm25_max_24h pm25_hours_above_120_24h pm25_trend_24h pm10_mean_24h temp_now temp_min_24h rh_mean_24h pm25_fcst_mean_24h pm25_fcst_max_24h exp_next24_mean exp_next24_max exp_past24_mean hour_of_day
feature_infos=[18:73] [0:1] [17:37.200000000000003] [0:2] [0:1] [47:104] [0:8] [0.20000000000000001:0.97999999999999998] [0:1] [0.20000000000000001:5.5] [48:104.33333333333331] [56.041666666666657:102.125] [57.458333333333336:105.47222222222224] [12.333333333333334:25.483333333333331] [13.929166666666667:25.720833333333331] [14.318055555555556:26.763888888888889] [92.333333333333314:99] [91.875:98.416666666666686] [91.194444444444443:98.236111111111114] [90:98] [-5.3534585569469186:16.279041180086054] [-2.3338239875389419:7.5323883425527569] [-3.1737096442525115:1.2405816757082562] [-4.7708333333333321:5.9583333333333321] [0:3657] [635:8846] [0.25230135886874971:1.4518307006680724] [0:32] [0:3] [0:43] [0:183] [0:72] [37.200000000000003:473.80000000000001] [34.016666666666666:431.30000000000001] [46.612499999999997:363.96249999999992] [59.43333333333333:291.53750000000002] [60.600000000000001:490.39999999999998] [0:24] [-187.14583333333331:159.68333333333331] [73.045833333333334:664.74166666666667] [3.2999999999999998:27.699999999999999] [1.3999999999999999:17.899999999999999] [56.125:94.041666666666686] [32.013539623430823:397.49947063470239] [38.574147875128737:602.05821004748555] [16.139628944638755:271.91786701733122] [19.414289797636275:463.33339531273401] [23.4941924334892:247.71509786348929] [0:18]
tree_sizes=3331 3362 3375 3360 3386 3378 3389 3409 3398 3409 3431 3425 3412 3393 3426 3409 3413 3428 3431 3441 3435 3431 3431 3415 3406 3445 3430 3430 3433 3440 3418 3450 3432 3436 3448 3446

Tree=0
num_leaves=31
num_cat=0
split_feature=16 13 13 45 44 44 46 16 43 13 13 16 14 31 14 14 44 13 35 44 31 4 45 18 46 32 14 13 46 7
split_gain=10534.4 2228.8 1463.83 984.665 823.268 464.009 369.623 361.02 516.052 283.101 251.278 216.72 188.728 140.554 139.205 114.581 110.092 121.603 86.9971 79.3164 77.7619 74.2052 73.85 130.103 46.7935 46.3818 43.7818 43.1824 36.5124 38.9351
threshold=94.916666666666671 20.333333333333336 19.358333333333338 155.53872965100976 337.80781742866367 200.73060386482118 134.87002006679029 95.583333333333357 259.57603711884025 18.75833333333334 20.991666666666671 95.416666666666671 19.877083333333335 1.5000000000000002 19.877083333333335 19.877083333333335 270.91951679670655 18.75833333333334 161.01111111111115 218.50250333096645 6.5000000000000009 1.0000000180025095e-35 200.10239171276058 96.4791666666667 118.21274044064013 105.90000000000002 19.877083333333335 17.941666666666674 240.12936516810899 0.59500000000000008
decision_type=2 2 2 2 2 2 2 2 2 2 2 2 2 2 2 2 2 2 2 2 2 2 2 2 2 2 2 2 2 2
left_child=1 3 7 6 13 10 14 8 16 21 -3 -6 -7 -4 24 18 -2 -18 -11 26 -21 -8 27 -24 -1 -16 -15 -9 -29 -30
right_child=2 5 4 -5 11 12 9 22 -10 15 -12 -13 -14 19 25 -17 17 -19 -20 20 -22 -23 23 -25 -26 -27 -28 28 29 -31
leaf_value=-3.0231203590558993 -3.045986542457257 -2.6789615986926978 -2.6859837302365142 -1.9568271618628164 -2.1741812227934432 -2.2252274723166408 -3.0068807422675707 -3.0916832032839041 -2.5214578104174437 -2.4254621904975764 -2.1435546993667494 -2.6428681999178658 -1.8355932686317822 -3.0485769220737571 -2.8289457518194019 -2.2394883752103407 -2.9780322771430821 -2.6859380408719944 -2.7542517538940303 -2.6428681999178658 -2.937545019915246 -2.7020148017811394 -2.7211292523832951 -3.0612365246055044 -2.8197258539145436 -2.5587606468095414 -2.8671848335801742 -3.0656649480399638 -2.8124710807608024 -3.0623347843585811
leaf_weight=15.358229517936712 100.96290654689074 5.5411793999373895 8.8135294392704946 6.5010687448084346 7.766377426683901 5.8902300707995918 4.4503960534930238 1573.4767929129303 8.0717967636883241 7.6354834251105803 7.3300640881061554 6.5447000786662102 18.630579557269812 21.641141593456272 4.4067647196352464 6.5447000786662093 24.346284292638305 6.5010687448084346 4.6685527227818966 4.9739720597863188 9.1625801101326925 8.1154280975461006 5.366654064506295 16.49264419823885 5.5411793999373904 4.7558153904974461 6.1520180739462367 144.98692240938544 4.3631333857774717 4.6249213889241219
leaf_count=352 2314 127 202 149 178 135 102 36063 185 175 168 150 427 496 101 150 558 149 107 114 210 186 123 378 127 109 141 3323 100 106
internal_value=-3.03877 -2.45439 -3.07028 -2.65905 -2.79044 -2.08232 -2.73331 -3.07991 -2.98716 -2.58939 -2.37405 -2.38852 -1.92919 -2.90379 -2.8837 -2.44232 -3.01568 -2.91647 -2.55022 -2.94957 -2.83386 -2.80999 -3.08733 -2.97774 -2.96919 -2.68871 -3.00843 -3.08872 -3.05839 -2.94104
internal_weight=2059.62 105.37 1954.25 67.9776 65.0543 37.3921 61.4765 1889.19 139.882 31.4146 12.8712 14.3111 24.5208 50.7432 30.062 18.8487 131.81 30.8474 12.304 41.9297 14.1366 12.5658 1749.31 21.8593 20.8994 9.16258 27.7932 1727.45 153.975 8.98805
internal_count=47205 2415 44790 1558 1491 857 1409 43299 3206 720 295 328 562 1163 689 432 3021 707 282 961 324 288 40093 501 479 210 637 39592 3529 206
is_linear=0
shrinkage=1


Tree=1
num_leaves=31
num_cat=0
split_feature=16 13 13 46 46 43 14 31 38 25 13 14 14 45 45 4 44 44 35 46 46 31 43 6 14 30 38 16 12 12
split_gain=5494.59 723.609 438.386 399.869 292.261 207.34 344.058 107.877 98.7487 96.1429 93.3303 86.0122 70.7452 140.126 69.0406 63.9606 56.8381 54.1119 46.6632 46.566 43.5734 41.8463 39.0109 38.6393 38.0741 36.0587 43.3749 33.7144 28.7341 24.1769
threshold=95.250000000000014 19.358333333333338 18.441666666666674 240.12936516810899 200.36839275268508 138.05524798269582 20.556250000000002 5.5000000000000009 45.354166666666679 3110.5000000000005 19.941666666666674 18.306250000000002 17.197916666666671 200.10239171276058 71.696841702978659 1.0000000180025095e-35 317.40304678901413 151.32076246775904 149.21180555555557 232.73504074309028 240.12936516810899 4.5000000000000009 138.05524798269582 2.5000000000000004 19.131250000000005 58.500000000000007 -32.297916666666673 94.583333333333357 79.659722222222243 76.006944444444457
decision_type=2 2 2 2 2 2 2 2 2 2 2 2 2 2 2 2 2 2 2 2 2 2 2 2 2 2 2 2 2 2
left_child=1 4 12 10 7 6 17 14 9 27 16 -5 -2 19 -1 -6 -4 -3 -18 -14 -17 23 -12 -19 29 26 -8 -7 -29 -16
right_child=2 5 3 11 15 8 25 -9 -10 -11 22 -13 13 -15 24 20 18 21 -20 -21 -22 -23 -24 -25 -26 -27 -28 28 -30 -31
leaf_value=0.05364537393346866 -0.052319004869877971 0.0081043880033006884 -0.01445883204977266 0.19731397781976734 0.16336315684294153 0.42090317691310675 0.25261396254815466 0.019083934299232989 0.48514551373597647 0.17775950347637351 0.084390178725367485 0.44847272837265645 -0.032859683764203285 0.26212989004229409 0.073358227073535481 0.26569239925338461 0.2390635694748045 0.14606835148516606 0.03425850287783045 0.06074159051952515 0.4459695953005956 0.06807359202333399 0.28577850402132077 0.32784143188814457 0.34068538511898377 0.48832534790071463 0.42983691118764933 0.27504015517841018 0.41029170387739994 0.25712098367531017
leaf_weight=12.311157889664175 1411.3616468347609 10.022029820829628 96.556062124669552 10.795914448797705 8.6641604304313677 32.239229522645473 8.853884272277357 49.575370196253061 27.90089039131999 9.8646527193486673 8.5310329347848874 9.0014963112771493 234.67901634797454 6.2586938254535189 5.262212775647642 9.2724861316382903 5.944613333791497 9.3850846849381977 12.274073824286459 20.832648161798716 10.066590361297129 9.0753048285841924 5.8285494036972514 7.6345915086567393 7.5506390556693068 10.709789540618656 11.338438387960197 14.750779658555986 9.1702389046549779 5.0518285743892193
leaf_count=256 33878 193 2196 198 136 307 117 1056 295 139 176 138 5562 116 106 158 117 149 249 460 123 169 99 119 123 134 124 182 103 99
internal_value=-0.000872566 0.252416 -0.0382249 0.0604187 0.132081 0.332981 0.25236 0.0735272 0.390507 0.350514 0.0219241 0.311511 -0.0470056 -0.0183576 0.162971 0.298838 0.0038819 0.126611 0.101085 -0.0252281 0.359532 0.172125 0.166134 0.227607 0.238311 0.39933 0.352129 0.380859 0.326889 0.163365
internal_weight=2090.76 268.699 1822.06 148.932 107.754 160.945 67.0191 79.7512 93.9258 66.0249 129.134 19.7974 1673.13 261.77 30.1758 28.0032 114.775 36.117 18.2187 255.512 19.3391 26.095 14.3596 17.0197 17.8647 30.9021 20.1923 56.1602 23.921 10.314
internal_count=47277 4088 43189 3173 2057 2031 1005 1640 1026 731 2837 336 40016 6138 584 417 2562 630 366 6022 281 437 275 268 328 375 241 592 285 205
is_linear=0
shrinkage=0.06


Tree=2
num_leaves=31
num_cat=0
split_feature=16 13 46 13 43 16 13 14 43 13 25 38 22 28 28 45 14 17 45 45 29 43 22 27 38 29 43 6 9 29
split_gain=3803.19 539.046 359.946 263.521 143.542 127.182 72.0521 72.01 101 60.3708 57.2026 77.2034 56.56 55.0116 49.9173 42.4699 34.805 34.7376 33.7993 32.8377 44.4716 30.4812 29.7618 28.3937 24.5904 23.9351 19.9074 25.6183 21.9431 19.412
threshold=95.416666666666671 19.941666666666674 200.36839275268508 18.925000000000004 259.57603711884025 94.583333333333357 17.558333333333337 17.197916666666671 370.91099003728669 19.941666666666674 2661.5000000000005 29.660416666666652 -0.68717939615898149 1.5000000000000002 1.0000000180025095e-35 69.161933829718436 18.306250000000002 94.854166666666671 126.39974171285434 67.87140413079176 12.500000000000002 102.1935049455853 -0.19014654906494136 9.5000000000000018 -6.3666666666666591 4.5000000000000009 126.99646227425696 2.5000000000000004 2.0500000000000003 6.5000000000000009
decision_type=2 2 2 2 2 2 2 2 2 2 2 2 2 2 2 2 2 2 2 2 2 2 2 2 2 2 2 2 2 2
left_child=1 2 5 7 9 15 -4 -2 18 -5 19 17 13 -8 26 -1 -14 -12 -9 20 -3 -16 -20 -23 -25 -17 -7 -28 -29 -21
right_child=3 10 6 4 -6 14 12 8 -10 -11 11 -13 16 -15 21 25 -18 -19 22 29 -22 23 -24 24 -26 -27 27 28 -30 -31
leaf_value=0.064890024936608462 -0.051783673399135921 0.11699981401174087 0.068227993188016769 0.01376156256959434 0.3193628433265317 -0.025375254597676984 0.1322476151110839 -0.033423075863559026 0.24939627230982231 0.16333314083374506 0.18227783954546672 0.29645805031823602 0.22275870960808941 0.2977179211399778 -0.0074477325825695641 0.14149923300160663 0.35792053081878894 0.038987124847069884 0.0040662922606651631 0.23838851203209241 0.27675609224986059 0.047011406474336902 0.14984528042917497 0.095433696670231882 0.23668064477323428 0.27546598308401116 -0.0090235648943644744 0.041044105282921454 0.19642305174407867 0.30067945060713946
leaf_weight=9.7683808095753211 1337.2951479740441 10.828119587153198 9.8832741826772672 49.054279871284962 7.6310754269361487 46.284098017960787 21.314401626586914 233.65277306735516 4.9648859575390807 12.113766860216854 14.841065637767317 14.719099897891281 11.377079833298923 10.948203548789023 10.723605841398237 8.4045615084469336 17.269337080419064 10.33008501678705 48.185649987310171 23.730353314429522 14.911239951848982 14.554809384047983 5.6307923868298522 9.7260233722627145 8.1599599197506922 11.198019932955502 19.876963332295418 9.1948007643222791 5.0796286948025218 74.719160806387663
leaf_count=174 33662 154 151 1042 97 1042 247 5684 75 197 162 129 139 106 220 120 165 153 1050 219 139 255 119 153 131 123 412 190 105 554
internal_value=-0.00232036 0.167206 0.106635 -0.0410301 0.073994 0.0548665 0.218498 -0.0458859 -0.0189153 0.0433828 0.249811 0.187302 0.242881 0.188399 0.0281973 0.167096 0.30424 0.123472 -0.0235493 0.269889 0.209549 0.0802483 0.0193191 0.109237 0.159874 0.218028 0.000265016 0.0350143 0.0963365 0.285665
internal_weight=2086.37 387.842 223.763 1698.53 68.7991 152.971 70.7923 1629.73 292.434 61.168 164.079 39.8903 60.909 32.2626 123.6 29.371 28.6464 25.1712 287.469 124.189 25.7394 43.1644 53.8164 32.4408 17.886 19.6026 80.4355 34.1514 14.2744 98.4495
internal_count=47169 5243 3733 41926 1336 2925 808 40590 6928 1239 1510 444 657 353 2508 417 304 315 6853 1066 293 759 1169 539 284 243 1749 707 295 773
is_linear=0
shrinkage=0.06


Tree=3
num_leaves=31
num_cat=0
split_feature=13 32 16 29 15 43 38 30 43 14 34 44 31 6 5 41 30 13 43 13 38 25 40 42 43 40 15 32 43 2
split_gain=3217.01 323.153 314.147 261.784 129.849 124.201 71.4074 90.6906 62.8117 61.4548 59.4092 54.5123 47.5959 37.384 36.306 30.9878 29.3218 28.1988 26.1956 31.0603 35.9541 23.8168 27.3957 19.4596 19.3869 19.6961 19.1647 18.9436 18.8802 18.7639
threshold=18.75833333333334 133.30000000000004 95.416666666666671 5.5000000000000009 17.186805555555562 246.75346858397785 13.987499999999992 29.500000000000004 138.05524798269582 16.964583333333341 125.07708333333333 398.38382299720132 2.5000000000000004 2.5000000000000004 76.500000000000014 9.7000000000000011 3.5000000000000004 20.991666666666671 145.81475575562737 17.558333333333337 16.222916666666688 3518.5000000000005 20.750000000000004 76.354166666666671 173.12757557001444 14.750000000000002 18.352083333333336 108.7 370.91099003728669 23.350000000000005
decision_type=2 2 2 2 2 2 2 2 2 2 2 2 2 2 2 2 2 2 2 2 2 2 2 2 2 2 2 2 2 2
left_child=2 3 5 8 -3 12 7 13 -2 -4 15 -11 26 16 21 -5 -6 27 -14 -20 -21 22 -10 -13 25 -18 -1 -12 -8 -15
right_child=1 4 9 10 6 -7 28 -9 14 11 17 23 18 29 -16 -17 24 -19 19 20 -22 -23 -24 -25 -26 -27 -28 -29 -30 -31
leaf_value=0.042957287043521836 -0.011760084171874002 0.030288360249070001 -0.052809507683256748 0.15515230287187803 0.010290713502129735 0.20290949759019306 0.23967559262408686 0.26666791873135798 0.089480047401058721 -0.031142054368757843 0.11233287137907005 0.13003992934768416 -0.018115258101964959 0.26379953498656067 0.0024828266607210075 0.030968413345220071 0.039970400172280443 0.23597061365493935 -0.022316516713702168 0.033206509070625445 0.19437499491324822 0.033410267801415247 0.22797532695345307 0.02187514534387713 0.17957552127213042 0.16208169506850717 0.16523168242676495 0.20662963479893945 0.31384993332770528 0.15482357131209093
leaf_weight=7.8419324569404152 60.19531811401248 14.85585732758045 1199.6074338555336 14.917385529726745 8.8251226767897588 17.354315605014563 82.339525453746319 29.128916151821613 10.673029527068143 325.93063502758741 16.299016781151298 8.9013286791741866 49.381454780697823 10.05855229124427 13.390059649944304 14.04386907070875 11.255363117903473 34.002653557807207 13.086213249713181 12.907632209360601 8.1162855476140958 7.8557969704270354 9.9215564616024476 18.293538231402636 16.754865940660238 8.2339578047394735 11.212766282260416 14.486131578683851 14.53454653918743 13.090912312269209
leaf_count=138 1239 214 31693 163 158 158 686 203 128 8179 200 128 1094 97 238 180 156 215 255 229 137 121 124 383 156 89 176 138 101 144
internal_value=-0.00237414 0.149385 -0.0391075 0.0939904 0.201257 0.0544664 0.214335 0.178042 0.0274874 -0.0463332 0.166372 -0.0243326 0.0293448 0.1402 0.0839523 0.0949331 0.108367 0.198306 0.00981684 0.0502543 0.0954256 0.122296 0.156201 0.0572793 0.132248 0.0915607 0.11491 0.156705 0.250804 0.202174
internal_weight=2077.5 404.862 1672.63 195.785 209.078 119.901 194.222 97.3477 102.036 1552.73 93.7491 353.126 102.546 68.2188 41.8404 28.9613 45.0693 64.7878 83.4916 34.1101 21.0239 28.4504 20.5946 27.1949 36.2442 19.4893 19.0547 30.7851 96.8741 23.1495
internal_count=47320 4750 42570 2746 2004 2187 1790 1003 1850 40383 896 8690 2029 800 611 343 559 553 1715 621 366 373 252 511 401 245 314 338 787 241
is_linear=0
shrinkage=0.06


Tree=4
num_leaves=31
num_cat=0
split_feature=13 31 17 43 32 29 43 21 13 17 43 29 15 25 26 27 17 13 6 38 17 2 17 28 46 13 18 46 18 31
split_gain=2533.43 322.787 166.889 130.028 121.067 120.102 93.4969 78.6673 50.0955 46.0254 38.7343 36.5027 36.0629 35.4248 33.5921 31.4394 29.4772 22.9004 22.731 21.8532 31.9475 20.6187 19.9323 19.6915 19.288 20.6298 15.9836 14.8947 14.54 14.4339
threshold=18.441666666666674 6.5000000000000009 96.020833333333357 138.05524798269582 130.95000000000002 3.5000000000000004 259.57603711884025 0.78431315476633057 19.125000000000007 94.312500000000014 141.91594459915333 7.5000000000000009 17.547916666666669 2378.5000000000005 0.93603897344473508 15.500000000000002 95.645833333333357 19.941666666666674 2.5000000000000004 29.660416666666652 94.645833333333357 25.000000000000004 96.604166666666671 1.5000000000000002 224.09808161272781 17.941666666666674 95.631944444444457 126.50733751583101 95.7291666666667 7.5000000000000009
decision_type=2 2 2 2 2 2 2 2 2 2 2 2 2 2 2 2 2 2 2 2 2 2 2 2 2 2 2 2 2 2
left_child=2 4 6 11 5 -2 10 16 26 -7 23 -3 -6 21 29 17 -5 -11 28 20 -14 -12 24 -1 -4 -26 -9 -19 -10 -15
right_child=1 3 22 7 12 9 -8 8 18 15 13 -13 19 14 -16 -17 -18 27 -20 -21 -22 -23 -24 -25 25 -27 -28 -29 -30 -31
leaf_value=-0.028579344066671772 0.0024563655441251983 -0.021708192149552306 -0.042741857157386653 0.26414094052329667 0.10023249302929661 0.18026448200457384 0.13066860036375574 0.071256467785763916 0.11773218488939631 0.023874937075128423 0.0465673693420917 0.13334965414777702 0.2016839294776212 0.045528131188565434 0.12797120226787634 0.1840136078777341 0.1165548525923386 0.063886130386990189 0.16762977744314628 0.21671947752414478 0.13619391149701188 0.18908452594711789 -0.053949106133733118 0.10072560213312624 -0.021305042118334571 0.078338278398864619 -0.01150235908683254 0.15021818568626399 0.035550376928666159 -0.022479747305050903
leaf_weight=144.40761682018638 31.005691576749086 70.943388149142265 332.9123098179698 11.29824683815241 18.329809404909611 47.923752132803202 19.416182413697243 12.647073198109863 16.604538056999449 17.447011645883322 8.1471807882189733 5.9218599386513224 59.969062000513077 14.735461805015801 7.5180746875703326 12.91818981990218 8.5653168447315675 13.22019784525037 15.855038225650786 63.495629820972681 48.505214434117079 6.6272372789680949 915.42740831524134 4.3681080266833296 38.71238024905324 9.2713939435780031 25.025784343481064 15.783625368028877 14.534202892333267 47.29212074354291
leaf_count=3634 533 1585 9064 121 201 321 205 193 180 274 162 73 363 272 158 130 142 155 155 387 497 128 25374 82 922 180 478 119 197 1086
internal_value=-0.0022652 0.113723 -0.0404574 0.0494774 0.149189 0.106468 0.00416753 0.0930387 0.0678271 0.136525 -0.00636963 -0.00976221 0.180236 0.0261191 0.00819404 0.101219 0.200501 0.0781928 0.10915 0.188764 0.172399 0.110495 -0.04915 -0.0247829 -0.0376159 -0.00205202 0.0162804 0.110867 0.0793733 -0.00632359
internal_weight=2058.83 509.994 1548.84 181.395 328.598 138.298 252.512 104.53 84.6666 107.293 233.096 76.8652 190.3 84.3201 69.5457 59.369 19.8636 46.4508 46.9938 171.97 108.474 14.7744 1296.32 148.776 380.896 47.9838 37.6729 29.0038 31.1387 62.0276
internal_count=47371 6104 41267 3124 2980 1532 5727 1466 1203 999 5522 1658 1448 1806 1516 678 263 548 532 1247 860 290 35540 3716 10166 1102 671 274 377 1358
is_linear=0
shrinkage=0.06


Tree=5
num_leaves=31
num_cat=0
split_feature=16 13 31 13 43 43 32 29 35 43 14 18 38 44 38 13 39 25 45 15 17 21 46 7 13 5 41 29 7 46
split_gain=2409.64 297.888 119.653 103.19 84.8939 76.19 60.4866 62.0553 45.4587 40.4753 36.6763 34.1711 55.7071 30.9368 28.0661 25.3534 25.0282 32.7057 24.1464 26.7958 21.3714 25.8492 20.5536 54.3419 20.1726 19.5597 17.8847 17.0993 14.5789 17.335
threshold=95.583333333333357 18.175000000000004 6.5000000000000009 18.441666666666674 198.27091235026833 126.99646227425696 127.15000000000002 5.5000000000000009 178.17430555555558 259.57603711884025 16.510416666666671 96.145833333333329 13.987499999999992 337.80781742866367 37.71875 17.308333333333337 229.50624999999999 1948.5000000000002 94.909392100318072 19.366666666666671 95.020833333333357 0.78431315476633057 232.73504074309028 0.55500000000000016 19.625000000000007 71.500000000000014 7.0500000000000007 7.5000000000000009 0.57500000000000007 304.81155290501346
decision_type=2 2 2 2 2 2 2 2 2 2 2 2 2 2 2 2 2 2 2 2 2 2 2 2 2 2 2 2 2 2
left_child=1 13 6 10 -5 27 7 -3 9 20 -2 12 -6 -1 -12 -15 17 -9 19 -8 24 -22 -16 -24 -7 -23 -13 -4 -20 -30
right_child=3 2 5 4 11 8 18 16 -10 -11 14 26 -14 15 22 -17 -18 -19 28 -21 21 25 23 -25 -26 -27 -28 -29 29 -31
leaf_value=-0.0035065370191773278 -0.05310763294579391 0.033418989377344339 -0.018389472081784805 -0.023005404085710786 0.047890118836117254 0.094560597317098066 0.08145464489225715 0.15654825874637052 0.030709696734294228 0.23595751354371028 -0.038442007736379548 -0.046335206599674224 0.25786779549867306 -0.002202223149237442 -0.028238323096040213 0.11304809331654987 0.16059691146213589 0.046256130721326942 0.18433964186114246 0.16020687808440254 0.1517195704717984 -0.011860949901355446 0.15974510774011916 -0.011467661958531607 0.21408938811483061 0.10296964602354731 0.077210394618510286 0.10254516606095311 0.12925997237602849 0.1979726571732108
leaf_weight=84.415455102920532 902.68529527261853 31.265895072370768 30.772550601512194 71.896734945476055 9.5896609984338301 9.9612825624644774 26.852310411632061 17.66352517157793 23.352687619626522 10.544627569615839 374.00113281235099 6.740131031721833 8.6524423509836179 11.221329603344204 35.177967622876167 17.726766634732485 48.63437332957983 21.412781823426485 104.08495108410716 36.967017367482185 11.090138081461189 12.041960921138527 9.3807280436158162 23.126157399266958 10.379231479018925 9.5951683484017831 11.273677732795475 4.8759209439158431 47.720626849681139 18.281071044504642
leaf_count=1879 26309 466 676 1634 160 126 286 147 266 68 10372 122 95 162 974 192 316 210 607 268 136 184 182 520 82 148 162 57 331 96
internal_value=-0.000133594 0.102248 0.123085 -0.0416395 0.0147436 0.0720243 0.140826 0.105996 0.102306 0.128589 -0.0461754 0.0896013 0.147485 0.0148483 -0.0320078 0.0683729 0.131868 0.0961111 0.158543 0.127071 0.107255 0.0772375 0.00354519 0.0379403 0.155553 0.0390617 0.030984 -0.00184829 0.170351 0.148292
internal_weight=2041.38 588.86 475.496 1452.52 108.153 122.614 352.883 118.977 86.9651 63.6124 1344.37 36.2559 18.2421 113.364 441.686 28.9481 87.7107 39.0763 233.906 63.8193 53.0678 32.7273 67.6849 32.5069 20.3405 21.6371 18.0138 35.6485 170.087 66.0017
internal_count=47233 6703 4470 40530 2173 1743 2727 1139 1010 744 38357 539 255 2233 12048 354 673 357 1588 554 676 468 1676 702 208 332 284 733 1034 427
is_linear=0
shrinkage=0.06


Tree=6
num_leaves=31
num_cat=0
split_feature=17 45 45 14 17 13 44 35 46 14 42 19 14 21 5 7 2 14 1 9 25 31 15 6 2 11 5 39 11 5
split_gain=1979.38 237.607 159.685 139.621 106.849 82.2311 67.0167 57.6268 51.9843 65.6799 49.3481 43.0354 25.8295 25.5005 27.8179 26.3427 21.7372 21.5892 21.1834 21.1329 20.5816 19.5521 17.8542 17.7718 17.3463 21.9435 17.246 17.2326 13.8022 13.7183
threshold=95.479166666666671 200.10239171276058 79.573964479072217 20.556250000000002 96.020833333333357 18.175000000000004 258.71047176101388 131.72847222222222 232.73504074309028 19.452083333333338 80.104166666666671 93.500000000000014 17.668750000000006 1.238017355093864 55.000000000000007 0.57500000000000007 20.300000000000001 16.106250000000006 1.0000000180025095e-35 1.3500000000000003 2485.5000000000005 1.0000000180025095e-35 16.749305555555562 2.5000000000000004 27.050000000000004 75.354166666666671 76.500000000000014 201.90000000000001 75.937500000000014 73.500000000000014
decision_type=2 2 2 2 2 2 2 2 2 2 2 2 2 2 2 2 2 2 2 2 2 2 2 2 2 2 2 2 2 2
left_child=2 4 3 11 6 22 -2 -8 9 10 13 -1 -9 14 -4 19 -14 -6 -16 -15 -18 -5 -3 26 25 -22 -11 -13 -17 -25
right_child=1 5 8 21 17 -7 7 12 -10 23 -12 27 16 15 18 28 20 -19 -20 -21 24 -23 -24 29 -26 -27 -28 -29 -30 -31
leaf_value=0.1125759704549788 -0.027186363399711207 -0.027831992080757033 0.051957783182253733 0.18340889327127735 -0.055564745691414057 0.17612637322679289 0.1543160578108175 -0.039802003311599533 0.15715710014136774 0.12645005058678196 -0.0019836711737066539 -0.025437302859906117 -0.056760962869408856 0.035436412403768922 0.092822950945227481 -0.051689882173954621 0.13797171529114308 -0.039374330851362396 0.21356149094167387 0.14917365214802925 0.14379867746243166 0.10574155119277724 0.081802683941372745 0.13789550355205274 -0.016756589309771253 0.015382712335821953 0.058372104801187 0.023554721352431331 0.052275180112854674 0.1979835481941157
leaf_weight=13.957229066640137 158.55293291807175 13.539962485432627 10.381542317569254 16.179768953472376 652.19209700077772 23.526994418352842 13.222258523106573 20.038300637155771 102.5528835952282 64.320897113531828 25.961936287581921 49.103366479277611 7.0055685676634303 9.6652575992047804 8.1362341828644276 7.6329463422298458 8.974368464201687 543.65431321784854 14.651641193777323 15.020966868847607 8.5384968891739863 41.850615881383419 8.8378543965518457 53.680457215756178 13.506277665495871 10.912903834134339 16.91996968537569 54.571127526462078 11.557760585099457 18.355204176157713
leaf_count=169 4059 330 136 96 19994 194 199 430 587 372 370 1082 121 110 103 103 116 15673 197 167 134 281 110 305 233 166 132 931 157 103
internal_value=-0.000879029 -0.0365684 0.09811 0.0512374 -0.0408622 0.0978076 -0.00439331 0.0395725 0.121056 0.106609 0.0695578 0.0136664 0.0175768 0.0936648 0.133366 0.0636524 0.0410715 -0.0482043 0.170453 0.104643 0.0574163 0.127396 0.0154669 0.13151 0.0354811 0.0717529 0.112272 0.000350621 0.0109239 0.153206
internal_weight=2017 1482.5 534.5 175.662 1436.6 45.9048 240.751 82.1982 358.838 256.285 103.008 117.632 68.9759 77.0463 33.1694 43.8769 48.9376 1195.85 22.7879 24.6862 41.932 58.0304 22.3778 153.277 32.9577 19.4514 81.2409 103.674 19.1907 72.0357
internal_count=47160 41759 5401 2559 41125 634 5458 1399 2842 2255 1343 2182 1200 973 436 537 770 35667 300 277 649 377 440 912 533 300 504 2013 260 408
is_linear=0
shrinkage=0.06


Tree=7
num_leaves=31
num_cat=0
split_feature=16 31 13 46 46 46 13 40 26 35 13 3 30 45 6 17 37 17 16 32 32 25 17 42 10 13 46 2 31 35
split_gain=1652.46 204.519 95.0956 70.6786 67.313 58.1672 46.7828 41.0725 39.9566 38.2965 30.1729 28.382 32.1899 33.934 30.9295 25.2002 25.7174 23.6371 23.3504 23.048 20.2985 19.6622 18.9119 17.0935 15.8021 14.7344 15.6034 13.7798 14.0402 13.5875
threshold=95.583333333333357 6.5000000000000009 17.941666666666674 240.12936516810899 153.07653185001308 101.08066003948112 18.175000000000004 17.800000000000001 0.59443551510254478 178.17430555555558 17.308333333333337 1.0000000180025095e-35 32.500000000000007 155.53872965100976 2.5000000000000004 95.479166666666671 15.500000000000002 96.562500000000014 94.583333333333357 133.30000000000004 141.70000000000002 1698.5000000000002 95.979166666666671 76.479166666666671 85.416666666666671 18.583333333333336 134.87002006679029 17.750000000000004 61.500000000000007 161.01111111111115
decision_type=2 2 2 2 2 2 2 2 2 2 2 2 2 2 2 2 2 2 2 2 2 2 2 2 2 2 2 2 2 2
left_child=1 5 17 15 25 8 -7 22 21 10 -6 12 13 14 18 16 -4 27 -8 -12 -13 -1 -5 -16 -20 -3 -27 28 -2 -29
right_child=2 4 3 7 9 6 11 -9 -10 -11 19 20 -14 -15 23 -17 -18 -19 24 -21 -22 -23 -24 -25 -26 26 -28 29 -30 -31
leaf_value=0.13828675287445621 -0.0084721080573065145 -0.021858391119291613 -0.01682655994653701 0.088774936861451409 -0.0030435976905459805 0.033869675635442388 0.10006564426996066 0.17621245037248517 -0.0051717076365948413 0.013881781655439214 0.037551318147428056 0.1118335066081043 0.15141274058320803 0.14194025960536966 0.14562563330273937 -0.027119278787173694 0.11561268566953989 -0.052029848769418317 0.017545288890431204 0.12759254254156266 0.16866037621008503 0.05381579752195341 -0.022441739520123627 0.081382615684723797 0.096383363878324219 -0.00073946704428348763 0.072589059597354857 -0.041803174416904086 0.12504358537849058 -0.010275794850543451
leaf_weight=16.775662831962109 14.471923343837263 62.984426122158766 11.635457236319782 10.975707419216635 10.545341372489927 26.033757571130991 30.469488486647606 10.719222657382486 27.453608475625515 35.782693095505238 13.22652070969343 38.349944438785315 45.68730066716671 43.155329786241055 30.674350574612617 131.02914878726006 9.660887770354746 812.17409414425492 42.691662773489952 45.236501313745975 55.199584305286407 24.275199417024851 11.04151603579521 29.012485206127167 11.65033410489559 33.569610550999641 15.166280966252087 276.81266900151968 3.5262457542121401 59.851993288844824
leaf_count=112 423 1518 263 110 172 378 172 113 442 429 141 244 227 199 214 3300 178 26013 391 385 314 211 166 194 83 629 195 8318 107 1699
internal_value=-0.0024892 0.0771066 -0.0400492 -9.10082e-05 0.0297097 0.101457 0.111278 0.0798937 0.0508618 0.0642531 0.0903719 0.117443 0.106248 0.0952523 0.0813087 -0.0172806 0.0432533 -0.0463866 0.0580214 0.107222 0.145365 0.0883353 0.0330004 0.114398 0.0344473 -0.00269115 0.0220799 -0.0334638 0.0176866 -0.0361983
internal_weight=1989.84 637.94 1351.9 185.062 216.511 421.429 352.924 32.7364 68.5045 104.791 69.0084 326.89 233.341 187.654 144.498 152.325 21.2963 1166.84 84.8115 58.463 93.5495 41.0509 22.0172 59.6868 54.342 111.72 48.7359 354.663 17.9982 336.665
internal_count=47340 6650 40690 4130 3469 3181 2416 389 765 1127 698 2038 1480 1253 1054 3741 441 36560 646 526 558 323 276 408 474 2342 824 10547 530 10017
is_linear=0
shrinkage=0.06


Tree=8
num_leaves=31
num_cat=0
split_feature=17 31 45 45 43 16 18 17 21 45 25 30 41 31 47 22 15 5 25 16 7 43 46 25 42 0 22 7 0 11
split_gain=1465.87 180.187 92.7279 92.0491 70.7733 60.0564 49.9869 36.1351 34.4613 34.2617 40.291 26.0636 52.0548 22.5419 21.2275 20.9068 26.7903 20.6333 18.0662 17.8721 17.3585 16.841 15.8362 15.526 22.1889 32.7876 20.6281 16.5855 15.4555 15.338
threshold=95.729166666666671 9.5000000000000018 200.10239171276058 77.11144501569548 130.78706085325243 94.916666666666671 96.437500000000014 96.562500000000014 0.82959552889112953 155.53872965100976 3722.5000000000005 32.500000000000007 5.3000000000000016 12.500000000000002 91.84091887609172 -0.68717939615898149 18.546527777777779 55.000000000000007 2823.5000000000005 94.750000000000014 0.58500000000000008 97.68750646833935 89.623322697943806 3518.5000000000005 70.395833333333357 53.500000000000007 -0.086278972141783997 0.6150000000000001 41.500000000000007 80.812500000000014
decision_type=2 2 2 2 2 2 2 2 2 2 2 2 2 2 2 2 2 2 2 2 2 2 2 2 2 2 2 2 2 2
left_child=1 3 7 5 -3 18 -4 21 17 10 11 12 29 -10 -14 16 19 -6 22 -16 -21 -2 -1 24 25 26 -23 -26 -12 -5
right_child=2 4 6 9 8 -7 -8 -9 13 -11 28 -13 14 -15 15 -17 -18 -19 -20 20 -22 23 -24 -25 27 -27 -28 -29 -30 -31
leaf_value=0.048812189561828916 -0.04820964638281415 -0.02248879264725431 0.12573412052365596 0.0034460778978365803 0.025569592557611338 -0.004989339128431732 -0.013177377581006804 -0.050681216467300838 0.097520060536065489 0.14092405073783898 -0.039166799932464892 0.13823997656933043 0.060599115464978572 0.014953481279274979 0.11694104048739315 0.17853825255858535 0.1308189411629114 0.12737694734120497 0.011056526452469231 0.089983259656550768 -0.015559981778444393 -0.0074387679427436121 0.10708589147595179 -0.032060920178093796 0.0090674273993839767 0.19572815967847981 0.14430390043202365 -0.043325932140887105 0.0719671892295424 0.080934235424876183
leaf_weight=24.861083943396807 125.29143737256527 80.44956523552537 17.818832132965326 26.13677965477109 9.8811896014958602 49.978362571448088 19.565691765397787 785.3263434432447 14.378462843596933 76.486539538949728 10.29691204801202 54.72885562479496 28.371687415987253 69.16355437412858 15.796757422387598 17.684368342161179 67.460534177720547 26.086617607623339 12.762543175369499 10.521452661603691 12.017414744943379 22.396939622238285 51.701723195612431 213.50518271513283 38.935783069580793 4.1614094860851756 3.7676674928516141 49.281404031440616 8.0089253820478898 14.187955692410467
leaf_count=212 3882 2021 160 235 135 900 405 26328 162 361 137 242 277 986 91 125 373 312 156 84 128 593 355 6019 979 108 106 1348 98 107
internal_value=-0.00223628 0.0688868 -0.0400723 0.0887867 0.0210178 0.0476786 0.0530329 -0.0428733 0.0503048 0.105546 0.0953426 0.10171 0.0913073 0.0291641 0.107399 0.118152 0.108058 0.0994081 0.0771467 0.068006 0.0337091 -0.029466 0.0881636 -0.0223934 -0.00498153 0.0392926 0.014412 -0.0202015 0.00945506 0.0307097
internal_weight=1961.01 680.961 1280.05 481.002 199.959 139.304 37.3845 1242.67 119.51 341.698 265.212 246.906 192.177 83.542 151.852 123.481 105.796 35.9678 89.3254 38.3356 22.5389 457.34 76.5628 332.048 118.543 30.326 26.1646 88.2172 18.3058 40.3247
internal_count=47425 7497 39928 3881 3616 1623 565 39363 1595 2258 1897 1662 1420 1148 1078 801 676 447 723 303 212 13035 567 9153 3134 807 699 2327 235 342
is_linear=0
shrinkage=0.06


Tree=9
num_leaves=31
num_cat=0
split_feature=16 31 14 45 44 25 17 16 44 32 31 45 35 17 21 38 30 42 9 47 14 25 14 23 9 35 11 41 7 19
split_gain=1353.28 134.462 93.18 58.665 49.2197 39.3134 31.9712 30.1006 37.0492 25.4021 25.3716 25.2898 20.3132 26.3359 19.7628 19.5307 29.749 18.3769 17.2572 19.8119 26.7806 16.9713 14.5502 14.0074 13.5556 37.7115 31.2722 12.5445 11.9893 11.3614
threshold=95.583333333333357 6.5000000000000009 17.197916666666671 155.53872965100976 317.40304678901413 3319.5000000000005 95.979166666666671 94.083333333333357 151.32076246775904 188.55000000000004 4.5000000000000009 83.909074636742886 138.53472222222226 94.854166666666671 0.92924143770553969 5.5520833333333366 32.500000000000007 76.979166666666671 3.3500000000000001 72.075668628595551 17.902083333333341 1698.5000000000002 16.397916666666671 1.0166666666666633 0.8500000000000002 161.01111111111115 75.104166666666671 5.5500000000000007 0.57500000000000007 94.500000000000014
decision_type=2 2 2 2 2 2 2 2 2 2 2 2 2 2 2 2 2 2 2 2 2 2 2 2 2 2 2 2 2 2
left_child=1 5 22 11 24 7 10 -1 21 -7 -6 -3 18 -14 -12 16 28 -8 19 -13 -21 -9 -2 -15 25 -4 -27 -18 -10 -24
right_child=2 3 4 -5 6 9 17 8 15 -11 14 12 13 23 -16 -17 27 -19 -20 20 -22 -23 29 -25 -26 26 -28 -29 -30 -31
leaf_value=0.12468738386752588 -0.052068139139568224 -0.010242482470060554 -0.039625679430818662 0.097880503886331696 0.16129426294588733 0.012433076342636773 0.058434138984748259 0.091635032177226156 0.072738484015952232 0.086570157573841316 0.11520052030848398 0.0075969606721022426 0.083344825514977294 -0.023724115335033911 0.011443070537499787 0.10731941817452435 0.14481327356447041 -0.034110071133165998 -0.0042366874497763362 0.032518758075656344 0.16641020068830986 -0.0079879953758688962 0.069531916994450146 0.051832296409483683 -0.029470824761943865 0.23996951320582041 0.020812162100531755 0.082745258929815782 0.029177471928997938 -0.037117777252672186
leaf_weight=81.75856414437294 708.51915954425931 82.077712275087833 15.925684563815595 36.510275702923536 8.6730180941522104 40.2538817897439 10.935264475643633 8.6249924935400504 60.418858136981726 28.359917189925909 9.7521941810846346 7.9971890375018146 15.056978892534969 39.76403521001339 20.50189870968461 131.53171408176422 24.037761338055134 26.309394022449851 9.2760481722652894 8.5079320408403891 14.618444018065928 21.504633970558643 3.6454129442572585 11.355731267482041 180.0258850120008 3.966454688459633 5.7301668487489223 22.88087223097682 36.478716477751732 265.05696876719594
leaf_count=369 24992 1888 467 234 82 491 143 77 440 211 122 113 111 623 326 760 107 582 123 136 138 276 113 134 5040 108 143 135 323 8646
internal_value=-0.00193883 0.0661978 -0.0387939 0.0282633 -0.00839878 0.0849353 0.0328015 0.0923523 0.0836981 0.0430759 0.0708239 0.0147903 0.0340688 0.0136022 0.0448886 0.0906101 0.0753281 -0.00693851 0.0675942 0.0890027 0.117153 0.0205304 -0.0475595 -0.00694003 -0.0236593 0.0171733 0.11046 0.114544 0.0563392 -0.0356709
internal_weight=1940.06 681.014 1259.04 225.164 281.82 455.85 76.1718 387.236 305.478 68.6138 38.9271 188.654 106.576 66.1767 30.2541 275.348 143.816 37.2447 40.3996 31.1236 23.1264 30.1296 977.222 51.1198 205.648 25.6223 9.69662 46.9186 96.8976 268.702
internal_count=47453 6689 40764 3500 7013 3189 1255 2487 2118 702 530 3266 1378 868 448 1765 1005 725 510 387 274 353 33751 757 5758 718 251 242 763 8759
is_linear=0
shrinkage=0.06


Tree=10
num_leaves=31
num_cat=0
split_feature=16 13 45 14 13 42 44 14 26 42 9 28 25 44 25 46 9 14 9 0 28 43 45 0 30 45 25 16 9 4
split_gain=1177.69 152.252 86.8011 58.6742 41.0575 42.9518 40.2134 38.0793 33.5728 23.8202 23.0635 25.6229 21.1745 23.0659 20.8465 20.3749 18.7634 17.4756 21.9966 15.0518 12.6533 11.7116 11.1989 10.431 9.87061 9.72973 13.7284 9.69338 9.05454 9.62638
threshold=95.750000000000014 19.941666666666674 83.909074636742886 17.114583333333339 17.558333333333337 78.062500000000014 353.25941223629894 18.668750000000003 0.75211962008208466 76.979166666666671 0.45000000000000007 1.5000000000000002 2485.5000000000005 404.02984756696003 3582.5000000000005 232.73504074309028 3.1500000000000008 17.902083333333341 2.9500000000000006 42.500000000000007 1.0000000180025095e-35 211.45764063994673 70.451486960348731 46.500000000000007 44.500000000000007 70.451486960348731 5835.5000000000009 96.250000000000014 1.2500000000000002 1.0000000180025095e-35
decision_type=2 2 2 2 2 2 2 2 2 2 2 2 2 2 2 2 2 2 2 2 2 2 2 2 2 2 2 2 2 2
left_child=1 2 10 25 -4 8 27 -7 14 -8 -1 24 -3 22 23 16 -9 19 21 -10 -11 -19 -14 -6 -12 -2 28 -5 -27 -30
right_child=3 12 4 6 5 7 9 15 17 20 11 -13 13 -15 -16 -17 -18 18 -20 -21 -22 -23 -24 -25 -26 26 -28 -29 29 -31
leaf_value=0.082921033033334354 -0.053822621587596264 0.10040103687712168 0.0015676231690386711 -0.015623679635195576 0.053124640291120254 -0.0089934162528744494 0.091444116023877781 0.018328583412604012 0.027062913839630023 -0.012937390656555747 -0.021166060763182559 0.048858038983289935 0.0074588009365586846 0.12811877176679792 -0.023571197487162406 0.10249495431631611 0.10539333974764303 0.19766033386762769 0.072369861885230896 0.12964311184725485 0.084153639126017171 0.12855060591897749 0.063641530600857449 0.11575183908493986 0.070832554534285011 -0.051464349754102752 -0.058285704943753305 -0.042935950584060925 -0.036566086407909308 -0.009353951784871006
leaf_weight=10.966877879574893 477.92817699350417 200.05054134875536 46.576679604128003 110.05862855911255 36.585568215698004 42.225810378789902 16.756293527781963 38.152054872363806 12.781604729592802 27.850217191502452 122.84120132029057 24.613353971391916 16.119745478034019 17.562137678265572 10.495649743825195 28.201846301555634 11.626650035381315 15.594175323843954 15.165366176515816 8.6239169426262361 5.8466710597276679 20.343693897128105 61.508812241256237 12.967723019421099 4.3469705693423739 80.866632796823978 121.44415064714849 81.363603943958879 147.41116175055504 68.568022126331925
leaf_count=229 17552 1013 875 3074 324 523 199 359 147 566 2862 272 177 73 140 144 82 143 118 99 78 100 379 99 71 2863 4446 2521 5267 2395
internal_value=-0.00231587 0.0556606 0.0341575 -0.0408966 0.0533328 0.0628716 -0.0146727 0.0368985 0.0864245 0.0329806 -0.00110717 -0.00717777 0.089317 0.0660231 0.0532439 0.0617486 0.038664 0.113903 0.132967 0.0683907 0.00390865 0.158539 0.0519751 0.0695137 -0.0180218 -0.047974 -0.0412915 -0.0272327 -0.034339 -0.0279269
internal_weight=1895.44 757.35 462.109 1138.09 299.341 252.764 241.875 120.206 132.558 50.4532 162.768 151.802 295.241 95.1907 60.0489 77.9806 49.7787 72.5088 51.1032 21.4055 33.6969 35.9379 77.6286 49.5533 127.188 896.218 418.29 191.422 296.846 215.979
internal_count=47190 8229 6587 38961 3153 2278 6438 1108 1170 843 3434 3205 1642 629 563 585 441 607 361 246 644 243 556 423 2933 32523 14971 5595 10525 7662
is_linear=0
shrinkage=0.06


Tree=11
num_leaves=31
num_cat=0
split_feature=14 13 32 17 32 21 43 29 29 46 44 25 32 46 9 43 7 41 14 35 25 21 7 22 41 14 17 11 22 41
split_gain=1094.83 158.42 89.6335 67.6897 40.7678 37.4476 37.383 37.3252 28.4766 32.1319 27.44 22.6222 24.9188 16.5824 23.9836 16.4795 16.0777 14.8098 14.7571 14.7492 16.3533 13.9783 13.7058 13.2344 12.7992 12.7308 11.4713 10.8293 10.7384 19.1738
threshold=17.902083333333341 19.358333333333338 137.80000000000004 96.104166666666671 95.500000000000014 1.238017355093864 259.57603711884025 7.5000000000000009 3.5000000000000004 138.15115083716776 270.91951679670655 2485.5000000000005 249.75000000000003 115.67806728401031 0.75000000000000011 259.57603711884025 0.41500000000000004 11.250000000000002 16.106250000000006 138.53472222222226 2742.5000000000005 2.3910035937243141 0.25000000000000006 -0.85378942143893244 6.5000000000000009 19.131250000000005 95.145833333333357 72.687500000000014 -0.64496355104012781 8.1000000000000014
decision_type=2 2 2 2 2 2 2 2 2 2 2 2 2 2 2 2 2 2 2 2 2 2 2 2 2 2 2 2 2 2
left_child=3 2 13 6 7 10 22 23 9 -6 26 17 27 -2 -15 19 -16 21 -5 -11 -21 25 -1 -3 -9 -7 -4 -13 29 -24
right_child=1 4 5 18 8 11 -8 24 -10 15 -12 12 -14 14 16 -17 -18 -19 -20 20 -22 -23 28 -25 -26 -27 -28 -29 -30 -31
leaf_value=0.081833113694133444 -0.037975882610245197 0.027864499204751703 0.096568443855055822 -0.052398532495206061 -0.02914950294537166 0.028661136111158621 0.0651304304182109 0.11193641604643355 0.097955811537368806 0.10607917774675309 0.12146252559261893 0.050143262371853833 0.079833170996394809 0.1040507776896915 0.063098456246215656 0.11579184906964671 -0.023746801310161884 0.11672764891199165 -0.037242045278392158 0.07823791775945893 0.0018434613267181879 -0.021382042961370435 0.068209365202146419 -0.045376036973649642 0.050732711999526725 0.12234559208614841 -0.0084072026187760451 -0.013181702379434126 -0.028087049309601809 -0.02044229049447149
leaf_weight=4.9683368299156419 64.906423220410943 19.600495856255293 5.7359966151416328 520.42070018313825 12.823000963777302 12.218031570315366 23.015669571235776 19.983396280556917 253.06509196013212 15.170844834297894 35.691468585282564 11.726490667089818 16.467750482261181 7.7678238656371823 9.276623731479047 23.165143862366676 44.426790125668049 14.277640242129563 416.22409879788756 18.576123472303152 22.075008973479271 8.7416711896657926 12.805627850815652 16.241753820329905 31.995103813707829 9.1193668432533723 10.809834107756613 56.872581383213401 124.11836124025285 27.958751264959574
leaf_count=133 1651 249 61 20323 202 184 207 107 1269 85 267 209 108 126 164 101 841 168 14371 138 188 111 328 239 206 66 228 895 3342 722
internal_value=-0.00182225 0.0548656 0.0219794 -0.0389982 0.0782775 0.0489747 -0.00662945 0.041781 0.0875711 0.0589468 0.0918541 0.0316679 0.013554 -0.0168248 0.00550818 0.0732486 -0.00874532 0.0664066 -0.0456633 0.0555939 0.036753 0.0425207 -0.0163533 -0.00532412 0.0742628 0.0687008 0.027985 -0.00235678 -0.0193119 0.00740654
internal_weight=1870.25 740.734 308.038 1129.51 432.696 181.661 192.867 87.8207 344.875 91.8101 52.2373 129.424 85.0668 126.378 61.4712 78.9871 53.7034 44.3567 936.645 55.822 40.6511 30.0791 169.851 35.8422 51.9785 21.3374 16.5458 68.5991 164.883 40.7644
internal_count=47289 7863 5079 39426 2784 2297 4732 801 1983 714 556 1741 1212 2782 1131 512 1005 529 34694 411 326 361 4525 488 313 250 289 1104 4392 1050
is_linear=0
shrinkage=0.06


Tree=12
num_leaves=31
num_cat=0
split_feature=14 13 32 14 32 29 42 38 21 25 45 43 14 10 5 21 43 38 29 29 29 0 44 21 36 23 43 13 41 9
split_gain=958.502 124.344 80.4341 66.7139 40.4717 46.6274 35.2656 32.5872 25.7105 29.5211 26.449 22.3285 23.3747 17.2946 16.2636 15.5883 24.7795 15.5115 27.4765 15.4375 13.6838 13.5856 13.4808 21.3057 12.6279 14.5877 12.4189 17.7542 12.0165 12.2509
threshold=17.902083333333341 19.358333333333338 137.80000000000004 16.756250000000005 130.95000000000002 6.5000000000000009 77.562500000000014 33.52291666666666 1.0433064936786256 1948.5000000000002 155.53872965100976 187.49947128875752 18.306250000000002 79.750000000000014 63.500000000000007 0.47157955161387216 220.67421396743472 15.131249999999989 4.5000000000000009 5.5000000000000009 1.5000000000000002 34.500000000000007 178.80303077805669 0.69828019292463062 225.45000000000002 -1.3958333333333346 246.75346858397785 18.583333333333336 5.3000000000000016 2.1500000000000008
decision_type=2 2 2 2 2 2 2 2 2 2 2 2 2 2 2 2 2 2 2 2 2 2 2 2 2 2 2 2 2 2
left_child=3 2 22 -1 5 13 8 21 14 -10 20 19 -13 -3 -4 16 -9 18 -6 -8 -11 -5 -2 -24 25 -7 27 -14 -23 -30
right_child=1 4 6 7 17 24 11 15 9 10 -12 12 26 -15 -16 -17 -18 -19 -20 -21 -22 28 23 -25 -26 -27 -28 -29 29 -31
leaf_value=-0.04759152022442488 -0.03706626380590216 -0.035915864541995642 0.076236861030810635 -0.044308154289851416 0.02216262937395724 0.098559315871803846 -0.027244203041504947 -0.0019143512761540895 0.1557933039186096 -0.018141225086425204 0.11321101435490254 -0.01974886764736325 -0.0020910675874228467 0.030086419095494792 0.17382083498203121 0.0013737343002104168 0.12752819777096985 0.10132988815723012 0.087975711901510267 0.052619581323800797 0.048581991159534134 -0.05343399683626246 0.086243660322936788 -0.011330146559426249 0.091917497523410288 0.032531442279401079 0.12166186185781523 0.099621297389809516 0.0054551217616231225 -0.032555514337291376
leaf_weight=744.86744558997452 58.170120384544134 19.453564867377281 12.177593976259233 97.505051428452134 30.50569899007678 17.39016991481185 36.37653087452054 11.13438965752721 8.8253713771700841 21.739107405766845 12.982339449226854 13.137489726766942 12.407916869968178 53.866594564169645 12.418361077085136 69.7458570972085 10.202448034659026 128.7381440885365 90.845298897475004 11.457730818539856 22.535701934248209 25.563753336668015 9.3919128309935314 56.647125458344817 62.706954918801785 39.195805352181196 12.644413512200115 12.30494252592325 83.289264764636755 48.184855310246348
leaf_count=29720 1535 266 98 3140 257 103 717 227 94 410 70 177 139 574 119 1357 133 594 426 89 274 774 169 1091 305 252 64 94 2631 1497
internal_value=-0.00149015 0.0504325 0.0215019 -0.0374824 0.0709013 0.0502296 0.0461501 -0.0156961 0.0731385 0.0536471 0.0379027 0.0212616 0.0490899 0.0125745 0.125506 0.0151027 0.0599801 0.0868222 0.0714314 -0.00811445 0.0158206 -0.0267168 -0.0160051 0.00254657 0.0733734 0.0528233 0.0732985 0.0485532 -0.0157943 -0.00847566
internal_weight=1846.41 755.919 313.217 1090.49 442.702 192.613 189.007 345.626 90.6785 66.0825 57.2571 98.329 50.4948 73.3202 24.596 91.0827 21.3368 250.089 121.351 47.8343 44.2748 254.543 124.209 66.039 119.293 56.586 37.3573 24.7129 157.038 131.474
internal_count=47396 7917 5140 39479 2777 1500 2345 9759 1065 848 754 1280 474 840 217 1717 360 1277 683 806 684 8042 2795 1260 660 355 297 233 4902 4128
is_linear=0
shrinkage=0.06


Tree=13
num_leaves=31
num_cat=0
split_feature=16 16 45 29 14 44 21 43 15 10 38 0 36 24 27 7 37 18 1 7 41 13 25 9 17 45 22 13 9 7
split_gain=861.477 130.365 74.9985 52.3913 52.0323 26.8882 23.8341 23.3596 21.2044 20.2735 23.3746 23.5554 19.3048 14.2203 14.153 13.2758 14.2077 20.7398 15.1906 19.4271 12.0141 11.888 11.7938 11.1688 9.91455 18.5199 9.75632 13.128 9.4001 9.38765
threshold=95.750000000000014 94.583333333333357 166.65744969550101 3.5000000000000004 17.039583333333336 270.91951679670655 0.33823474484380261 123.00544852738194 17.363194444444449 75.750000000000014 7.4354166666666659 49.500000000000007 222.35000000000002 1360.5000000000002 9.5000000000000018 0.71500000000000008 16.500000000000004 96.3541666666667 1.0000000180025095e-35 0.54500000000000015 10.15 20.991666666666671 3179.5000000000005 1.1500000000000001 95.895833333333357 79.573964479072217 -0.2578535914903099 17.941666666666674 2.8500000000000001 0.40500000000000008
decision_type=2 2 2 2 2 2 2 2 2 2 2 2 2 2 2 2 2 2 2 2 2 2 2 2 2 2 2 2 2 2
left_child=1 12 3 9 24 -6 -7 21 -4 26 -11 13 29 -12 -9 16 -8 18 19 -18 -13 -5 -14 -16 25 -2 28 -28 -3 -1
right_child=4 2 8 7 5 6 15 14 -10 10 11 20 22 -15 23 -17 17 -19 -20 -21 -22 -23 -24 -25 -26 -27 27 -29 -30 -31
leaf_value=0.090195691608554562 -0.049828704387627425 -0.013447638745055859 0.031910108076695823 0.0017292570128328657 -0.028735796998062259 0.13693677514314467 -0.042049248276689453 0.028195242247527695 0.1037819047951985 -0.0033154510087615549 0.039702692343061417 0.044168939362107709 0.097175373334382864 -0.027743636938020844 0.030897696244332994 -0.033704667692724309 0.047247153917246577 -0.010039151934832744 0.022645829845106377 0.19215564118203637 0.13757599992205 0.071101131127347547 0.050969599226868126 0.084326398475002701 -0.046712780956596318 0.13869813390898 -0.0039270421028758436 0.094725813453788194 -0.059613547402416402 0.042619694735559231
leaf_weight=20.292121093720198 5.0419987961649877 80.921251455321908 20.284569021314383 48.849900214001536 163.7080311384052 5.223677694797515 10.747560752555726 35.290152333676815 54.436111737042665 88.237648596987128 43.95889800786972 8.6904798578470963 154.09974325075746 15.125963388010858 17.742037434130907 23.12104899995029 7.1472274418920279 20.847090614959598 12.423378800973296 6.2370894216001034 11.539365187287329 10.872206501662729 22.833335220813751 68.335560146719217 761.28319113515317 2.9871969223022461 22.982923891395334 6.1569185927510253 19.753842674195766 56.51206798106432
leaf_count=113 186 1668 150 620 5276 82 247 251 258 1541 514 97 699 227 100 520 110 474 220 107 153 61 136 397 31655 96 575 85 403 357
internal_value=-0.00161125 0.0446997 0.0283663 0.0196357 -0.0382919 -0.0144794 0.012739 0.0450781 0.0842707 0.00414184 0.0179316 0.0415689 0.0803086 0.0224362 0.0601947 0.00468205 0.0201438 0.0344708 0.0704253 0.114774 0.0974495 0.0143582 0.0912125 0.0733138 -0.0460133 0.0203112 -0.0136566 0.0169172 -0.022506 0.0551896
internal_weight=1825.68 806.915 553.178 478.457 1018.77 249.455 85.7471 181.09 74.7207 297.367 167.552 79.3147 253.737 59.0849 121.368 80.5234 57.4023 46.6548 25.8077 13.3843 20.2298 59.7221 176.933 86.0776 769.312 8.0292 129.815 29.1398 100.675 76.8042
internal_count=47378 8405 7100 6692 38973 7036 1760 1429 408 5263 2532 991 1305 741 748 1678 1158 911 437 217 250 681 835 497 31937 282 2731 660 2071 470
is_linear=0
shrinkage=0.06


Tree=14
num_leaves=31
num_cat=0
split_feature=16 16 13 43 14 45 44 21 31 13 42 13 32 25 2 7 13 9 40 46 45 17 42 32 14 16 43 32 14 7
split_gain=761.221 103.424 42.7021 38.5589 29.4336 32.828 26.8195 23.8431 20.4757 19.4935 19.0084 16.7787 15.7677 15.3427 16.0834 13.9893 12.4009 11.9871 11.984 11.5416 10.1915 11.2561 10.0856 10.0552 12.7066 10.0265 9.84786 9.68442 12.6842 9.67624
threshold=95.750000000000014 95.083333333333357 16.825000000000006 211.45764063994673 19.452083333333338 77.11144501569548 398.38382299720132 0.87811739521908916 1.5000000000000002 19.625000000000007 78.375000000000014 17.308333333333337 96.850000000000009 3041.5000000000005 24.650000000000002 0.59500000000000008 20.333333333333336 1.4500000000000002 8.2500000000000018 232.73504074309028 59.754648210198518 95.812500000000014 76.479166666666671 230.25000000000003 18.668750000000003 94.083333333333357 138.05524798269582 141.70000000000002 18.306250000000002 0.70500000000000007
decision_type=2 2 2 2 2 2 2 2 2 2 2 2 2 2 2 2 2 2 2 2 2 2 2 2 2 2 2 2 2 2
left_child=1 4 -2 8 5 -1 20 -7 9 22 23 -5 16 -8 -15 -16 -6 25 -13 -12 -4 -22 -3 24 -9 -14 -10 -20 -29 -28
right_child=2 3 6 11 12 7 13 10 26 -11 19 18 17 14 15 -17 -18 -19 27 -21 21 -23 -24 -25 -26 -27 29 28 -30 -31
leaf_value=-0.016820857776841863 -0.047368691424408943 0.047665364041707729 -0.046428285200382231 -0.019027566624839929 -0.00070675714943138667 0.091030157499636458 -0.034399618642414892 -0.0068905596858941333 -0.019245759071486897 0.10083937181880571 -0.024951377661944076 0.0070552986859313428 0.093180595119293164 -0.0049654110290915073 0.15433500013590218 0.041663418787470367 0.059361817118667358 0.086417429257433884 0.030086884849676001 0.045907679901450185 0.0080787873924194707 -0.026903196080347618 -0.050549185781584557 0.088292461567104824 0.062199686674089802 0.045653165754477087 0.0177759280376385 0.049047494498112167 0.10940929402755559 -0.040345557512225148
leaf_weight=31.186659157276154 629.85471400991082 7.9167527332901972 74.723002085462213 12.654916472733019 16.947628874331713 39.080123666673899 11.003930160775779 14.681915335357187 105.95804275758564 13.180378895252941 22.827151760458946 15.384785545989869 21.731503762304783 11.583093348890545 6.669638346880677 9.79020165838301 45.83309068530798 160.56592243909836 19.865554889664054 12.980936687439678 39.827767096459866 196.41503829322755 7.1757742203772068 21.905338101089001 27.592668611556292 60.371353641152382 66.540353156626225 24.769992016255856 25.367375895380974 12.202935880050061
leaf_count=581 27338 142 2876 205 171 250 190 137 2646 94 214 143 94 229 91 208 230 771 187 68 937 6997 103 122 186 310 988 179 128 246
internal_value=-0.00274041 0.041215 -0.0380316 0.0143103 0.0588053 0.0388148 -0.0212292 0.0512913 -2.36376e-05 0.047527 0.0357595 0.0454473 0.0699479 0.0256411 0.0492009 0.0873187 0.0431463 0.0768817 0.0550029 0.000736029 -0.0271145 -0.0210056 0.000969046 0.0553002 0.0382047 0.058233 -0.00730239 0.0655405 0.079588 0.00876878
internal_weight=1766.59 786.721 979.867 311.017 475.704 170.255 350.013 139.068 212.974 28.2729 99.988 98.0426 305.449 39.0469 28.0429 16.4598 62.7807 242.669 85.3877 35.8081 310.966 236.243 15.0925 64.1799 42.2746 82.1029 184.701 70.0029 50.1374 78.7433
internal_count=47061 8195 38866 5061 3134 1558 11528 977 4219 339 727 842 1576 718 528 299 401 1175 637 282 10810 7934 245 445 323 404 3880 494 307 1234
is_linear=0
shrinkage=0.06


Tree=15
num_leaves=31
num_cat=0
split_feature=14 16 45 14 38 38 14 38 7 25 31 2 0 0 17 45 13 18 42 9 9 41 12 42 21 9 12 13 30 0
split_gain=716.974 89.5418 52.135 46.5809 30.7305 27.1595 34.1049 22.5357 24.2196 22.1006 18.6933 18.531 22.7957 24.2918 22.4986 17.995 16.4058 14.4125 13.4114 12.7102 10.8068 10.7789 11.1665 10.5543 10.2894 9.79906 14.3074 9.36483 9.12762 9.10792
threshold=17.777083333333341 95.083333333333357 94.909392100318072 16.510416666666671 28.568750000000019 18.570833333333336 20.556250000000002 16.222916666666688 0.48500000000000004 1948.5000000000002 1.5000000000000002 26.750000000000004 43.500000000000007 31.500000000000004 96.187500000000014 92.30802340577317 18.308333333333334 96.256944444444457 78.062500000000014 1.9500000000000002 0.75000000000000011 11.450000000000001 79.659722222222243 76.229166666666671 1.165855838078983 0.8500000000000002 75.423611111111128 19.941666666666674 40.500000000000007 30.500000000000004
decision_type=2 2 2 2 2 2 2 2 2 2 2 2 2 2 2 2 2 2 2 2 2 2 2 2 2 2 2 2 2 2
left_child=3 5 10 -1 -5 6 16 9 -9 -4 27 23 13 14 -13 -7 -2 18 -10 29 -11 22 -21 -6 -17 26 -12 -3 -27 -18
right_child=1 2 7 4 11 15 -8 8 17 20 25 12 -14 -15 -16 24 19 -19 -20 21 -22 -23 -24 -25 -26 28 -28 -29 -30 -31
leaf_value=-0.048276296650147571 -0.015205450592776707 0.0037320576024210046 0.081638656575008725 -0.031979118387918538 0.011060130758991316 0.038400808060338833 0.070133233401795031 0.10854491557584356 0.083565009451101499 0.058056702368452902 0.097545908771513853 -0.0020982063455976525 0.12634217768393222 -0.027447228907365697 0.18819837514877114 0.11551204776918746 0.063464250618323531 -0.011034368165021053 0.02211208064695596 0.0093246952894133085 -0.0065728535462892578 0.083135760058917763 0.062963464191572102 -0.034938387359362007 0.076500064078778754 -0.029418624661666486 -0.015292632674101629 0.088501236061349464 0.060298881702940198 0.0099238135550098611
leaf_weight=577.24381417408586 25.375269304960966 9.6746883727610129 15.278212165459989 266.20690030604601 36.953079668805003 35.529445961117744 124.57388747856021 24.735314067453146 27.046691769734025 10.854026921093462 5.9805018845945623 4.4129095077514666 8.6695060227066261 17.275706322863698 4.5353289302438498 33.034953955560923 13.881180200725792 15.792608857154844 24.245274722576141 26.461720578372478 65.645896693691611 28.177358370274305 29.602602362632751 34.93357571028173 92.457066599279642 106.39907766506076 12.501376664265988 9.1089767292141897 4.24518765695393 64.992649231106043
leaf_count=26603 378 194 175 9649 767 268 554 190 193 148 160 81 202 424 132 155 105 181 189 168 1060 229 193 852 430 2701 305 64 65 504
internal_value=-0.0022953 0.0393455 0.015424 -0.0375979 -0.0210716 0.0560727 0.0457734 0.0367807 0.0577969 0.015755 -0.0110857 0.00612117 0.0419975 0.0141135 0.0943518 0.0760971 0.029674 0.0390851 0.0545167 0.0366557 0.00259697 0.0528619 0.0376466 -0.011293 0.0867697 -0.019221 0.0212205 0.0448401 -0.0259764 0.0193465
internal_weight=1755.82 805.594 331.508 950.231 372.987 474.086 313.065 183.598 91.8199 91.7781 147.91 106.78 34.8935 26.2239 8.94824 161.021 188.491 67.0846 51.292 163.116 76.4999 84.2417 56.0643 71.8867 125.492 129.126 18.4819 18.7837 110.644 78.8738
internal_count=47319 8609 5625 38710 12107 2984 2131 2136 753 1383 3489 2458 839 637 213 853 1577 563 382 1199 1208 590 361 1619 585 3231 465 258 2766 609
is_linear=0
shrinkage=0.06


Tree=16
num_leaves=31
num_cat=0
split_feature=14 28 45 14 25 14 7 21 41 32 44 16 2 7 43 0 42 30 39 25 32 25 31 9 7 42 36 25 43 21
split_gain=654.896 97.0161 80.0161 37.2076 31.1023 27.2174 25.2942 21.8273 20.5632 19.2148 18.5323 16.2558 15.4139 19.6464 13.9104 26.5505 13.799 13.2622 12.0878 17.61 11.7529 11.6547 10.9314 10.5896 11.0153 17.75 9.61807 9.75602 8.84014 8.63587
threshold=17.564583333333335 1.5000000000000002 82.300966566254985 16.510416666666671 3582.5000000000005 19.877083333333335 0.57500000000000007 0.87811739521908916 5.4500000000000011 130.95000000000002 398.38382299720132 94.916666666666671 26.650000000000002 0.59500000000000008 246.75346858397785 52.500000000000007 77.562500000000014 25.500000000000004 276.33125000000007 1948.5000000000002 249.75000000000003 1948.5000000000002 39.500000000000007 0.45000000000000007 0.80500000000000016 76.062500000000014 222.35000000000002 1948.5000000000002 187.49947128875752 0.14915357378764948
decision_type=2 2 2 2 2 2 2 2 2 2 2 2 2 2 2 2 2 2 2 2 2 2 2 2 2 2 2 2 2 2
left_child=3 2 5 -1 6 23 9 -8 -6 -4 29 -9 -12 -14 15 -10 -11 28 19 -3 21 -13 -15 -2 -25 -26 27 -7 -18 -5
right_child=1 18 4 10 8 26 7 11 14 16 12 20 13 22 -16 -17 17 -19 -20 -21 -22 -23 -24 24 25 -27 -28 -29 -30 -31
leaf_value=-0.047790785305075675 0.045982348836073619 0.077956234425790749 0.029951168392564842 -0.0018586433305752643 -0.035760167794697734 0.047317100400052402 0.098851021384079946 0.048268249994610414 -0.0096365311461267655 0.094067314690638601 -0.012679066668038837 0.047607210614061535 0.15981249552004145 0.078688185457439525 0.060950292306385566 0.10001213378577807 0.0026302066787237902 0.10850053014576121 0.075132236747282991 0.031291890475167006 0.058045355532798992 -0.025673555181796263 -0.052672302466574429 -0.031226214175978168 0.1426311004666202 -0.029906508056018171 0.064045437565932228 -0.022064884020200633 0.057186956124717997 -0.031678717801304913
leaf_weight=546.01378220506012 7.6067577153444281 48.695972749963403 49.316967243328691 41.217115364968777 26.794311134144664 12.995778992772104 12.87493169121444 35.848627272993326 48.723888374865055 62.707865135744214 22.670580169185996 9.4450323656201345 5.2069053705781689 4.6130087506026012 26.125607654452324 9.5001185014843923 15.478448577225207 12.920455656945704 161.54184782505035 72.395958330482244 9.896940626204012 45.219024704769254 4.5105172470211983 128.8384946398437 3.5175670571625215 5.5070717129856348 17.9245297126472 16.634979920461774 34.577368250116706 230.35877405665815
leaf_count=26359 159 249 467 1411 565 88 140 211 890 427 434 123 75 116 171 102 205 58 794 479 68 671 97 3403 114 167 108 156 250 8549
internal_value=-0.00101954 0.0354649 0.0216664 -0.0383791 0.0369949 -0.010053 0.0473907 0.0253012 0.0100302 0.06169 -0.0217255 0.0158704 0.0181102 0.0668185 0.0245758 0.00825429 0.074144 0.0543056 0.0643892 0.0500575 -0.00211908 -0.0130119 0.0137458 -0.0229349 -0.0267375 0.0373441 0.0293523 0.00836542 0.0403167 -0.0271529
internal_weight=1729.68 875.089 592.455 854.591 399.43 193.025 288.286 113.285 111.144 175.001 308.577 100.41 37.001 14.3304 84.3496 58.224 125.684 62.9763 282.634 121.092 64.561 54.6641 9.12353 145.47 137.863 9.02464 47.5553 29.6308 50.0558 271.576
internal_count=47106 10065 8543 37041 4348 4195 2620 1213 1728 1407 10682 1073 722 288 1163 992 940 513 1522 728 862 794 213 3843 3684 281 352 244 455 9960
is_linear=0
shrinkage=0.06


Tree=17
num_leaves=31
num_cat=0
split_feature=16 14 43 32 14 7 25 45 17 27 38 7 44 7 0 21 21 15 9 14 9 7 15 0 44 21 43 7 11 25
split_gain=543.541 75.4318 56.8568 31.6472 30.1759 22.1341 22.0442 19.3552 21.0602 20.0747 19.093 21.5825 24.1854 18.8305 15.8602 15.2424 15.0774 15.4892 15.8726 14.6999 14.3229 15.0853 14.0139 13.0051 9.7197 12.8593 9.54395 13.6964 22.1325 9.97772
threshold=95.916666666666671 19.131250000000005 259.57603711884025 88.450000000000017 16.510416666666671 0.57500000000000007 3722.5000000000005 155.53872965100976 94.312500000000014 9.5000000000000018 33.52291666666666 0.48500000000000004 360.28330800979171 0.25000000000000006 59.500000000000007 1.9893699705728596 0.27535748885756922 19.032638888888894 2.4500000000000006 18.156250000000004 1.9500000000000002 0.57500000000000007 17.363194444444449 21.500000000000004 270.91951679670655 0.78431315476633057 138.05524798269582 0.77500000000000013 73.729166666666671 3110.5000000000005
decision_type=2 2 2 2 2 2 2 2 2 2 2 2 2 2 2 2 2 2 2 2 2 2 2 2 2 2 2 2 2 2
left_child=1 2 6 -3 -2 -4 16 8 -5 15 -6 12 -12 -8 24 -10 19 18 23 -1 21 -11 -7 -18 -15 -26 -25 28 -28 -30
right_child=4 3 5 7 10 22 13 -9 9 20 11 -13 -14 14 -16 -17 17 -19 -20 -21 -22 -23 -24 26 25 -27 27 -29 29 -31
leaf_value=0.019144539116992269 -0.046526358570937926 0.011147405431549838 0.091593820919596641 0.073235889739707988 -0.030494601169910856 -0.0073821474315668304 0.089234883732059983 0.089809342963920832 0.056389375620369664 0.050145304783934821 -0.012248678985327518 -0.010766584071649491 0.15474979455057972 -0.041796316274654258 0.073471744689206295 -0.01051852298734576 -0.059184319747539627 -0.036026724378320323 -0.012924905374548688 0.10591218319338531 0.066423441183486684 -0.0067786584004805696 0.059337412146815961 0.0065408678307157016 0.041649150849577828 -0.029096773056001564 0.13833482770934391 -0.014467296826995666 0.05870652153528777 0.0023483894528498507
leaf_weight=17.848914520815018 509.99990171007812 70.302812017500401 37.353841282427311 95.386667426675558 243.1623201649636 20.578883027657866 5.6033555287867776 49.930079653859138 17.45451439358294 49.577909618616104 5.8560123443603498 52.844476364552975 6.6869489531964064 70.992601146921515 5.7938436511903992 41.167464766651392 6.0578354559838763 25.828473789617419 54.291715873405337 11.595650706440209 89.939566500484943 25.318494249135256 25.225440515205264 37.447713201865554 13.966377068310974 27.387111930176616 9.7465888801962119 12.069681640714405 33.301212348043919 17.124176453799009
leaf_count=427 25922 585 201 428 9401 182 110 217 130 299 180 1402 98 2088 118 350 106 479 880 110 547 205 130 932 213 440 119 199 370 210
internal_value=-0.00245798 0.0305247 0.0127309 0.0480403 -0.0375658 0.0573158 0.00210907 0.0550735 0.049634 0.0395591 -0.0227549 0.00602747 0.0767822 -0.0182371 -0.0233345 0.0094031 0.0132834 0.00726548 0.0138415 0.0533148 0.0502837 0.0309023 0.0293618 0.0263963 -0.0283269 -0.00520364 0.0311227 0.0438651 0.0555658 0.0395676
internal_weight=1689.84 871.291 432.213 439.078 818.55 83.1582 349.055 368.775 318.845 223.458 308.55 65.3874 12.543 123.743 118.14 58.622 225.312 195.867 170.039 29.4446 164.836 74.8964 45.8043 115.747 112.346 41.3535 109.689 72.2417 60.172 50.4254
internal_count=47078 10075 7314 2761 37003 513 6801 2176 1959 1531 11081 1680 278 2969 2859 480 3832 3295 2816 537 1051 504 312 1936 2741 653 1830 898 699 580
is_linear=0
shrinkage=0.06


Tree=18
num_leaves=31
num_cat=0
split_feature=13 13 32 14 15 16 45 38 25 0 6 7 22 24 6 10 2 31 31 6 15 38 22 9 25 38 40 1 30 45
split_gain=542.599 69.0402 55.1989 39.7399 27.809 22.1017 25.2962 20.0698 18.9929 19.8957 15.5458 15.1764 13.2662 13.1317 12.8264 12.0678 12.0559 11.9288 11.425 11.3251 11.2334 10.7211 10.7003 10.4978 10.2252 11.1663 14.9144 10.0775 11.475 9.97397
threshold=17.941666666666674 19.941666666666674 130.95000000000002 16.964583333333341 17.363194444444449 94.083333333333357 155.53872965100976 43.645833333333336 1948.5000000000002 27.500000000000004 4.5000000000000009 0.56500000000000006 -0.31254461486938107 1092.5000000000002 2.5000000000000004 82.416666666666671 26.650000000000002 11.500000000000002 11.500000000000002 4.5000000000000009 19.870138888888892 22.916666666666682 -0.64496355104012781 1.9500000000000002 3179.5000000000005 -14.429166666666658 20.950000000000003 1.0000000180025095e-35 3.5000000000000004 104.93294461707207
decision_type=2 2 2 2 2 2 2 2 2 2 2 2 2 2 2 2 2 2 2 2 2 2 2 2 2 2 2 2 2 2
left_child=3 2 10 -1 11 -3 13 8 -6 29 24 -4 17 14 16 -11 20 -9 -12 21 -7 22 -5 -17 25 -2 -27 -28 -29 -10
right_child=1 5 4 19 7 6 -8 12 9 15 18 -13 -14 -15 -16 23 -18 -19 -20 -21 -22 -23 -24 -25 -26 26 27 28 -30 -31
leaf_value=-0.044864078936527753 -0.021604794800771168 0.082222279164396492 0.038587733731950645 -0.0074719029246252382 0.071359282108219541 -0.011706296414167146 0.091678287897948726 0.068995275661123234 0.11280272470443428 -0.0021272290110101832 0.0022474146269169338 -0.023422538351333282 0.11017430309710539 0.010433936896764612 0.064252428071554582 0.0057856304646015048 0.054634575387858243 0.013121259690583701 0.094213983375069296 0.037992261033133093 0.044245273193809526 0.0009924936419014813 -0.039553789375320184 0.086423000183799489 -0.030692185135350367 -0.0062192357173237525 -0.0013283997426496109 0.15505628503538857 0.033416851175564477 0.031320395665356646
leaf_weight=614.77928658947349 45.877072241157293 72.245454154908657 21.466718927025795 59.554906012490392 31.322475329041481 30.914281625300646 35.380265846848488 48.162238465622067 10.716905673965814 83.102411502972245 11.316118823364379 42.021503498777747 18.68285421654582 51.294162880629301 71.983422890305519 11.43507323227823 42.203993611037731 19.254953626543283 8.5275212693959457 13.178154600784181 22.190178859978914 66.700627621263266 100.72790772467852 11.819346452131866 75.699844591319561 27.998115262016654 5.4680346567183742 5.9545635432004929 5.2566299941390753 10.917295694351195
leaf_count=31370 861 318 297 1803 229 183 155 234 131 920 150 667 101 371 366 133 234 152 174 307 117 1366 3591 106 2102 501 121 136 86 95
internal_value=-0.00332143 0.0315102 0.0173874 -0.0367789 0.032939 0.0529405 0.0446108 0.0420955 0.0294816 0.0192332 -0.00842649 -0.00245555 0.0654353 0.0369924 0.0451356 0.00856404 0.0306973 0.0530372 0.0417687 -0.0160821 0.0116736 -0.0192215 -0.0276334 0.0467706 -0.0144177 -0.000812802 0.0205375 0.065452 0.0980228 0.0716842
internal_weight=1676.15 821.211 495 854.941 308.902 326.212 253.966 245.414 159.314 127.991 186.098 63.4882 86.1 218.586 167.292 106.357 95.3085 67.4172 19.8436 240.162 53.1045 226.983 160.283 23.2544 166.254 90.5544 44.6773 16.6792 11.2112 21.6342
internal_count=47377 8940 7196 38437 3065 1744 1426 2101 1614 1385 4131 964 487 1271 900 1159 534 386 324 7067 300 6760 5394 239 3807 1705 844 343 222 226
is_linear=0
shrinkage=0.06


Tree=19
num_leaves=31
num_cat=0
split_feature=14 47 13 44 21 29 14 32 42 14 9 5 29 3 41 6 13 46 38 11 34 46 46 5 18 2 25 30 14 25
split_gain=475.9 74.3754 46.5771 35.3559 25.6757 24.7395 24.2988 21.2755 18.2229 23.5248 17.3473 23.0203 17.5469 15.3276 17.0797 14.0139 16.434 13.7857 13.4506 13.6952 42.1773 12.2431 12.1743 11.4832 11.2628 10.6671 10.5675 12.3071 10.381 10.3482
threshold=17.464583333333341 73.141120941214368 19.358333333333338 270.91951679670655 1.238017355093864 11.500000000000002 16.106250000000006 85.000000000000014 76.354166666666671 18.306250000000002 0.8500000000000002 76.500000000000014 3.5000000000000004 1.0000000180025095e-35 11.050000000000002 2.5000000000000004 20.333333333333336 128.26754262339924 23.731249999999999 67.562500000000014 156.57500000000002 232.73504074309028 112.71552057793913 73.500000000000014 95.284722222222243 19.300000000000004 5356.5000000000009 1.0000000180025095e-35 20.556250000000002 1948.5000000000002
decision_type=2 2 2 2 2 2 2 2 2 2 2 2 2 2 2 2 2 2 2 2 2 2 2 2 2 2 2 2 2 2
left_child=6 5 3 10 8 -2 -1 -4 -5 -10 11 -3 13 -12 -15 16 21 28 24 20 -20 -9 -14 -19 -8 -6 27 -21 -17 -27
right_child=1 2 7 4 25 -7 18 15 9 -11 12 -13 22 14 -16 17 -18 23 19 26 -22 -23 -24 -25 -26 29 -28 -29 -30 -31
leaf_value=-0.047819869419701358 -0.023823573974551624 0.013242488054403471 -0.0027551839326079865 0.10431523168981381 -0.035581511019197015 0.046487915339870026 0.072541427275995427 0.015837958138939102 0.011653878470906046 0.094959340500343797 -0.035744940470672906 0.14538226503800861 -0.027725150375922138 -0.033451168593170315 0.065441309342111426 -0.00074650219670415222 0.060282598796465109 0.064197084477502636 0.22374908972185897 -0.053075861941419868 -0.033884817740475921 0.057850765753114507 0.051971163975748927 0.10471821250240067 -0.034800553900269773 0.082409505984119696 -0.049868129869400278 0.0078847215815534243 0.065181499939914719 0.017808743412868554
leaf_weight=365.56609466671944 114.30213637091219 21.935217235237364 26.705735364928842 26.048712581396103 11.898046519607304 21.385884018614888 3.5666509065777054 86.393034018576145 32.585637869313359 19.510001331567764 76.565447052940726 6.0567122194916001 9.8599084578454477 12.036840975284578 13.162214949727057 17.01511680521071 106.30932379513979 90.736968033015728 3.5731038860976678 14.835801765322683 6.3582886252552271 35.122195705771446 22.98889178968966 34.845505509525537 263.00440387427807 10.001988358795641 23.891212919726968 60.709677817299962 17.380970165133476 83.037787908688188
leaf_count=20490 2635 372 227 189 133 127 119 694 397 97 2103 174 136 333 279 151 506 429 154 470 246 161 211 174 12131 88 967 1901 75 1056
internal_value=-0.00125032 0.0281779 0.0354817 0.0192187 0.0373023 -0.0127417 -0.0368054 0.0490445 0.0633403 0.0428521 -0.00114211 0.041834 -0.0100787 -0.0223862 0.0182033 0.0526116 0.0430539 0.0662228 -0.0260949 -0.00837653 0.0588064 0.0279811 0.0280495 0.0754405 -0.0333643 0.0179126 -0.0150865 -0.00408686 0.0325681 0.0247535
internal_weight=1637.39 895.884 760.196 345.687 183.082 135.688 741.505 414.509 78.1444 52.0956 162.605 27.9919 134.613 101.765 25.1991 387.803 227.825 159.979 375.939 109.368 9.93139 121.515 32.8488 125.582 266.571 104.938 99.4367 75.5455 34.3961 93.0398
internal_count=47225 10747 7985 5568 1960 2762 36478 2417 683 494 3608 546 3062 2715 612 2190 1361 829 15988 3738 400 855 347 603 12250 1277 3338 2371 226 1144
is_linear=0
shrinkage=0.06


Tree=20
num_leaves=31
num_cat=0
split_feature=17 31 13 32 45 13 38 45 21 41 7 45 30 9 45 32 39 35 45 21 26 15 7 18 7 0 12 7 43 41
split_gain=446.476 63.6659 52.8044 26.4381 26.0694 20.91 19.8354 19.4899 18.0221 28.7607 16.6526 15.1168 14.7353 13.6868 12.4052 10.8567 9.82989 10.2104 9.54523 9.82937 9.53728 11.7845 11.0646 13.0495 22.8194 21.5218 14.4703 10.2601 16.8574 21.5496
threshold=95.812500000000014 9.5000000000000018 17.308333333333337 88.450000000000017 82.300966566254985 19.941666666666674 -32.297916666666673 200.10239171276058 0.98478804598926584 11.450000000000001 0.57500000000000007 142.00837211720463 36.500000000000007 0.45000000000000007 108.7949053942054 141.70000000000002 269.72916666666669 135.42638888888891 61.321223763806479 2.1721668855505709 0.77833129653138466 18.177083333333339 0.45500000000000007 96.298611111111128 0.70500000000000007 25.500000000000004 76.006944444444457 0.57500000000000007 169.2728708120006 11.050000000000002
decision_type=2 2 2 2 2 2 2 2 2 2 2 2 2 2 2 2 2 2 2 2 2 2 2 2 2 2 2 2 2 2
left_child=1 3 18 12 13 6 -5 20 9 14 15 16 -1 -3 -6 -8 17 -12 -2 -20 21 22 -4 24 26 -25 -24 28 -22 -30
right_child=2 4 7 5 8 -7 10 -9 -10 -11 11 -13 -14 -15 -16 -17 -18 -19 19 -21 27 -23 23 25 -26 -27 -28 -29 29 -31
leaf_value=-0.010894353014236108 -0.050559559966938776 0.067559209885725405 -0.063723766821539254 -0.0054742237587490509 -0.02304334346839838 0.05971252358054812 0.029527701022476899 0.040266641849927877 0.0026167584791003127 0.13765941893656677 -0.0062755184089263215 0.05552936385684451 0.039281068808189108 -0.030381603429194423 0.04350493937080388 0.069483321964912192 -0.014545895259183083 0.081083152562439323 -0.035848966901900578 0.085245001535394979 -0.029381491316115421 -0.051651640714243073 0.17969912238921823 0.12377334770114255 -0.029899499495899859 -0.02055250647121537 0.039777076506534413 -0.037316209089317091 -0.0021113267251694065 0.12864419208486347
leaf_weight=47.984911691397429 233.11387239582837 5.527003549039363 5.1975862700492135 37.272930169478059 13.609586579725145 243.43619315326214 35.372927062213421 28.041181830689311 96.795923797413707 9.9195738863199932 9.4225095324218291 31.747493360191584 37.566527323797345 72.719071134924889 38.926926054060459 79.514691481366754 36.660611160099506 9.8532405551522952 366.79558534920216 2.4291257746517649 33.360023474320769 10.309424178674815 6.3508895002305525 4.4560487363487509 5.3769536279141894 22.5051049888134 4.5793472845107317 72.985904764384031 14.340233637019994 6.6379321794956914
leaf_count=681 13191 147 143 377 241 1167 391 262 1205 157 148 178 225 2200 308 511 338 124 19037 75 1355 309 147 126 160 691 123 2809 322 137
internal_value=-0.000680675 0.0309882 -0.0319559 0.0418822 0.00489602 0.0473245 0.034751 -0.00636505 0.01883 0.0439577 0.0421524 0.0224609 0.0111382 -0.0234634 0.0262656 0.0571813 0.0036924 0.0383799 -0.0410538 -0.0350523 -0.0133914 0.00660021 0.0189912 0.0289273 0.0712958 0.00330118 0.121077 -0.02262 -0.00288035 0.0392625
internal_weight=1622.81 806.33 816.479 568.832 237.498 483.281 239.844 214.141 159.252 62.4561 202.571 87.6839 85.5514 78.2461 52.5365 114.888 55.9364 19.2758 602.339 369.225 186.099 58.7754 48.4659 43.2683 16.3072 26.9612 10.9302 127.324 54.3382 20.9782
internal_count=47285 8398 38887 4140 4258 3234 2067 6584 1911 706 1690 788 906 2347 549 902 610 272 32303 19112 6322 1699 1390 1247 430 817 270 4623 1814 459
is_linear=0
shrinkage=0.06


Tree=21
num_leaves=31
num_cat=0
split_feature=16 14 28 43 44 4 43 7 16 43 0 3 13 26 41 21 14 17 42 43 36 47 42 5 5 42 15 2 7 13
split_gain=367.389 45.0471 39.3052 29.4758 27.2623 19.5055 16.5416 14.846 13.0413 12.6539 12.4165 11.261 11.1209 15.2568 10.8954 10.6004 13.926 9.39097 9.15855 12.3688 13.5345 20.6228 17.0775 15.8461 25.6903 17.2956 14.4114 12.1552 14.4782 18.3598
threshold=95.750000000000014 16.452083333333338 1.5000000000000002 133.82355215135979 398.38382299720132 1.0000000180025095e-35 246.75346858397785 0.48500000000000004 94.250000000000014 259.57603711884025 49.500000000000007 1.0000000180025095e-35 18.308333333333334 0.93042570408341685 7.0500000000000007 0.92924143770553969 18.668750000000003 96.687500000000014 84.770833333333343 97.68750646833935 197.20000000000002 72.075668628595551 76.354166666666671 83.500000000000014 80.500000000000014 65.479166666666671 16.814583333333339 21.750000000000004 0.6150000000000001 17.308333333333337
decision_type=2 2 2 2 2 2 2 2 2 2 2 2 2 2 2 2 2 2 2 2 2 2 2 2 2 2 2 2 2 2
left_child=2 -2 3 -1 17 7 12 14 -4 -10 -6 -9 13 -7 -5 -14 -17 18 19 27 21 22 -21 24 25 -23 -27 28 -3 -30
right_child=1 4 8 5 10 6 -8 11 9 -11 -12 -13 15 -15 -16 16 -18 -19 -20 20 -22 23 -24 -25 -26 26 -28 -29 29 -31
leaf_value=-0.0035484356512033599 -0.044632088066095178 -0.039922635657618187 0.063800927975393135 -0.002576343225689426 0.015604272719557147 -0.01559104350594492 0.062831652415237263 -0.030517308521230604 0.030392342125325232 0.081223049951720555 0.11079447295442928 0.018724355781516894 0.075089442466730202 0.069509707309146365 0.058938349594483921 -0.015583045564061326 0.038136009084140436 -0.046424818667921336 -0.049946642437817025 -0.03261463508259823 -0.017346132346314939 0.14711619089447067 0.091280523525557739 -0.047848561932872499 0.21329714258756166 0.13257464397045896 -0.021479220829159811 -0.052449732909456113 -0.019188031870667168 0.16277901803126113
leaf_weight=173.94938338547945 424.35492355376482 11.159717297181489 87.382130540907383 17.590178664773703 40.861328383907676 37.314848303794861 61.766622863709927 42.543386973440647 167.75942155718803 19.701382234692574 5.6104159057140341 27.543574366718531 20.725999681279063 9.5186484642326814 25.237147584557533 21.127383461222053 97.762330107390881 48.477643279358745 28.350779544562101 26.93177263811231 114.23425723239779 4.5923082306981184 4.7048058342188588 4.2579430807381859 4.1349818743765345 2.7840514704585066 10.177808765321968 46.775433737784624 4.2756787687540037 3.7440351415425539
leaf_count=3471 25590 505 409 155 727 630 336 527 999 89 93 265 154 153 194 245 600 2458 1038 1157 3996 103 189 159 148 130 346 2133 211 156
internal_value=-0.00213905 -0.0313776 0.0262152 0.0167422 -0.0158 0.0265158 0.0359208 0.0058411 0.0446578 0.0357344 0.0270963 -0.0111658 0.0270058 0.00170521 0.0336728 0.0354927 0.0285898 -0.0221365 -0.0177121 -0.0138686 -0.00539004 0.0183284 -0.0141897 0.0579768 0.0787521 0.0470593 0.0116097 -0.035956 0.00426932 0.065764
internal_weight=1595.35 785.428 809.922 535.08 361.073 361.13 248.216 112.914 274.843 187.461 46.4717 70.087 186.449 46.8335 42.8273 139.616 118.89 314.601 266.124 237.773 171.818 57.5837 31.6366 25.9471 21.6892 17.5542 12.9619 65.9549 19.1794 8.01971
internal_count=47366 39139 8227 6730 13549 3259 2118 1141 1497 1088 820 792 1782 783 349 999 845 12729 10271 9233 6228 2232 1346 886 727 579 476 3005 872 367
is_linear=0
shrinkage=0.06


Tree=22
num_leaves=31
num_cat=0
split_feature=14 13 46 17 42 22 44 16 22 42 42 7 35 30 43 36 15 45 7 0 9 23 46 46 36 23 35 40 12 9
split_gain=376.716 50.8591 47.7469 41.6992 24.9542 20.251 18.9012 17.5019 16.6422 15.9348 24.9733 18.4683 30.2234 14.4801 15.5879 12.712 11.2797 10.8479 10.4418 12.9897 10.2491 10.1745 12.8274 13.0628 12.2166 12.2811 11.718 15.1583 14.5197 32.2505
threshold=17.902083333333341 19.941666666666674 121.98209512724863 96.562500000000014 78.937500000000014 -0.56914560585155261 571.50805998789292 94.583333333333357 -0.64496355104012781 76.062500000000014 82.687500000000014 0.68500000000000016 147.57569444444448 3.5000000000000004 259.57603711884025 240.00000000000003 18.546527777777779 155.53872965100976 0.27500000000000008 26.500000000000004 0.8500000000000002 0.42916666666666986 104.10510365034493 124.33008389973948 177.00000000000003 0.67499999999999993 130.16805555555558 16.050000000000004 70.979166666666686 2.0500000000000003
decision_type=2 2 2 2 2 2 2 2 2 2 2 2 2 2 2 2 2 2 2 2 2 2 2 2 2 2 2 2 2 2
left_child=3 2 -2 6 5 16 8 -3 9 -1 11 12 -11 20 -15 -13 -4 -9 19 -10 -6 -5 -23 26 25 -25 28 -28 -24 -30
right_child=1 7 4 21 13 -7 -8 17 18 10 -12 15 -14 14 -16 -17 -18 -19 -20 -21 -22 22 23 24 -26 -27 27 -29 29 -31
leaf_value=-0.017935627507297738 -0.017797483615537533 0.060285717617769116 0.015891152585280191 -0.048246716101994658 0.034775509498779077 0.070365695803360884 0.033970774980409631 0.025644937688843485 -0.062601593515275542 0.012947215906396166 -0.054342983276831069 0.082783256503609334 0.23104930602519574 0.011906592069904067 0.078966454944672873 -0.063147865956081184 0.053829650700057664 0.07025334060757156 -0.027936931159826987 0.091558930217010531 -0.031131382910798089 -0.05558950776862738 -0.061028468308444855 0.15714949941995895 -0.03756749540124265 -0.03522312996079905 0.026178299198667428 0.24445104701672019 -0.042279659339276368 0.26341309161132659
leaf_weight=32.235875597223639 118.31346081010997 159.57792361825705 89.387833081185818 342.94380865059793 10.718024859204887 58.410961592569947 25.507086493074894 135.18361130356789 2.9933373257517797 3.9084946531802469 6.5510404855012885 4.9580056015402061 5.5144913867115974 86.274377973750234 14.588671509176491 3.7928351182490587 41.223375329747796 22.958221457898617 263.95973186567426 5.7426292318850756 40.94009674526751 32.972370143979788 5.8257917771115881 2.4732403093948951 37.617412467487156 2.3109852569177747 2.7495918162167063 1.9631985034793613 3.1916218502447009 2.0343440268188715
leaf_count=1096 2658 747 1031 21271 130 496 269 829 111 106 208 171 161 812 69 113 314 103 10520 196 675 2013 355 143 1951 127 158 108 190 125
internal_value=-0.00183427 0.0278061 0.0150512 -0.0310364 0.0264303 0.0409986 -0.0157895 0.046267 -0.0196397 0.00985732 0.0460933 0.0822971 0.140584 0.00837557 0.021606 0.019533 0.0278653 0.032121 -0.025801 0.0387366 -0.017457 -0.0435113 -0.0256923 -0.00874469 -0.0260821 0.0642253 0.0378875 0.117104 0.00410731 0.0767192
internal_weight=1566.82 777.577 459.857 789.246 341.543 189.022 355.164 317.72 329.656 56.9607 24.7249 18.1738 9.42299 152.521 100.863 8.75084 130.611 158.142 272.696 8.73597 51.6581 434.082 91.1386 58.1662 42.4016 4.78423 15.7645 4.71279 11.0518 5.22597
internal_count=47256 7864 6185 39392 3527 1841 12951 1679 12682 1855 759 551 267 1686 881 284 1345 932 10827 307 805 26441 5170 3157 2221 270 936 266 670 315
is_linear=0
shrinkage=0.06


Tree=23
num_leaves=31
num_cat=0
split_feature=17 13 16 45 45 44 6 5 2 2 46 46 18 25 45 20 9 41 25 16 25 45 5 5 44 37 2 34 35 3
split_gain=327.033 56.3969 40.9909 32.7547 20.7918 19.1193 17.8 37.1763 25.0179 22.2616 17.7393 17.5867 14.1598 12.3306 25.3572 11.3003 21.264 11.0687 17.7187 9.93412 9.65793 9.28571 10.9952 18.6953 19.9673 37.0078 11.5424 14.3464 21.6261 8.7473
threshold=95.729166666666671 17.091666666666672 94.750000000000014 166.65744969550101 200.10239171276058 169.78794482621274 2.5000000000000004 71.500000000000014 17.150000000000002 23.800000000000001 200.36839275268508 131.93071166146629 96.437500000000014 1948.5000000000002 113.39995674725505 0.66716470259130045 2.6500000000000008 10.15 3041.5000000000005 93.750000000000014 5835.5000000000009 59.754648210198518 90.500000000000014 88.500000000000014 236.52591426884172 16.500000000000004 17.750000000000004 141.12083333333337 106.67222222222225 1.0000000180025095e-35
decision_type=2 2 2 2 2 2 2 2 2 2 2 2 2 2 2 2 2 2 2 2 2 2 2 2 2 2 2 2 2 2
left_child=2 20 10 5 13 15 8 9 -7 17 19 -9 -6 14 -3 16 -4 -8 -19 -1 21 -2 23 26 -25 -26 27 28 -23 -17
right_child=1 4 3 -5 12 6 7 11 -10 -11 -12 -13 -14 -15 -16 29 -18 18 -20 -21 -22 22 -24 24 25 -27 -28 -29 -30 -31
leaf_value=0.070281667325395758 -0.049092053679501015 -0.041644688648124747 -0.018613736820197003 0.061432873802073754 0.068081683535417839 0.095082402111081141 0.0064352923681474652 0.012372163592352686 -0.0010232872207804606 -0.027441660679297923 0.065105078143172221 0.0959829059108116 -0.009089417499631082 -0.01583882253615293 0.14515136107375773 -0.033492337402953855 0.15872525251304515 0.0085305773851745443 0.11804193467860202 0.029688243067436403 -0.052623923026972635 -0.061108114605968683 -0.055479620706910759 -0.018252873924518354 0.35526488369727061 0.0067490124269593077 -0.029707734446470339 -0.062165085559557562 0.18441399480506762 0.010040015421065401
leaf_weight=24.267947472631931 110.89340594504029 5.2897653803229314 6.9087873212993127 48.53569521009922 20.783776022493839 10.342422256246207 21.165676105767488 12.066639916971324 170.56378000229597 34.894338168203831 92.455368112772703 36.305388843640685 14.553090717643498 231.95950438268483 5.1762070171535015 61.287363350391388 3.7581936791539192 9.8571125045418757 11.552429979667066 205.34420579299331 158.299365632236 1.9954142011702041 43.126320336945355 5.6083620982244593 1.8734975373372433 2.6459661703556776 175.77526483684778 3.1377626936882734 3.6612113602459431 22.798365892842412
leaf_count=113 7047 144 234 238 127 103 195 148 2019 466 449 264 189 8541 67 1318 110 113 154 1213 10362 117 2660 343 113 143 9462 139 184 483
internal_value=-0.00115197 -0.0284281 0.026572 0.0148768 -0.00669712 0.00924881 0.0165258 0.0338552 0.00447108 0.00808584 0.042914 0.0751258 0.0362996 -0.0129645 0.0507399 -0.0143092 0.0438664 0.0372039 0.0676221 0.0339786 -0.0403331 -0.0347538 -0.0280681 -0.0219963 0.0573743 0.151223 -0.0263516 0.0407286 0.0978044 -0.0216893
internal_weight=1556.88 784.779 772.104 450.036 277.762 401.5 306.748 125.842 180.906 77.4696 322.068 48.372 35.3369 242.425 10.466 94.7527 10.667 42.5752 21.4095 229.612 507.017 348.717 237.824 194.697 10.1278 4.51946 184.57 8.79439 5.65663 84.0857
internal_count=47258 39638 7620 5845 9068 5607 3462 1340 2122 928 1775 412 316 8752 211 2145 344 462 267 1326 30570 20208 13161 10501 599 256 9902 440 301 1801
is_linear=0
shrinkage=0.06


Tree=24
num_leaves=31
num_cat=0
split_feature=16 28 14 43 14 37 41 25 6 7 25 43 41 30 30 19 14 42 18 23 5 0 46 9 9 20 0 36 24 31
split_gain=268.293 44.6344 32.2785 29.8108 18.2992 17.5978 17.2168 16.687 15.0201 14.5001 13.4107 12.6186 13.1661 12.1743 12.0112 11.9109 10.8995 10.8278 12.0107 10.478 10.3344 10.1628 9.63474 9.29257 22.7249 11.302 10.9595 10.4899 10.556 9.28718
threshold=95.916666666666671 1.5000000000000002 16.106250000000006 230.19629347469797 17.464583333333341 14.500000000000002 8.1000000000000014 3582.5000000000005 2.5000000000000004 0.25000000000000006 6035.5000000000009 111.67001561557559 11.15 28.500000000000004 50.500000000000007 93.500000000000014 18.668750000000003 76.729166666666671 95.631944444444457 0.92500000000000171 62.500000000000007 21.500000000000004 240.12936516810899 3.6500000000000008 3.2500000000000004 3.993561320802947 37.500000000000007 281.85000000000008 100.50000000000001 1.0000000180025095e-35
decision_type=2 2 2 2 2 2 2 2 2 2 2 2 2 2 2 2 2 2 2 2 2 2 2 2 2 2 2 2 2 2
left_child=1 3 -2 7 -5 -4 -7 8 21 -9 23 14 13 19 -10 29 -17 -6 -19 20 -13 -1 -18 24 25 27 -27 28 -8 -3
right_child=2 15 5 4 17 6 10 9 11 -11 -12 12 -14 -15 -16 16 22 18 -20 -21 -22 -23 -24 -25 -26 26 -28 -29 -30 -31
leaf_value=-0.063041843996911345 -0.045777457387803262 0.081507439690109679 -0.034341037243946868 -0.02624902478274246 0.068807080195779732 -0.026699509333053418 -0.061896034074344138 0.074547470089280005 -0.02357495690764504 -0.02144064054326885 -0.061199905694638436 0.031701734634000604 0.061943255824970921 0.075537060077971535 0.068110891465436779 -0.0099220716124297694 0.030119234355765651 0.04791137309624903 0.0045273977705805671 0.048370595554418777 -0.036616382954349963 0.002102135048164866 0.0734398611548613 -0.040141196792792787 0.15945214470518382 0.1478891450779613 0.0038551663434020699 -0.034947501258016087 0.02507200439088729 0.043118449480061757
leaf_weight=9.0551860947161895 289.8163904575631 34.763884246349335 153.37194515764713 16.213457027450204 37.067589335143566 93.518077691085637 5.4707037759944788 5.9704130440950385 27.605059182271361 110.93119911570102 9.28276922367513 12.316303875297306 41.137464949861169 10.813484854996203 6.321791471913456 21.083288596943021 135.59729443117976 57.633809762075543 38.198359807953238 14.362482583150266 22.593327164649963 179.8720042873174 21.39887247979641 10.299148540012537 4.0208237292245022 4.2433214550837866 3.4464058568701148 16.875012369826436 61.58683801908046 65.303942892700434
leaf_count=166 20186 175 8266 254 180 3834 271 113 618 2912 533 106 424 62 53 208 752 323 349 92 315 2557 101 442 153 130 97 678 2439 326
internal_value=-0.00176506 0.0200769 -0.030854 0.0107369 0.0339284 -0.0189102 -0.00757248 0.0028949 0.00990488 -0.0165383 0.00795125 0.0251771 0.0357912 0.0178862 -0.00649059 0.0398916 0.0305843 0.04127 0.0306187 0.00523388 -0.0125134 -0.00102018 0.0360239 0.0140103 0.0198416 0.0137148 0.0833355 0.00733626 0.017977 0.0564549
internal_weight=1520.17 868.239 651.931 590.092 149.113 362.115 208.743 440.979 324.077 116.902 115.225 135.15 101.223 60.0856 33.9269 278.147 178.079 132.9 95.8322 49.2721 34.9096 188.927 156.996 105.942 95.6431 91.6223 7.68973 83.9326 67.0575 100.068
internal_count=47115 10086 37029 8524 1106 16843 8577 7418 4393 3025 4743 1670 999 575 671 1562 1061 852 672 513 421 2723 853 4210 3768 3615 227 3388 2710 501
is_linear=0
shrinkage=0.06


Tree=25
num_leaves=31
num_cat=0
split_feature=14 46 14 30 16 38 25 10 15 13 0 45 6 9 24 42 45 15 31 15 42 0 0 38 6 22 45 46 9 12
split_gain=263.046 35.5775 33.7708 30.4143 21.7704 21.727 26.0575 16.6916 15.166 13.3634 15.836 11.5984 11.5726 19.292 10.9643 10.8307 15.5058 19.8532 14.4519 11.1666 10.7111 15.8715 10.3632 10.408 22.6313 12.9094 31.2062 13.4417 11.1478 25.8362
threshold=17.902083333333341 138.15115083716776 16.510416666666671 32.500000000000007 94.583333333333357 28.568750000000019 2485.5000000000005 87.416666666666671 17.777083333333337 20.991666666666671 22.500000000000004 104.93294461707207 2.5000000000000004 2.0500000000000003 504.50000000000006 80.479166666666671 130.73411344724096 17.363194444444449 1.0000000180025095e-35 17.104861111111116 76.354166666666671 29.500000000000004 34.500000000000007 1.0000000180025095e-35 5.5000000000000009 -0.79311261429814539 64.11620061590952 91.381132666610796 0.95000000000000007 73.923611111111128
decision_type=2 2 2 2 2 2 2 2 2 2 2 2 2 2 2 2 2 2 2 2 2 2 2 2 2 2 2 2 2 2
left_child=2 4 -1 5 14 6 12 20 -7 10 -6 -10 -3 -14 -2 16 18 -18 19 -4 21 -8 -20 24 25 26 -24 -27 29 -29
right_child=1 3 15 -5 9 8 7 -9 11 -11 -12 -13 13 -15 -16 -17 17 -19 22 -21 -22 -23 23 -25 -26 27 -28 28 -30 -31
leaf_value=-0.040057839677817265 0.048011523857744078 0.020863040292704745 0.15554531561577334 0.077308716636952726 0.069322575779585546 0.019466328241283977 0.083183789130443192 0.057626720242484324 0.014494758232392685 0.04324730743243077 -0.015736502519441392 0.063744662809332303 0.01374884567827914 0.088375081012458098 0.0072353698038599519 -0.036473778451258501 -0.0027879551944262186 0.071997910546429927 -0.03711120154475684 -0.0066963491832045504 -0.021049573298555471 -0.0036999045941157535 0.22563473011824367 -0.026263412751280895 0.18896622272538074 -0.046788413180371628 -0.043999627172251657 0.22676115141384093 -0.0019226539339307967 -0.015097668345570778
leaf_weight=377.08669725991786 50.511948481202126 71.840624563395977 3.0364892054349175 48.479128301143646 8.2851628325879556 64.620869604870677 9.7349522486329061 15.466487836092709 20.726024564355612 17.679967395961285 160.98305156081915 101.59753688983619 20.990654103457928 30.725064693018794 44.789600308984518 63.538838157430291 51.374957028776407 17.009973245672882 77.191892880015075 3.072538323700428 83.076540509238839 34.021225837990642 2.9186606835573903 65.450243732891977 2.3867744859307995 20.695715203881264 3.2837468739598989 2.705898472107946 29.143826255574822 3.8557371953502297
leaf_count=26419 306 556 134 240 168 451 117 121 192 89 3237 521 157 185 244 2392 1096 207 3414 93 956 398 108 2471 73 1061 110 128 1303 155
internal_value=-0.00153392 0.0225475 -0.0276403 0.0321412 0.00550886 0.0273054 0.0162841 -0.00121946 0.0429788 -0.00638867 -0.0115731 0.0554 0.0364428 0.0580854 0.0288476 -0.0140941 -0.00905384 0.0158142 -0.0170102 0.0739458 -0.0083954 0.0156301 -0.0196863 -0.00937463 0.00763366 0.000720317 0.0828819 -0.00831495 0.0139852 0.0846405
internal_weight=1506.28 783.529 722.752 501.279 282.25 452.8 265.856 142.299 186.944 186.948 169.268 122.324 123.556 51.7157 95.3015 345.665 282.126 68.3849 213.742 6.10903 126.833 43.7562 207.632 130.441 64.9904 62.6036 6.20241 56.4012 35.7055 6.56164
internal_count=47102 7938 39164 3894 4044 3654 2490 1592 1164 3494 3405 713 898 342 550 12745 10353 1303 9050 227 1471 515 8823 5409 2938 2865 218 2647 1586 283
is_linear=0
shrinkage=0.06


Tree=26
num_leaves=31
num_cat=0
split_feature=16 14 14 38 43 42 37 15 40 16 45 36 13 7 5 24 47 21 27 41 44 25 5 20 9 9 2 27 35 25
split_gain=222.715 35.0189 33.903 22.5035 20.9225 19.2472 13.8015 12.9097 12.4871 12.3246 11.0594 10.3193 10.2599 13.4884 10.0211 16.5204 19.1959 9.50197 9.41462 10.1289 9.17403 12.0112 10.9107 13.3449 16.0537 13.009 12.7984 12.189 12.1549 16.6987
threshold=95.750000000000014 19.452083333333338 16.397916666666671 16.222916666666688 137.38782467188764 78.937500000000014 14.500000000000002 16.814583333333339 6.6500000000000012 93.916666666666671 142.00837211720463 190.75000000000003 20.991666666666671 0.56500000000000006 83.500000000000014 1576.5000000000002 79.529318270667417 1.7044057326648263 11.500000000000002 10.050000000000002 398.38382299720132 3041.5000000000005 90.500000000000014 2.5235539506974978 0.8500000000000002 1.4500000000000002 25.300000000000001 7.5000000000000009 164.3104166666667 3451.5000000000005
decision_type=2 2 2 2 2 2 2 2 2 2 2 2 2 2 2 2 2 2 2 2 2 2 2 2 2 2 2 2 2 2
left_child=1 3 -2 -1 9 7 -4 -5 -6 -3 -7 14 13 18 15 16 -8 -10 -11 -20 22 -22 23 -13 26 -26 -25 28 -27 -30
right_child=2 4 6 5 8 10 11 -9 17 12 -12 20 -14 -15 -16 -17 -18 -19 19 -21 21 -23 -24 24 25 27 -28 -29 29 -31
leaf_value=-0.0061875473947455694 -0.041854536222172611 0.056802819508238504 -0.030726121344157687 -0.016838971194898914 0.0098676158084517081 -0.04461995614995936 0.20810385436352985 0.036204292473244519 0.082797803294407932 -0.0085634197173716526 0.011858358212231274 -0.026424919238364819 0.036555756303021478 -0.028250630407960147 -0.039765759547912116 -0.019902178940961558 0.042283731256273521 0.045428744618202233 0.069685788415837988 0.003582383006206519 -0.036092944656636282 0.030340287768012786 -0.061616599989412282 0.0071690493750677228 -0.062841689423294461 -0.017440473652255782 0.16299782256282408 -0.02332207222650096 0.1696333142462737 0.013571081926157229
leaf_weight=223.76353712938726 334.99100735783577 23.340491287410259 127.95595877338201 18.526331750676036 29.528338398784399 21.204414285719395 3.7681528488174134 152.37246032617986 29.96483950316906 28.103263409808278 30.341898834332824 81.438235047273338 37.172047786414623 38.439694330096245 5.4791255304589859 6.9734662910923353 7.5466911308467388 134.21252758428454 17.706763917580247 15.783155210316179 13.537880529649554 35.462259254418314 18.103308179415762 3.4358870973810545 9.4768621558323485 5.4073670180514481 4.2375009693205357 13.513234719634054 5.1231624549254757 4.7629611883312464
leaf_count=4064 24813 106 6423 394 152 255 142 1279 141 239 182 3655 166 332 248 258 203 675 121 113 225 649 878 107 310 223 117 422 146 184
internal_value=-0.00303057 0.018429 -0.0282467 0.00724704 0.0325137 0.0207612 -0.0150802 0.0304541 0.0457886 0.0164969 -0.0113749 -0.00590803 0.00964031 -0.000361426 0.0314128 0.0527376 0.0975064 0.0522492 0.0170439 0.0385325 -0.0104686 0.0119859 -0.0180307 -0.011837 0.0140137 -0.00186263 0.0932229 0.0181983 0.0548855 0.0944453
internal_weight=1481.67 800.46 681.213 446.209 354.251 222.445 346.222 170.899 193.706 160.545 51.5463 218.266 137.205 100.033 23.7674 18.2883 11.3148 164.177 61.5932 33.4899 194.499 49.0001 145.499 127.395 45.957 38.2836 7.67339 28.8067 15.2935 9.88612
internal_count=47222 8219 39003 6174 2045 2110 14190 1673 968 1077 437 7767 971 805 851 603 345 816 473 234 6916 874 6042 5164 1509 1285 224 975 553 330
is_linear=0
shrinkage=0.06


Tree=27
num_leaves=31
num_cat=0
split_feature=16 16 13 45 25 7 26 6 11 43 44 30 14 42 23 2 32 37 5 32 11 2 10 40 2 42 41 6 25 45
split_gain=220.515 34.3305 23.692 23.2214 18.3378 16.8796 13.9616 18.6262 14.1818 14.7144 20.0038 18.3039 12.6455 15.9077 11.577 14.1464 14.136 11.1519 10.8123 10.5202 10.3861 8.49165 9.51606 9.571 8.44719 12.6556 34.6866 35.8557 8.35778 10.2443
threshold=95.750000000000014 94.083333333333357 16.958333333333339 155.53872965100976 3652.5000000000005 0.25000000000000006 0.88789668903407326 4.5000000000000009 85.187500000000014 138.05524798269582 236.52591426884172 32.500000000000007 18.306250000000002 77.104166666666671 0.13333333333333194 22.500000000000004 146.35000000000002 14.500000000000002 68.500000000000014 112.90000000000002 77.812500000000014 21.950000000000003 82.916666666666671 25.850000000000005 31.700000000000006 74.020833333333357 10.850000000000003 1.5000000000000002 5835.5000000000009 60.540701135690348
decision_type=2 2 2 2 2 2 2 2 2 2 2 2 2 2 2 2 2 2 2 2 2 2 2 2 2 2 2 2 2 2
left_child=1 -1 24 4 6 -6 8 -8 9 -3 -11 14 13 -5 -12 -16 -17 21 -18 -10 -20 22 23 -4 28 -26 -27 -28 29 -2
right_child=2 3 17 12 5 -7 7 -9 19 10 11 -13 -14 -15 15 16 18 -19 20 -21 -22 -23 -24 -25 25 26 27 -29 -30 -31
leaf_value=0.055592440235984045 -0.048408658846229503 -0.0027140417791212683 -0.033014407469685168 0.045743443728590079 0.077891749358276571 -0.018915718361501858 0.02943314406284004 0.14667241640876857 0.01113460955007778 0.069609771614418975 -0.014470923025704872 0.069761131395101567 0.056176571260607974 -0.025211863928414371 -0.0064906699380316351 0.0037154329989118437 0.013433058163075712 -0.0045361245984246032 0.10933377163878141 0.067263724843014128 0.040227118857589853 -0.044412138727938782 0.080817007100471336 0.097537035487586105 -0.038549597656058941 -0.032212604514929272 0.40298914495636007 0.01075317448871644 -0.051410131511521164 -0.023418866241417112
leaf_weight=85.068325940519571 91.714753420092165 194.91566717252135 18.603921505622573 26.91674891859293 6.9514815006405106 96.429451175965369 20.415939670056108 6.4101450908929101 20.865507559850812 25.636301979422569 58.058490000665188 18.908844642341137 69.284970305860043 19.699514124542475 52.600979033857584 33.25165731459856 15.206814492121337 176.66878546122462 15.80322219245136 28.360967915505171 15.515939693897961 55.970964152365923 4.1335267666727296 2.2680676467716685 13.435488635674121 6.2135816458612663 1.6805853778496387 1.675450059585273 121.46960058063269 165.84017119463533
leaf_count=439 6898 2483 876 162 95 2113 405 77 138 194 563 92 340 153 371 223 100 6108 109 158 115 2872 168 126 985 386 108 122 9507 10879
internal_value=-0.00143535 0.0195327 -0.0271911 0.0153029 0.0106205 -0.0124062 0.0153255 0.0574477 0.0129671 0.00947402 0.0195839 0.0134578 0.0399202 0.0157585 0.00786732 0.0176644 0.0335909 -0.0129872 0.0549427 0.0434724 0.0750974 -0.0314253 -0.00235618 -0.018828 -0.0362937 -0.000991704 0.0517386 0.207171 -0.0384364 -0.0323177
internal_weight=1469.98 810.301 659.675 725.233 609.331 103.381 505.95 26.8261 479.124 429.898 234.982 209.346 115.901 46.6163 190.437 132.379 79.7776 257.645 46.526 49.2265 31.3192 80.9765 25.0055 20.872 402.03 23.0051 9.56962 3.35604 379.025 257.555
internal_count=47365 8330 39035 7891 7236 2208 5028 482 4546 4250 1767 1573 655 315 1481 918 547 10150 324 296 224 4042 1170 1002 28885 1601 616 230 27284 17777
is_linear=0
shrinkage=0.06


Tree=28
num_leaves=31
num_cat=0
split_feature=13 28 43 25 0 7 30 42 46 5 45 25 21 23 7 44 0 12 16 41 31 45 42 5 25 27 23 5 39 47
split_gain=192.032 46.5491 28.7207 27.1101 16.2713 15.8806 13.845 16.2905 13.7098 13.476 14.4039 18.7424 22.7171 36.144 12.917 11.9885 11.7274 13.7416 14.8991 13.2112 23.6994 17.6533 12.9646 11.6335 11.3274 11.1277 9.72679 27.1902 15.5414 46.1495
threshold=17.308333333333337 1.5000000000000002 259.57603711884025 3319.5000000000005 20.500000000000004 0.57500000000000007 4.5000000000000009 76.979166666666671 232.73504074309028 49.500000000000007 59.754648210198518 5933.5000000000009 -1.0895289235708521 -0.37916666666666543 0.27500000000000008 353.25941223629894 33.500000000000007 76.881944444444457 95.416666666666671 11.950000000000001 14.500000000000002 85.394380289996846 76.729166666666671 90.500000000000014 2742.5000000000005 10.500000000000002 0.42916666666666986 80.500000000000014 248.6229166666667 85.679545956946683
decision_type=2 2 2 2 2 2 2 2 2 2 2 2 2 2 2 2 2 2 2 2 2 2 2 2 2 2 2 2 2 2
left_child=9 2 3 4 -2 15 7 -4 -3 -1 -11 12 13 -12 -5 16 17 18 -6 20 25 24 -20 26 -21 -18 -14 -28 29 -29
right_child=1 8 6 14 5 -7 -8 -9 -10 10 11 -13 23 -15 -16 -17 19 -19 22 21 -22 -23 -24 -25 -26 -27 27 28 -30 -31
leaf_value=0.10873222087907128 -0.061675358858393564 0.028685408406573239 0.050949248162879712 0.043816207562523454 0.11440335034651336 -0.0030753938870576236 0.07746355870187345 -0.0084201075251969879 0.063530415494876827 -0.047173404630064093 0.30898057095602327 -0.052534361447117282 -0.022511549683674827 -0.061012310002575974 -0.019289182033878378 0.054900105042635462 -0.019699316827982229 0.016233968621609824 -0.035478395908847604 -0.024746554225591601 -0.063583788103288866 0.091793963765834347 0.1105125144881668 -0.05027772855283856 0.067375951136274911 0.034365233372759756 -0.023904302269751865 0.042923796542237665 0.018486489126780234 0.36746618764945704
leaf_weight=2.4455653233453623 10.762206605635582 220.13471996970475 35.828069417737424 12.365849542431532 13.703950868919494 132.05602242611349 22.862075474113226 31.064957169815898 49.855415989644825 162.24145707022399 1.9371614782139661 72.496674362570047 165.2913509933278 1.8661648705601681 209.61258482933044 36.161328649148345 23.699467340484262 39.687523107044399 6.1237579341977817 15.581195097416641 20.661639871075749 12.848809860646723 3.4087850572541356 39.519779684953392 6.9476600559428325 32.498964436352253 39.201812620274723 6.343029656447472 12.635748953558503 2.0994131537154317
leaf_count=79 186 1282 250 219 118 2270 117 295 259 12481 115 5728 9359 127 6130 256 289 443 198 295 466 98 87 2892 173 231 1716 390 609 118
internal_value=-0.00199639 0.0141051 0.00558434 0.000665925 0.0109704 0.0132473 0.0371547 0.0233783 0.0351198 -0.0317721 -0.0324543 -0.0254593 -0.0181596 0.127437 -0.0157737 0.0234474 0.0169541 0.0376886 0.0743327 0.0053297 -0.00863614 0.0356713 0.0167272 -0.0202485 0.00366305 0.0115656 -0.0149874 0.00564414 0.0605992 0.123629
internal_weight=1441.94 935.865 665.875 576.12 354.141 343.379 89.7551 66.893 269.99 506.078 503.633 341.391 268.894 3.80333 221.978 211.323 175.162 62.924 23.2365 112.238 76.8601 35.3777 9.53254 265.091 22.5289 56.1984 225.571 60.28 21.0782 8.44244
internal_count=47276 13662 12121 11459 5110 4924 662 545 1541 33614 33535 21054 15326 242 6349 2654 2398 846 403 1552 986 566 285 15084 468 520 12192 2833 1117 508
is_linear=0
shrinkage=0.06


Tree=29
num_leaves=31
num_cat=0
split_feature=13 16 32 13 22 25 43 17 10 2 22 37 31 43 30 44 17 30 25 35 18 11 37 11 12 25 3 27 23 26
split_gain=190.528 27.6723 24.1912 21.4152 18.2161 15.7553 17.4638 13.4005 15.1044 11.5763 13.4341 12.0439 29.989 10.9241 10.8325 10.1916 10.1918 10.0255 9.49929 8.01088 8.7422 9.07239 8.28189 7.7934 8.77188 7.79553 7.44205 12.8619 21.1326 7.36609
threshold=17.941666666666674 96.416666666666671 88.450000000000017 19.941666666666674 -0.91953820376387785 1948.5000000000002 259.57603711884025 95.645833333333357 84.083333333333357 31.700000000000006 0.27742362286838335 15.500000000000002 34.500000000000007 370.91099003728669 2.5000000000000004 392.15548639100899 94.645833333333357 45.500000000000007 1948.5000000000002 128.16666666666671 95.409722222222243 76.520833333333357 13.500000000000002 85.187500000000014 77.5763888888889 2485.5000000000005 1.5000000000000002 9.5000000000000018 0.18749999999999731 0.70439072980213047
decision_type=2 2 2 2 2 2 2 2 2 2 2 2 2 2 2 2 2 2 2 2 2 2 2 2 2 2 2 2 2 2
left_child=1 13 17 4 14 -6 7 8 19 -3 11 -11 -13 18 -4 16 -5 26 -1 22 -21 -22 -7 24 -16 -26 -2 28 -28 -9
right_child=2 9 3 15 5 6 -8 29 -10 10 -12 12 -14 -15 23 -17 -18 -19 -20 20 21 -23 -24 -25 25 -27 27 -29 -30 -31
leaf_value=0.047738337232924949 -0.022178972525951683 -0.038723596744860152 -0.039635180461211922 0.044276989664890638 0.068694880746892811 0.0021512570104552662 0.050212161986968491 0.054674910636497202 0.071902268235491715 -0.039527770916042482 0.15727812597718893 -0.046622665895916092 0.2180292494806334 0.046868900384046841 0.016469661778304126 0.066672016363949232 0.017770648899896907 0.027291152193036666 -0.015356848384145376 -0.012429245038727065 0.0026122215713821279 0.072114889987125813 0.073764005183310874 0.048550570318249643 0.0021830262821066313 -0.042152919934826005 -0.012840707949224614 -0.029974347135111091 0.1595797137573978 -0.014389569233676149
leaf_weight=8.9017368080094439 80.015160320326686 344.0936636030674 22.568915270268917 115.4580727443099 26.305414386093616 9.8879781700670737 53.13411358371377 6.0572806280106297 19.680620446801186 14.068613752722746 1.9261223580688227 3.8374674851074806 2.5761627564206719 11.40753428917378 60.630592653527856 36.39082470536232 95.348479211330414 26.924708100035787 245.41905251517892 44.115747490897775 16.944581184536222 11.250157019123433 14.109325729310511 13.490253794938324 34.755161421373487 24.230565689504147 5.6347224144265073 10.015221906825898 4.6882251342758536 67.640664972364902
leaf_count=194 1875 26554 333 575 240 157 342 149 190 1071 157 217 140 126 582 197 548 171 10108 377 192 114 119 88 248 250 142 133 110 1790
internal_value=-0.00070201 -0.0253139 0.018766 0.0233088 0.0151382 0.0245879 0.0198097 0.0112935 0.0240055 -0.0360024 0.00578364 -0.0084627 0.0596801 -0.0105719 -0.00119811 0.0373499 0.0322881 -0.00521893 -0.0131484 0.0142177 0.00424892 0.0303449 0.0442563 0.0053191 0.000443482 -0.0160296 -0.0139414 0.0184673 0.065465 -0.00871312
internal_weight=1431.51 632.23 799.277 671.999 424.801 269.126 242.82 189.686 115.988 366.502 22.4084 20.4822 6.41363 265.728 155.675 247.197 210.807 127.278 254.321 96.3078 72.3105 28.1947 23.9973 133.107 119.616 58.9857 100.353 20.3382 10.3229 73.6979
internal_count=47489 38567 8922 6491 5171 3670 3430 3088 1149 28139 1585 1428 357 10428 1501 1320 1123 2431 10302 959 683 306 276 1168 1080 498 2260 385 252 1939
is_linear=0
shrinkage=0.06


Tree=30
num_leaves=31
num_cat=0
split_feature=14 43 31 17 6 2 43 5 5 16 19 30 36 7 11 30 36 2 47 7 17 14 27 38 2 39 31 47 5 21
split_gain=167.782 29.9493 29.9063 20.4017 19.8519 19.09 17.5912 16.318 18.8776 15.359 14.2951 14.0691 12.6371 12.6013 11.4699 10.7952 9.74615 9.48804 9.45063 8.8567 8.47643 12.1044 17.1842 17.0452 8.18134 10.6905 31.96 11.5154 8.06954 13.1404
threshold=17.564583333333335 99.724205061189025 1.5000000000000002 96.604166666666671 2.5000000000000004 17.150000000000002 259.57603711884025 71.500000000000014 60.500000000000007 94.250000000000014 94.500000000000014 10.500000000000002 313.60000000000008 0.48500000000000004 74.854166666666671 77.500000000000014 166.00000000000003 23.800000000000001 78.253804317257448 0.45500000000000007 95.812500000000014 16.964583333333341 6.5000000000000009 5.5520833333333366 31.700000000000006 244.18541666666667 34.500000000000007 44.230166659437593 60.500000000000007 0.74013718778804105
decision_type=2 2 2 2 2 2 2 2 2 2 2 2 2 2 2 2 2 2 2 2 2 2 2 2 2 2 2 2 2 2
left_child=3 2 19 20 5 -3 9 8 14 -7 -5 12 -10 -8 -6 -4 -9 -15 -16 -2 21 22 23 -1 -12 27 -27 -26 -23 -30
right_child=1 4 15 10 7 6 13 16 11 -11 24 -13 -14 17 18 -17 -18 -19 -20 -21 -22 28 -24 -25 25 26 -28 -29 29 -31
leaf_value=0.24145703950517761 0.075683502102735972 0.067459323671790583 -0.036441883272831696 0.15700805413861921 0.0042239629313902934 0.04137481761925349 0.075628651940254185 -0.00074466669203928 -0.02795844872741228 0.00018066203858835658 -0.039905273456689511 0.032960424682404885 0.037596350094874581 -0.010770974203147359 0.019517234178484506 0.044617512439194901 0.05760904325816317 0.042166980684273561 0.072949875041989673 0.012815825665383246 -0.018503627043213022 -0.041602311062613549 -0.04271289101447974 0.035517731125229372 0.12799254615860625 -0.061223199780305916 0.25359389969034851 -0.042876768120366615 0.062753264392618968 -0.033505608595795551
leaf_weight=2.7707167416810972 12.476755879819391 21.807704444974661 80.328069075010717 1.3681225022301067 19.512684509158134 36.308481723070145 21.339195670560002 11.538156367838381 47.584352763369679 317.58567894622684 290.00605942495167 38.390579489991069 13.615243595093487 20.542677398771048 16.796688394621015 6.3847125582396975 96.317048391327262 29.970212774351239 41.014757707715034 22.825550428591669 205.29179808311164 13.411527674645184 3.0133464131504297 3.028139166533947 1.5887631671503211 2.605623383074998 2.0937152374535799 13.357632565312086 11.039232598617675 9.4979902878403646
leaf_count=115 91 173 2160 59 181 191 115 150 571 4389 23998 220 80 122 134 34 888 173 233 203 10574 334 104 95 122 164 103 1046 221 253
internal_value=-0.000721223 0.0160016 -0.0115201 -0.0262759 0.0205871 0.0127071 0.00990256 0.0329715 0.0217571 0.00440706 -0.0365119 0.00448707 -0.0133743 0.0369696 0.0440001 -0.0304734 0.0513665 0.0206381 0.0574254 0.0350349 -0.0134416 0.0108607 0.0735177 0.133916 -0.0373669 0.000104172 0.0790385 -0.0247138 -0.0054034 0.0182358
internal_weight=1413.41 854.339 122.015 559.073 732.323 447.554 425.746 284.77 176.914 353.894 311.02 99.5902 61.1996 71.8521 77.3241 86.7128 107.855 50.5129 57.8114 35.3023 248.053 42.761 8.8122 5.79886 309.652 19.6457 4.69934 14.9464 33.9488 20.5372
internal_count=47296 10108 2488 37188 7620 5163 4990 2457 1419 4580 25492 871 651 410 548 2194 1038 295 367 294 11696 1122 314 210 25433 1435 267 1168 808 474
is_linear=0
shrinkage=0.06


Tree=31
num_leaves=31
num_cat=0
split_feature=13 14 24 13 21 39 37 6 4 37 41 37 0 7 25 0 28 7 25 21 29 47 27 11 0 15 41 2 44 20
split_gain=136.99 36.4579 25.0821 17.5906 16.2936 15.3715 14.1059 11.4476 12.9176 15.6512 10.9004 10.8322 13.7753 38.329 10.8935 10.6116 9.71148 9.60691 10.4242 9.04772 9.93022 8.82023 16.1676 11.1712 9.14754 12.7926 14.7273 9.89985 10.1297 8.70139
threshold=17.941666666666674 16.106250000000006 1286.5000000000002 20.333333333333336 0.92924143770553969 240.72708333333335 8.5000000000000018 2.5000000000000004 1.0000000180025095e-35 14.500000000000002 7.0500000000000007 14.500000000000002 39.500000000000007 0.89500000000000013 5835.5000000000009 35.500000000000007 2.5000000000000004 0.30500000000000005 3947.5000000000005 0.33823474484380261 1.0000000180025095e-35 78.253804317257448 4.5000000000000009 74.604166666666671 52.500000000000007 16.460416666666671 10.050000000000002 20.300000000000001 337.80781742866367 0.26898657225007844
decision_type=2 2 2 2 2 2 2 2 2 2 2 2 2 2 2 2 2 2 2 2 2 2 2 2 2 2 2 2 2 2
left_child=1 -1 3 4 6 10 -2 16 -9 -10 -5 12 17 -14 21 -11 -6 18 -3 20 -4 22 -13 -24 27 -26 -27 -23 29 -29
right_child=2 11 19 5 7 -7 -8 8 9 15 -12 14 13 -15 -16 -17 -18 -19 -20 -21 -22 24 23 -25 25 26 -28 28 -30 -31
leaf_value=-0.041502856559348968 -0.031170539096236242 -0.041378517605301125 -0.0078091800164372376 0.044087934428005779 -0.0035250625174798045 0.046878200422917522 0.048642701170540405 -0.0049488748834012044 -0.0056131452735593149 0.074475822756870771 -0.0078283369757200395 -0.043297443402952877 -0.011848161784705357 0.2444155805372589 -0.049877856112700639 0.027404178715330917 0.032737861787580654 -0.045189259501412345 0.1261128906049867 -0.012414053820164675 0.091645320651701334 -0.040037180181531261 0.20375434593206268 0.032001653515695061 -0.048696667970503399 0.014712181125697924 0.13434408815163429 0.038756066161488474 0.021839427390369402 -0.018833421770648333
leaf_weight=225.14559440407902 9.0361877679824811 2.8284797966480246 7.9337957091629487 22.837743861600757 210.56243734527379 135.12253216654062 67.671849330887198 41.71202979888767 24.902257401496172 32.977055206894875 40.163690008223057 3.3443528106436116 81.972880480811 2.1564143458381286 15.710969910025595 36.130938483402133 30.428625289350748 77.107693012803793 2.5380640998482704 127.29888457432389 6.6382107101380825 25.156652342528105 2.939474699087441 2.5425185998901725 4.724241838790479 8.9397974461317045 6.3258686223998657 10.786451996304093 51.905889536254108 75.9500786755234
leaf_count=20411 253 127 170 121 2517 715 662 417 289 246 218 192 4231 115 1062 293 167 4683 97 2652 119 937 144 106 257 235 184 620 1350 3559
internal_value=-0.000786332 -0.0224181 0.0155742 0.0205522 0.0140353 0.0354665 0.0392407 0.00890291 0.0228402 0.0351701 0.0109911 -0.0109577 -0.0223618 -0.00527957 -0.00183745 0.0498659 0.00105366 -0.0397869 0.0378352 -0.00728755 0.0374969 0.00208104 0.0606699 0.124096 -0.000732654 0.0375846 0.0642859 -0.00540886 0.000874447 -0.0116717
internal_weight=1393.49 600.075 793.416 651.545 453.421 198.124 76.708 376.713 135.722 94.0103 63.0014 374.93 166.604 84.1293 208.326 69.108 240.991 82.4742 5.36654 141.871 14.572 192.615 8.82635 5.48199 183.789 19.9899 15.2657 163.799 138.642 86.7365
internal_count=47149 38310 8839 5898 4844 1054 915 3929 1245 828 339 17899 9253 4346 8646 539 2684 4907 224 2941 289 7584 442 250 7142 676 419 6466 5529 4179
is_linear=0
shrinkage=0.06


Tree=32
num_leaves=31
num_cat=0
split_feature=17 16 26 32 6 11 20 45 41 0 30 26 20 0 44 16 5 42 13 0 19 45 12 18 10 45 0 26 31 37
split_gain=129.416 24.7286 22.2727 16.3309 17.0721 15.3613 14.4033 12.7675 12.6764 20.1849 23.6419 19.5618 18.8447 11.7898 11.4023 12.4423 11.2596 9.91499 10.8139 9.90466 9.90393 11.8784 9.11757 12.3261 12.7739 12.7334 11.3881 10.9031 8.94289 24.4677
threshold=96.020833333333357 94.583333333333357 0.88109187050815296 91.200000000000003 2.5000000000000004 75.354166666666671 -0.6458295238254691 200.10239171276058 7.0500000000000007 53.500000000000007 2.5000000000000004 0.68268589550378933 2.1444313182420065 19.000000000000004 353.25941223629894 93.750000000000014 60.500000000000007 74.729166666666686 19.358333333333338 31.500000000000004 94.500000000000014 78.376023517496122 76.5763888888889 95.631944444444457 89.083333333333357 155.53872965100976 22.500000000000004 0.94720633306073809 46.500000000000007 12.500000000000002
decision_type=2 2 2 2 2 2 2 2 2 2 2 2 2 2 2 2 2 2 2 2 2 2 2 2 2 2 2 2 2 2
left_child=1 14 6 28 7 17 -2 13 -8 11 12 -10 -11 -5 15 -1 -7 20 -19 -18 -6 -22 26 24 25 -24 -15 -28 -3 -30
right_child=2 3 -4 4 5 16 8 -9 9 10 -12 -13 -14 22 -16 -17 19 18 -20 -21 21 -23 23 -25 -26 -27 27 -29 29 -31
leaf_value=0.058523173446983191 0.13944011911065465 -0.020963543018162539 -0.034734034822879511 -0.066758735150783025 -0.0087770714621263936 0.090321202284566943 -0.035170444115499432 0.038298502135821214 0.096657243299166432 0.071927365771132679 -0.044137924542440962 -0.013365134422613592 0.28538053682214204 0.090295322248748061 0.054720975854716795 0.015408112962194756 0.062748973883802572 -0.031959331690331612 0.033418636043966138 0.020681963164493243 -0.0083734964772256195 0.099893043421130784 -0.01261227512773881 -0.034282589107014823 0.061116016511628846 0.0508326078828613 0.0036701277740674803 0.076033151292042314 0.10606837539073086 -0.062327641169192503
leaf_weight=28.37478294968605 2.3561920356005421 99.649680871516466 344.54696064349264 9.6906692283228022 12.759069779887797 13.049754511564968 49.728186139836907 31.81216486543417 6.1959697687998405 3.9647471839562041 3.3908059960231185 95.283528140746057 2.3844545520842075 6.4151422958821049 47.817182093858719 159.79400568455458 26.938487762585282 33.539149015210569 12.503373602405189 79.948692864738405 5.6085107857361463 10.437072441913186 93.717668154276907 48.513883313164115 11.708962948992847 12.963451059535144 116.6115398965776 8.0107399281114322 7.1223112558945996 5.508694184012711
leaf_count=152 122 2259 28591 178 185 129 2490 166 175 180 164 4607 89 80 270 888 179 545 74 812 222 166 1099 911 74 67 1925 145 284 195
internal_value=-0.00195265 0.011934 -0.0260835 0.0058659 0.0102377 0.0243969 -0.00783214 0.00211268 -0.00998813 0.00127132 0.0837769 -0.00664757 0.15209 -0.00162929 0.0285581 0.0219096 0.0377075 0.00306755 -0.0142052 0.031284 0.030677 0.06205 0.000489073 -0.00881107 0.00162664 -0.00490271 0.0123348 0.00832163 -0.0149349 0.0326267
internal_weight=1390.35 882.495 507.851 646.509 534.228 194.784 163.304 339.444 160.948 111.22 9.74001 101.479 6.3492 307.632 235.986 188.169 119.937 74.8472 46.0425 106.887 28.8047 16.0456 297.941 166.904 118.39 106.681 131.037 124.622 112.281 12.631
internal_count=47423 11005 36418 9695 6957 2312 7827 4645 7705 5215 433 4782 269 4479 1310 1040 1120 1192 619 991 573 388 4301 2151 1240 1166 2150 2070 2738 479
is_linear=0
shrinkage=0.06


Tree=33
num_leaves=31
num_cat=0
split_feature=17 26 16 23 45 0 30 12 25 21 0 22 12 5 18 6 6 5 25 29 32 30 7 9 45 25 9 15 7 14
split_gain=122.813 38.1079 20.2022 14.669 14.5364 16.4116 15.812 13.7054 14.0921 19.5778 14.999 16.8211 14.332 12.7719 11.5214 9.92433 8.96469 15.0223 12.1035 9.61081 9.27676 9.26618 8.57283 8.49233 8.86543 13.5582 10.4011 12.8192 14.7909 14.1573
threshold=95.812500000000014 0.88109187050815296 93.916666666666671 -0.52083333333332937 155.53872965100976 19.000000000000004 4.5000000000000009 67.534722222222243 3248.5000000000005 0.92924143770553969 49.500000000000007 -0.15960821961800062 74.618055555555571 90.500000000000014 97.118055555555571 2.5000000000000004 2.5000000000000004 71.500000000000014 2901.5000000000005 1.5000000000000002 127.15000000000002 36.500000000000007 0.33500000000000008 1.2500000000000002 69.161933829718436 6035.5000000000009 1.4500000000000002 15.782638888888892 0.6150000000000001 16.510416666666671
decision_type=2 2 2 2 2 2 2 2 2 2 2 2 2 2 2 2 2 2 2 2 2 2 2 2 2 2 2 2 2 2
left_child=2 3 -1 -2 5 -4 -6 -7 16 10 12 -12 15 14 22 -10 -9 18 -18 -20 21 -19 -5 -3 -25 26 27 -26 -29 -30
right_child=1 23 4 13 6 7 -8 8 9 -11 11 -13 -14 -15 -16 -17 17 20 19 -21 -22 -23 -24 24 25 -27 -28 28 29 -31
leaf_value=0.053068575086223903 -0.039541051741820113 -0.048009193877130464 -0.064099022193826224 -0.069230942964243938 0.012211554736246188 0.080073110006393139 0.060107706684697323 0.0080035530186358846 0.10994323223430866 -0.019199184796894881 0.12773001976713594 0.012648581559954453 -0.033071404958243338 -0.03460760086956171 0.13011062570536464 0.0095944555989965642 0.0025051243096359181 -0.00050144258082366472 0.096110304223887652 0.01585323558446778 0.067010575018064497 0.064196269115145824 0.010213842485035773 -0.039547208509364523 -0.060748597079981294 -0.054219239083114025 -0.013684142474188261 0.0055992577453953729 0.03695156784763718 0.25733233848329784
leaf_weight=48.304626181721687 32.47619217261672 101.79088249057531 10.686368645168839 5.0380199784412971 53.896097965538502 10.141151392832397 45.984669532626867 253.66990186460316 5.4268397632986298 113.46105615701526 8.9475799165666121 9.3509498406201583 19.106257478706539 26.838815551251173 2.8218019381165496 10.247755736112593 93.575290302745998 21.115238877013326 9.8326898608356732 11.839066013693808 38.282109759747982 12.800682527944444 166.2648649988696 116.28298570495099 2.9811209226027122 27.707140883430839 93.79082746990025 4.3467888087034208 1.8390414165332911 2.4439353886991739
leaf_count=276 1755 8730 163 154 298 142 258 2499 95 1879 143 174 457 1365 195 222 885 266 135 103 256 79 6127 10755 256 2609 6397 219 138 116
internal_value=-0.000143348 -0.0209153 0.0154924 -0.00212649 0.0130004 0.00962126 0.0342627 0.0108964 0.00974195 -0.00512857 0.0249484 0.0689209 0.00181408 0.00391979 0.00985824 0.0443371 0.0153562 0.0253066 0.0118626 0.0522667 0.0467668 0.023917 0.00787737 -0.0334048 -0.0274439 -0.0168705 -0.00705252 0.0465166 0.083571 0.162704
internal_weight=1361.29 584.622 776.668 233.44 728.364 628.483 99.8808 617.797 607.655 166.54 53.0794 18.2985 34.7809 200.964 174.125 15.6746 441.115 187.445 115.247 21.6718 72.198 33.9159 171.303 351.183 249.392 133.109 105.402 11.6109 8.62977 4.28298
internal_count=47146 38816 8330 9596 8054 7498 556 7335 7193 2970 1091 317 774 7841 6476 317 4223 1724 1123 238 601 345 6281 29220 20490 9735 7126 729 473 254
is_linear=0
shrinkage=0.06


Tree=34
num_leaves=31
num_cat=0
split_feature=13 46 19 30 12 6 14 5 7 45 30 30 41 46 44 7 5 23 17 5 41 14 30 30 5 7 45 7 46 11
split_gain=108.879 26.0155 22.9073 18.2878 17.335 17.4009 16.7663 13.5506 13.4667 13.2363 12.6539 11.2668 10.3863 9.55128 11.4303 17.2645 10.8534 9.24726 9.03728 9.47195 9.5248 9.02536 12.4778 9.88839 9.52851 8.91309 11.3391 15.9155 16.2492 22.0229
threshold=17.308333333333337 232.73504074309028 93.500000000000014 4.5000000000000009 82.909722222222243 4.5000000000000009 16.106250000000006 61.500000000000007 0.54500000000000015 71.696841702978659 1.5000000000000002 29.500000000000004 6.0500000000000007 91.381132666610796 182.88762548187651 0.88500000000000012 61.500000000000007 -0.749999999999999 96.479166666666671 68.500000000000014 5.3000000000000016 19.131250000000005 17.500000000000004 36.500000000000007 67.500000000000014 0.40500000000000008 92.30802340577317 0.77500000000000013 158.60320581550812 73.937500000000014
decision_type=2 2 2 2 2 2 2 2 2 2 2 2 2 2 2 2 2 2 2 2 2 2 2 2 2 2 2 2 2 2
left_child=6 2 -2 8 5 11 -1 -6 10 -7 -3 17 -13 -8 15 16 -15 -4 19 20 -19 24 -23 -24 -9 -21 -27 28 29 -28
right_child=1 3 4 -5 7 9 13 21 -10 -11 -12 12 -14 14 -16 -17 -18 18 -20 25 -22 22 23 -25 -26 26 27 -29 -30 -31
leaf_value=-0.038552692924434848 0.028409772567909154 0.075678562330511193 -0.040687484828863536 0.052330402644212938 -0.041647828443202688 -0.019724836831997657 -0.038135334991587451 0.055047906907382649 -0.00057485708858857833 0.049206146967871199 0.011531543040601335 0.0636949767444977 0.00021121076793706003 0.11074465072388853 -0.015808868247968465 0.17188515867134463 -0.001501465435720371 -0.061867069886324913 -0.039283029963445557 -0.031591553466270877 -0.011948770127284663 0.086685048894019734 -0.0082179104713049744 0.052153619387014717 -0.033408769989393752 -0.0080275189239565892 0.16443184838094232 -0.045599308979795347 0.014425454163173264 0.034335209669685812
leaf_weight=198.50639887340367 129.14098029583693 20.587107079103589 33.117259844206274 79.371042747981846 9.6790081961080414 13.908822258934377 49.835036175325513 6.7902186196297434 73.990719559602439 35.947614977136254 23.949538821354508 14.446655688807367 25.92965329810977 3.4695677962154141 148.54782931506634 2.5714772865176192 29.206162377260625 15.6962449317798 29.987322800792754 24.873497413471341 111.58867426495999 18.14853991381824 16.879879325628281 23.178804349154234 12.371084314770995 99.570277040824294 6.6755259344354299 11.716860959306358 70.165074452757835 15.70390703063458
leaf_count=20128 746 175 1023 473 115 301 3605 103 826 334 185 88 235 137 7535 144 1929 185 1822 438 1737 124 112 149 292 2567 166 287 940 255
internal_value=-0.000873996 0.0107586 0.00549887 0.0300415 0.000537662 -0.00369129 -0.0257313 0.0252819 0.0151159 0.029976 0.0411836 -0.00734447 0.0229257 -0.0148374 -0.00852031 0.022197 0.010417 -0.0102608 -0.0076501 -0.00498546 -0.0181045 0.0336549 0.0454127 0.0267143 -0.00206225 0.00231588 0.00645359 0.0202831 0.0286244 0.0731415
internal_weight=1355.55 923.414 725.516 197.898 596.375 509.327 432.136 87.0475 118.527 49.8564 44.5366 459.471 40.3763 233.63 183.795 35.2472 32.6757 419.095 385.977 355.99 127.285 77.3685 58.2072 40.0587 19.1613 228.705 203.832 104.261 92.5445 22.3794
internal_count=47156 13678 12019 1659 11273 10378 33478 895 1186 635 360 9743 323 13350 9745 2210 2066 9420 8397 6575 1922 780 385 261 395 4653 4215 1648 1361 421
is_linear=0
shrinkage=0.06


Tree=35
num_leaves=31
num_cat=0
split_feature=19 16 45 32 25 11 7 44 36 7 48 14 25 42 14 22 6 46 14 41 37 30 12 26 21 35 9 0 22 9
split_gain=101.586 24.8986 21.8199 12.7778 11.8385 13.4193 14.9017 19.6524 17.6305 11.4114 11.1206 10.8179 10.305 13.3232 10.1171 18.144 9.98758 10.8658 9.45687 9.05982 9.75641 8.92236 8.91632 12.2898 13.7208 11.4824 12.8721 10.6145 14.4783 12.4656
threshold=95.500000000000014 93.916666666666671 142.00837211720463 74.700000000000017 3319.5000000000005 68.895833333333357 0.60500000000000009 292.82647743647743 169.10000000000002 0.48500000000000004 15.000000000000002 19.452083333333338 5077.5000000000009 77.104166666666671 18.306250000000002 -0.68717939615898149 4.5000000000000009 171.87636518134477 16.343750000000004 10.050000000000002 20.500000000000004 77.500000000000014 82.909722222222243 0.75211962008208466 1.4010237994715633 128.16666666666671 2.8500000000000001 29.500000000000004 -1.4749707273323407 2.6500000000000008
decision_type=2 2 2 2 2 2 2 2 2 2 2 2 2 2 2 2 2 2 2 2 2 2 2 2 2 2 2 2 2 2
left_child=1 -1 3 21 10 6 -6 8 -8 -4 22 16 13 -11 -15 -16 -7 -18 -2 -20 -21 -3 23 27 25 26 -25 28 -5 -30
right_child=18 2 9 4 5 11 7 -9 -10 12 -12 -13 -14 14 15 -17 17 -19 19 20 -22 -23 -24 24 -26 -27 -28 -29 29 -31
leaf_value=0.049116881173594307 -0.037151421367333591 -0.033003871938476669 0.046639534170527373 -0.048661175952540457 -0.021792084803642357 -0.021811826030159943 0.16169856632757196 0.22059940313259144 -0.027591394796687749 0.043170071868345608 0.025316690456308345 0.036665865878071704 -0.040977661383530942 -0.020704453607081837 0.0014019782748745894 0.071237672602628158 -0.0028897261660516811 0.10224318169402864 -0.032566973631917823 -0.0096788250082337733 0.070845566176338581 0.050388326913975857 0.026161532709543453 0.049585938193658238 0.069471570573761868 -0.019212430694624708 -0.033659446951945629 -0.018489738836267842 0.045976089883148233 -0.025749064487338349
leaf_weight=50.192115493118763 212.31830363813788 54.620848627761006 52.464034011587501 11.21654814109206 8.0442582694813627 163.26012795977294 2.6930081387981755 2.8702841326594353 5.1760321175679564 52.683186614885926 109.05035087186843 14.53810437209904 11.212197242304681 34.024744122289121 52.820640413090587 17.942595336586237 13.25240035261959 4.8285312792286268 77.422548201866448 76.580312025733292 5.8290417101234189 5.0454783812165251 51.406244653277099 27.965610362589359 15.285981921479104 32.654731475748122 8.7884164070710522 136.19359083287418 33.759521286934614 11.762487724423407
leaf_count=291 21917 1675 367 67 317 5633 188 57 257 435 1093 111 231 516 316 101 406 58 4042 4729 213 24 413 723 237 777 243 1428 333 122
internal_value=-0.00215124 0.00794989 0.00573657 0.000625862 0.0030553 -0.00848791 0.0399564 0.0862088 0.037189 0.0222004 0.00871153 -0.0131334 0.0145993 0.0185565 0.0061818 0.0191094 -0.0171258 0.0251861 -0.0288528 -0.0178291 -0.00398311 -0.0259521 0.00320813 -0.00104199 0.0180112 0.00667799 0.0296808 -0.00940609 0.012398 0.0274429
internal_weight=1355.9 983.752 933.56 712.413 652.746 214.663 18.7836 10.7393 7.86904 221.147 438.083 195.879 168.683 157.471 104.788 70.7632 181.341 18.0809 372.15 159.832 82.4094 59.6663 329.033 277.627 84.6947 69.4088 36.754 192.932 56.7386 45.522
internal_count=47320 16419 16128 14162 12463 7027 819 502 445 1966 5436 6208 1599 1368 933 417 6097 464 30901 8984 4942 1699 4343 3930 1980 1743 966 1950 522 455
is_linear=0
shrinkage=0.06


end of trees

feature_importances:
rr_mean_24h=66
rr_mean_6h=62
exp_next24_mean=56
steps_24h=54
controller_adherence=49
pm25_fcst_mean_24h=48
spo2_mean_6h=44
exp_next24_max=38
outdoor_hours_day=35
age=33
spo2_mean_24h=33
pm25_fcst_max_24h=33
fev1_pct=31
puffs_72h=31
rh_mean_24h=31
rr_dev_24h=29
pm25_now=29
hours_since_puff=28
temp_min_24h=27
pm25_trend_24h=26
bmi=23
flares_last_year=23
rr_mean_72h=20
puffs_24h=19
spo2_dev_24h=17
hr_mean_24h=16
pm25_mean_72h=16
hr_mean_72h=14
spo2_mean_72h=14
pm25_hours_above_120_24h=13
steps_ratio_24h=12
rr_trend_24h=11
pm25_max_24h=11
disturb_24h=10
puffs_6h=10
exp_past24_mean=9
hr_mean_6h=8
temp_now=8
spo2_min_6h=7
pm10_mean_24h=7
hr_dev_24h=6
steps_6h=6
smoking=5
allergy=5
sex=3
pm25_mean_24h=3
hour_of_day=1

parameters:
[boosting: gbdt]
[objective: binary]
[metric: binary_logloss]
[tree_learner: serial]
[device_type: cpu]
[data_sample_strategy: bagging]
[data: ]
[valid: ]
[num_iterations: 36]
[learning_rate: 0.06]
[num_leaves: 31]
[num_threads: 1]
[seed: 103]
[deterministic: 0]
[force_col_wise: 0]
[force_row_wise: 0]
[histogram_pool_size: -1]
[max_depth: -1]
[min_data_in_leaf: 100]
[min_sum_hessian_in_leaf: 0.001]
[bagging_fraction: 0.7]
[pos_bagging_fraction: 1]
[neg_bagging_fraction: 1]
[bagging_freq: 1]
[bagging_seed: 693]
[bagging_by_query: 0]
[feature_fraction: 0.8]
[feature_fraction_bynode: 1]
[feature_fraction_seed: 23358]
[extra_trees: 0]
[extra_seed: 23034]
[early_stopping_round: 0]
[early_stopping_min_delta: 0]
[first_metric_only: 0]
[max_delta_step: 0]
[lambda_l1: 0]
[lambda_l2: 0]
[linear_lambda: 0]
[min_gain_to_split: 0]
[drop_rate: 0.1]
[max_drop: 50]
[skip_drop: 0.5]
[xgboost_dart_mode: 0]
[uniform_drop: 0]
[drop_seed: 26240]
[top_rate: 0.2]
[other_rate: 0.1]
[min_data_per_group: 100]
[max_cat_threshold: 32]
[cat_l2: 10]
[cat_smooth: 10]
[max_cat_to_onehot: 4]
[top_k: 20]
[monotone_constraints: ]
[monotone_constraints_method: basic]
[monotone_penalty: 0]
[feature_contri: ]
[forcedsplits_filename: ]
[refit_decay_rate: 0.9]
[cegb_tradeoff: 1]
[cegb_penalty_split: 0]
[cegb_penalty_feature_lazy: ]
[cegb_penalty_feature_coupled: ]
[path_smooth: 0]
[interaction_constraints: ]
[verbosity: -1]
[saved_feature_importance_type: 0]
[use_quantized_grad: 0]
[num_grad_quant_bins: 4]
[quant_train_renew_leaf: 0]
[stochastic_rounding: 1]
[linear_tree: 0]
[max_bin: 63]
[max_bin_by_feature: ]
[min_data_in_bin: 3]
[bin_construct_sample_cnt: 200000]
[data_random_seed: 374]
[is_enable_sparse: 1]
[enable_bundle: 1]
[use_missing: 1]
[zero_as_missing: 0]
[feature_pre_filter: 1]
[pre_partition: 0]
[two_round: 0]
[header: 0]
[label_column: ]
[weight_column: ]
[group_column: ]
[ignore_column: ]
[categorical_feature: ]
[forcedbins_filename: ]
[precise_float_parser: 0]
[parser_config_file: ]
[objective_seed: 22680]
[num_class: 1]
[is_unbalance: 0]
[scale_pos_weight: 1]
[sigmoid: 1]
[boost_from_average: 1]
[reg_sqrt: 0]
[alpha: 0.9]
[fair_c: 1]
[poisson_max_delta_step: 0.7]
[tweedie_variance_power: 1.5]
[lambdarank_truncation_level: 30]
[lambdarank_norm: 1]
[label_gain: ]
[lambdarank_position_bias_regularization: 0]
[eval_at: ]
[multi_error_top_k: 1]
[auc_mu_weights: ]
[num_machines: 1]
[local_listen_port: 12400]
[time_out: 120]
[machine_list_filename: ]
[machines: ]
[gpu_platform_id: -1]
[gpu_device_id: -1]
[gpu_device_id_list: ]
[gpu_use_dp: 0]
[num_gpu: 1]

end of parameters

pandas_categorical:[]
