tree
version=v4
num_class=1
num_tree_per_iteration=1
label_index=0
max_feature_idx=43
objective=binary sigmoid:1
feature_names=age sex bmi smoking allergy fev1_pct flares_last_year controller_adherence has_purifier outdoor_hours_day hr_mean_6h hr_mean_24h hr_mean_72h rr_mean_6h rr_mean_24h rr_mean_72h spo2_mean_6h spo2_mean_24h spo2_mean_72h spo2_min_6h hr_dev_24h rr_dev_24h spo2_dev_24h rr_trend_24h steps_6h steps_24h steps_ratio_24h disturb_24h puffs_6h puffs_24h puffs_72h hours_since_puff pm25_now pm25_mean_6h pm25_mean_24h pm25_mean_72h pm25_max_24h pm25_hours_above_120_24h pm25_trend_24h pm10_mean_24h temp_now temp_min_24h rh_mean_24h hour_of_day
feature_infos=[18:73] [0:1] [17:37.200000000000003] [0:2] [0:1] [47:104] [0:8] [0.20000000000000001:0.97999999999999998] [0:1] [0.20000000000000001:5.5] [48:104.33333333333331] [56.041666666666657:102.125] [57.458333333333336:105.47222222222224] [12.333333333333334:25.483333333333331] [13.929166666666667:25.720833333333331] [14.318055555555556:26.763888888888889] [92.333333333333314:99] [91.875:98.416666666666686] [91.194444444444443:98.236111111111114] [90:98] [-5.3534585569469186:16.279041180086054] [-2.3338239875389419:7.5323883425527569] [-3.1737096442525115:1.2405816757082562] [-4.7708333333333321:5.9583333333333321] [0:3657] [635:8846] [0.25230135886874971:1.4518307006680724] [0:32] [0:3] [0:43] [0:183] [0:72] [37.200000000000003:473.80000000000001] [34.016666666666666:431.30000000000001] [46.612499999999997:363.96249999999992] [59.43333333333333:291.53750000000002] [60.600000000000001:490.39999999999998] [0:24] [-187.14583333333331:159.68333333333331] [73.045833333333334:664.74166666666667] [3.2999999999999998:27.699999999999999] [1.3999999999999999:17.899999999999999] [56.125:94.041666666666686] [0:18]
tree_sizes=3313 3362 3382 3378 3371 3390 3380 3396 3401 3407 3387 3418 3409 3416 3407 3414 3427 3434 3415 3422 3433 3421 3429 3426 3430 3456 3430 3436 3414 3422 3441 3444 3435 3431 3419 3447 3437 3423 3443 3431 3444 3428 3428 3430 3447 3434 3434 3457 3444 3422 3436 3435 3437 3430 3461

Tree=0
num_leaves=31
num_cat=0
split_feature=13 19 32 17 32 28 13 17 18 32 34 13 32 18 13 32 35 17 13 13 22 41 32 36 13 18 17 32 13 32
split_gain=10318.6 1826.66 1213.87 874.519 773.955 513.104 346.943 327.747 282.414 215.786 195.469 187.681 186.183 149.778 141.099 204.171 140.293 124.73 100.868 95.3624 84.3342 80.7009 73.9998 64.5269 64.3879 58.4452 54.4056 48.747 48.6052 51.3419
threshold=19.941666666666674 94.500000000000014 127.15000000000002 94.312500000000014 237.35000000000002 1.5000000000000002 18.441666666666674 94.645833333333357 95.631944444444457 137.80000000000004 120.1375 20.991666666666671 154.90000000000001 96.145833333333329 18.75833333333334 137.80000000000004 152.22500000000002 94.854166666666671 18.175000000000004 20.991666666666671 -0.68717939615898149 7.0500000000000007 85.000000000000014 300.85000000000008 18.75833333333334 94.9513888888889 96.562500000000014 88.450000000000017 17.558333333333337 141.70000000000002
decision_type=2 2 2 2 2 2 2 2 2 2 2 2 2 2 2 2 2 2 2 2 2 2 2 2 2 2 2 2 2 2
left_child=1 4 3 11 5 14 26 19 -6 -8 -7 -2 -9 16 28 -16 -11 22 -10 -4 -17 -14 -5 -18 -12 -26 -3 -19 -1 -30
right_child=2 6 7 17 8 10 9 12 18 13 24 -13 21 -15 15 20 23 27 -20 -21 -22 -23 -24 -25 25 -27 -28 -29 29 -31
leaf_value=-3.059409984201853 -2.4686814574305256 -3.0726269165411795 -2.0666113074785444 -2.8316154440991945 -2.036180629335024 -2.9306920706129813 -3.0363952727283579 -2.501451191739454 -2.815844111027439 -2.5734157507602342 -2.704574029746377 -1.9716598877016107 -2.3136635909106915 -3.0049547499800062 -2.9644712815412153 -2.7887183431488922 -2.9985126378457383 -3.0131031788889331 -2.4136751176976814 -1.7922092601391038 -2.4794435673782558 -1.9901991578338964 -2.5250706381063743 -2.7310193853871674 -2.298161804258708 -2.582554230912554 -3.0952289423231849 -2.7948331783464666 -3.0206589947863018 -2.8894553999851178
leaf_weight=31.545454379171133 4.3631333857774717 576.36992026120424 9.1625801101326942 4.4503960534930247 4.450396053493022 5.6284420676529434 82.332326989620924 8.2026907652616519 4.6249213889241201 8.6390041038393992 4.5376587212085715 7.3300640881061554 4.799446724355219 15.576386187225578 24.564440961927176 8.6390041038393957 7.591852091252802 6.8064880818128577 4.3631333857774734 9.0753174424171448 5.0176033936440936 6.5883314125239849 7.8100087605416775 5.6720734015107155 5.45391673222184 4.9739720597863197 1145.1479884311557 8.0281654298305494 23.822708286345005 19.546837568283081
leaf_count=723 100 13210 210 102 102 129 1887 188 106 198 104 168 110 357 563 198 174 156 100 208 115 151 179 130 125 114 26246 184 546 448
internal_value=-3.03821 -3.06453 -2.35494 -2.59079 -2.86112 -2.90474 -3.08079 -2.11311 -2.42707 -2.98207 -2.62927 -2.15712 -2.28351 -2.86272 -2.95488 -2.86107 -2.76157 -2.77795 -2.62062 -1.93007 -2.67509 -2.12653 -2.63634 -2.88412 -2.51591 -2.43381 -3.08766 -2.89498 -3.00274 -2.96152
internal_weight=2065.11 1988.5 76.6166 38.7883 147.168 133.73 1841.33 37.8284 13.4385 119.812 20.594 11.6932 19.5905 37.4793 113.136 38.221 21.9029 27.0951 8.98805 18.2379 13.6566 11.3878 12.2604 13.2639 14.9655 10.4279 1721.52 14.8347 74.915 43.3695
internal_count=47331 45575 1756 889 3373 3065 42202 867 308 2746 472 268 449 859 2593 876 502 621 206 418 313 261 281 304 343 239 39456 340 1717 994
is_linear=0
shrinkage=1


Tree=1
num_leaves=31
num_cat=0
split_feature=16 13 13 32 38 38 13 17 38 14 38 15 15 14 32 31 33 18 32 9 38 7 17 16 13 16 37 7 35 15
split_gain=5523.73 784.929 447.434 296.607 246.106 239.129 118.429 116.044 100.544 176.061 98.736 91.5246 76.964 74.6877 85.6133 74.392 67.9653 56.4216 47.0041 46.7296 46.2106 31.4328 29.5541 26.4569 24.2355 24.1954 23.4297 25.0189 35.704 22.7632
threshold=95.250000000000014 19.358333333333338 18.925000000000004 96.850000000000009 29.660416666666652 53.014583333333348 20.991666666666671 96.062500000000014 45.354166666666679 19.452083333333338 62.389583333333334 17.272916666666671 17.547916666666669 19.452083333333338 137.80000000000004 6.5000000000000009 200.36666666666667 94.9513888888889 130.95000000000002 0.45000000000000007 15.131249999999989 0.57500000000000007 95.395833333333357 94.750000000000014 20.333333333333336 94.250000000000014 10.500000000000002 0.51000000000000012 130.16805555555558 17.104861111111116
decision_type=2 2 2 2 2 2 2 2 2 2 2 2 2 2 2 2 2 2 2 2 2 2 2 2 2 2 2 2 2 2
left_child=1 4 7 6 13 15 24 10 9 20 -2 -6 -7 19 -15 18 -13 21 22 -1 -5 -11 -4 -19 -3 -23 -21 28 -28 -12
right_child=2 3 5 8 11 12 -8 -9 -10 17 29 16 -14 14 -16 -17 -18 23 -20 26 -22 25 -24 -25 -26 -27 27 -29 -30 -31
leaf_value=0.21727381997502543 -0.016200030301077348 0.052971708666959764 0.14872323649846494 0.12384233394559391 0.084698028005239956 0.18515961481966528 0.32654087622757033 -0.052011735519404891 0.47498587452951302 0.45150788069520448 0.075294314420081554 0.22093154647936089 0.47257154205064544 0.015076665584021366 0.28568823004950566 0.0077981932798045651 0.4405950595609151 0.36366643800092491 0.24780534807839555 -0.036800847562327717 0.31904120479595605 0.42465510579947074 -0.01904758988977167 0.22350644173766518 0.18322044485018063 0.28508280190060309 0.22867234136562503 0.014906039812272476 0.030794669030883185 0.25303594048125433
leaf_weight=4.9187291115522376 252.02219778299332 14.415207639336588 8.4882262572646159 13.055282127112152 6.4515411891043213 6.7242102660238725 13.098042983561752 1471.3208938613534 30.202178724110126 38.723803583532572 4.7694618664681894 9.0717530064284819 6.6924001090228558 6.8975203335285213 10.796616047620772 46.458294168114662 11.497368313372133 11.277932994067671 8.8379234336316568 16.049629617482424 6.5598545372486106 9.0031054913997668 6.814628191292285 8.5043105743825418 7.9954148530960074 8.883032910525797 5.7558720596134645 26.032430030405521 7.6397046856582165 5.6867116503417492
leaf_count=104 5836 282 175 212 118 117 146 35281 333 422 105 182 97 146 178 986 163 127 148 359 98 87 149 117 129 115 123 530 155 115
internal_value=-0.00148365 0.25344 -0.0389028 0.336405 0.125794 0.0963232 0.183211 -0.0454555 0.379505 0.349469 -0.00870438 0.281871 0.328525 0.071789 0.180199 0.0521957 0.343715 0.390641 0.137638 0.0400286 0.189122 0.421122 0.074012 0.303412 0.0994404 0.355337 0.0243138 0.0491912 0.11582 0.171961
internal_weight=2084.64 266.829 1817.81 161.718 105.111 84.0157 35.5087 1733.8 126.21 96.0073 262.478 27.0207 13.4166 78.0905 17.6941 70.5991 20.5691 76.3922 24.1408 60.3964 19.6151 56.6099 15.3029 19.7822 22.4106 17.8861 55.4776 39.428 13.3956 10.4562
internal_count=47135 4126 43009 2068 2058 1672 557 41337 1511 1178 6056 463 214 1595 324 1458 345 868 472 1271 310 624 324 244 411 202 1167 808 278 220
is_linear=0
shrinkage=0.06


Tree=2
num_leaves=31
num_cat=0
split_feature=13 19 29 36 33 17 28 42 29 33 33 6 33 37 26 25 7 35 37 17 42 35 13 21 35 9 19 36 25 14
split_gain=3947.79 497.245 300.16 130.849 125.632 124.483 112.008 70.2625 55.0631 52.8451 51.5734 51.0537 46.5875 41.938 39.274 38.3869 37.3239 30.9811 59.8183 48.9526 28.8668 26.7109 25.9885 43.9291 61.7392 25.7837 32.9317 35.7418 25.0957 22.587
threshold=19.125000000000007 94.500000000000014 3.5000000000000004 225.45000000000002 200.36666666666667 95.979166666666671 1.0000000180025095e-35 81.750000000000014 15.500000000000002 231.62500000000003 231.62500000000003 1.0000000180025095e-35 117.67500000000001 21.500000000000004 0.68268589550378933 3386.5000000000005 0.41500000000000004 138.53472222222226 9.5000000000000018 95.395833333333357 78.062500000000014 171.06250000000003 17.558333333333337 0.82959552889112953 111.59583333333335 1.9500000000000002 93.500000000000014 289.25000000000006 1948.5000000000002 16.510416666666671
decision_type=2 2 2 2 2 2 2 2 2 2 2 2 2 2 2 2 2 2 2 2 2 2 2 2 2 2 2 2 2 2
left_child=1 6 4 7 13 9 10 8 16 -3 22 -5 -8 17 -6 20 -4 18 -2 -20 -14 -11 -1 24 -24 26 -13 -28 -18 -7
right_child=2 5 3 11 14 29 12 -9 -10 21 -12 25 15 -15 -16 -17 28 -19 19 -21 -22 -23 23 -25 -26 -27 27 -29 -30 -31
leaf_value=-0.026355093930905887 -0.010721474134069023 -0.0079594769149276493 0.19203005546014182 0.17053127898494486 0.12874373019580376 -0.054820449992446299 0.024053279758043035 0.2854984519735233 0.25908706192154224 0.22082964123703536 0.16173793886296708 0.31106470095695615 0.28724937418295343 0.1836034047500959 0.27660890340101912 0.097726954611208519 0.14066456246965914 0.014855040842793299 0.26714274847721048 0.055749663481109837 0.15685128778856228 0.03406150932572901 -0.0032578622231970813 0.011295433175929003 0.25638707007360362 0.31898095569339879 0.16455617582899815 0.30144202353117211 0.017641504276686606 -0.038171414047118511
leaf_weight=27.847092028707266 10.271168507635595 202.08566728234291 12.041919715702532 13.778680238872765 10.063954308629038 1035.2631246224046 8.2604265809059125 15.681153595447539 10.739215079694985 5.4827722832560521 10.489095795899628 26.444431845098734 12.92137372121215 10.570673596113918 18.090983439236879 12.905321661382912 9.557365473359825 32.717082746326923 9.023351617157461 7.0052642412483683 11.596769124269484 5.5442794486880302 6.0086268372833711 35.274799019098282 7.3051882311701775 62.532057359814644 17.482293955981735 11.309031695127485 15.900610465556381 409.33539899066091
leaf_count=634 215 4687 156 145 114 26132 179 144 95 107 134 198 188 150 195 212 130 611 138 130 170 115 128 700 135 561 190 104 247 10128
internal_value=-0.0014208 -0.0348443 0.202661 0.24559 0.116813 -0.0437877 0.0769551 0.175166 0.1393 -0.00098019 0.0369791 0.27981 0.153019 0.0735443 0.223755 0.181486 0.104995 0.0538313 0.102318 0.174754 0.225573 0.126925 0.0198587 0.0463447 0.139207 0.292595 0.262724 0.218324 0.0638265 -0.0501028
internal_weight=2083.53 1790.32 293.209 195.467 97.7425 1657.71 132.609 63.9203 48.2391 213.113 86.9248 131.546 45.6839 69.5875 28.1549 37.4235 37.4999 59.0169 26.2998 16.0286 24.5181 11.0271 76.4357 48.5886 13.3138 117.768 55.2358 28.7913 25.458 1444.6
internal_count=47172 43649 3523 1970 1553 41169 2480 772 628 4909 1731 1198 749 1244 309 570 533 1094 483 268 358 222 1597 963 263 1053 492 294 377 36260
is_linear=0
shrinkage=0.06


Tree=3
num_leaves=31
num_cat=0
split_feature=16 13 13 32 32 38 38 25 38 17 29 31 15 17 17 14 32 42 43 38 7 6 28 10 17 16 2 32 6 6
split_gain=3385.39 394.424 232.104 150.756 130.379 109.846 69.0975 65.341 68.57 65.317 50.1887 47.2795 42.2336 42.1326 37.6201 32.1844 31.8678 31.7262 30.273 27.8455 27.3564 26.3136 20.1319 21.6815 20.0067 18.6037 18.567 17.9247 17.6889 16.3793
threshold=95.416666666666671 19.358333333333338 18.175000000000004 135.50000000000003 85.000000000000014 62.389583333333334 43.645833333333336 2485.5000000000005 22.916666666666682 94.645833333333357 12.500000000000002 6.5000000000000009 17.272916666666671 95.562500000000014 95.020833333333357 16.510416666666671 117.55000000000001 77.562500000000014 9.0000000000000018 37.71875 0.69500000000000006 5.5000000000000009 1.0000000180025095e-35 76.083333333333357 95.020833333333357 94.750000000000014 27.950000000000003 125.15000000000002 2.5000000000000004 2.5000000000000004
decision_type=2 2 2 2 2 2 2 2 2 2 2 2 2 2 2 2 2 2 2 2 2 2 2 2 2 2 2 2 2 2
left_child=1 3 15 21 10 13 9 20 14 -5 -3 -7 -8 16 25 -2 -4 -14 -18 -17 28 -1 23 -11 -10 -9 -21 -15 -6 -29
right_child=2 4 5 6 7 11 12 8 24 22 -12 -13 17 27 -16 19 18 -19 -20 26 -22 -23 -24 -25 -26 -27 -28 29 -30 -31
leaf_value=-0.011302621686418065 -0.054674721460912644 0.021342128766799105 0.015090645665385807 0.22868775313434339 0.22118620094591593 0.28399409900796746 0.072991621794594438 0.18497356116691416 0.26723618557082407 0.0099063803115452612 0.18580617406381611 0.090154245031590141 0.27454982198350425 -0.034363474708009864 0.03234373528598003 -0.041489915922121395 0.0096862910365468104 0.14034780538278083 0.17034636131311687 -0.017011007024035494 0.15602483572498174 0.10347289540754262 0.10631879376959333 0.11512622733831969 0.18123924276743497 0.095367116143451017 0.058405327105986456 -0.0036058003663135738 0.26537605615653309 0.083751595996565176
leaf_weight=55.433744002133608 995.21530034393072 20.052783768624071 29.877152599394321 9.9476397447288019 68.292008936405182 6.8123196028172996 8.7057668641209585 22.694090012460947 20.897224593907595 28.563471518456936 10.016459435224531 13.520435348153113 17.11825201287866 63.319401267915964 12.83395293727517 403.88010943681002 6.442672587931157 10.073481496423481 12.250884547829628 49.930951196700335 14.725808426737784 8.2627651356160623 23.754464708268642 9.360493313521145 18.239092938601971 13.188497774302958 15.369503773748873 37.10357815772295 62.414602931588888 9.7591320201754552
leaf_count=1181 26392 314 636 117 512 81 143 189 146 577 83 226 177 1502 178 10220 109 118 204 1241 126 163 353 165 148 145 388 784 462 197
internal_value=-0.00130207 0.147626 -0.0406821 0.0767347 0.193716 0.0237955 0.120068 0.208873 0.168017 0.0860168 0.0761273 0.155099 0.188009 0.00697843 0.120506 -0.0485673 0.0535336 0.224833 0.114975 -0.0356124 0.233553 0.00358616 0.0630065 0.035877 0.227158 0.152039 0.00073943 -0.0135441 0.242288 0.0145863
internal_weight=2078.06 434.575 1643.48 171.22 263.355 179.086 107.524 233.285 87.8529 71.6261 30.0692 20.3328 35.8975 158.753 48.7165 1464.4 48.5707 27.1917 18.6936 469.181 145.432 63.6965 61.6784 37.924 39.1363 35.8826 65.3005 110.182 130.707 46.8627
internal_count=47277 5297 41980 2994 2303 3739 1650 1906 806 1212 397 307 438 3432 512 38241 949 295 313 11849 1100 1344 1095 742 294 334 1629 2483 974 981
is_linear=0
shrinkage=0.06


Tree=4
num_leaves=31
num_cat=0
split_feature=17 31 17 32 34 21 25 37 32 33 29 31 17 32 40 32 35 25 39 12 22 29 2 10 30 34 7 4 29 30
split_gain=2678.44 369.976 166.635 180.865 83.3692 88.394 69.9993 52.5431 51.5683 46.3732 37.4777 37.1471 33.2728 32.7256 41.162 30.4994 29.8479 29.6137 38.0311 22.9568 22.933 21.1324 19.2389 23.3364 18.8795 28.979 18.8621 17.6584 21.74 17.5653
threshold=95.562500000000014 6.5000000000000009 96.020833333333357 249.75000000000003 117.96250000000002 0.92924143770553969 3248.5000000000005 18.500000000000004 91.200000000000003 174.70000000000002 11.500000000000002 12.500000000000002 96.604166666666671 151.75000000000003 17.800000000000001 339.65000000000003 271.78194444444449 1948.5000000000002 229.50624999999999 76.006944444444457 -0.85378942143893244 1.5000000000000002 25.750000000000004 80.083333333333357 32.500000000000007 183.04791666666668 0.58500000000000008 1.0000000180025095e-35 5.5000000000000009 30.500000000000004
decision_type=2 2 2 2 2 2 2 2 2 2 2 2 2 2 2 2 2 2 2 2 2 2 2 2 2 2 2 2 2 2
left_child=1 6 3 13 -3 7 8 19 10 -8 -1 27 15 -2 21 -4 17 22 29 -6 -11 -15 23 -10 25 26 -20 -7 -29 -19
right_child=2 4 12 -5 5 11 9 -9 16 20 -12 -13 -14 14 -16 -17 -18 18 24 -21 -22 -23 -24 -25 -26 -27 -28 28 -30 -31
leaf_value=0.051612792748020407 -0.023229029850951308 -0.01603093420613973 -0.035911850185740363 0.20520259343249916 0.04656028495429447 0.031871843836405622 0.028308259807964854 0.28650645819406168 0.11585264051922424 0.094800083294348997 0.16364545670087938 0.013796566803051488 -0.054437317332129684 -0.0071322947832504454 0.15796340802805947 0.1029778391706426 0.10111631399912141 0.058174889343525077 0.164842069785887 0.1784611847610989 0.21025293355577421 0.080682481405616166 0.23426290440675707 0.213630760259788 0.24552978303269826 0.20507766127760679 0.081956037121452982 0.083380759699282062 0.20138188061196924 0.14977517755551673
leaf_weight=22.07766692712903 143.88252424821258 52.032402124255896 412.0920930095017 15.52179132401943 9.688688870519405 12.745737001299856 23.510185450315475 9.1068756952881795 13.87126538902521 14.096828702837231 20.949743874371052 53.247526526451111 912.30125519260764 48.783338852226734 7.6839033588767043 5.7715700827538958 17.161807335913181 14.34331773966551 30.525280758738518 9.3195740804076177 11.047918371856211 12.366232443600891 50.973029181361198 23.975072167813778 14.75236841291189 47.683434084057808 14.616750836372374 19.526619631797079 7.8925644047558299 15.880526117980478
leaf_count=353 3433 1129 10821 173 172 188 354 107 121 135 161 931 25399 1020 99 131 138 190 265 145 99 225 342 153 85 312 156 281 80 134
internal_value=-0.000857178 0.118637 -0.0398879 0.00747658 0.0475211 0.0747311 0.15543 0.168004 0.166719 0.0888866 0.106161 0.0466579 -0.048015 -0.0069514 0.0270737 -0.0339935 0.177408 0.183185 0.165772 0.11123 0.145527 0.0106264 0.210201 0.177794 0.182479 0.172459 0.138004 0.0902229 0.117347 0.106304
internal_weight=2067.43 509.025 1558.4 228.238 173.56 121.528 335.465 28.1151 286.81 48.6549 43.0274 93.4124 1330.16 212.716 68.8335 417.864 243.783 226.621 137.802 19.0083 25.1447 61.1496 88.8194 37.8463 107.578 92.8255 45.142 40.1649 27.4192 30.2238
internal_count=47332 6031 41301 4950 3033 1904 2998 424 2410 588 514 1480 36351 4777 1344 10952 1896 1758 1142 317 234 1245 616 274 818 733 421 549 361 324
is_linear=0
shrinkage=0.06


Tree=5
num_leaves=31
num_cat=0
split_feature=14 31 14 38 38 38 29 42 22 42 41 21 41 37 6 21 10 36 31 30 42 24 7 19 9 7 14 42 38 35
split_gain=2249.58 295.684 146.28 124.297 114.305 92.4291 117.266 82.5783 50.1632 40.2451 79.9207 62.2023 34.4842 32.0636 35.5498 28.0707 26.1233 24.134 29.54 22.4451 20.1706 18.217 19.5336 17.1084 16.928 19.1774 16.4538 16.2175 16.0167 15.9353
threshold=18.156250000000004 6.5000000000000009 17.197916666666671 33.52291666666666 33.52291666666666 18.570833333333336 5.5000000000000009 89.395833333333343 -0.39809912897421634 76.229166666666671 9.7000000000000011 0.87811739521908916 5.5500000000000007 9.5000000000000018 2.5000000000000004 1.1027794750200537 87.416666666666671 222.35000000000002 1.0000000180025095e-35 27.500000000000004 74.020833333333357 1218.5000000000002 0.6150000000000001 94.500000000000014 1.0500000000000003 0.30500000000000005 16.510416666666671 76.229166666666671 -32.297916666666673 171.06250000000003
decision_type=2 2 2 2 2 2 2 2 2 2 2 2 2 2 2 2 2 2 2 2 2 2 2 2 2 2 2 2 2 2
left_child=2 5 26 23 7 6 28 13 -6 10 -5 -12 19 -3 16 -7 24 18 -14 -8 -17 22 27 -4 -15 -26 -1 -16 -2 -24
right_child=1 4 3 9 8 15 12 -9 -10 -11 11 -13 17 14 21 20 -18 -19 -20 -21 -22 -23 29 -25 25 -27 -28 -29 -30 -31
leaf_value=-0.053421185435230542 -0.0035274705892778145 -0.042456627428271464 0.018554743820282518 0.26007046896793395 0.093697781969003524 0.24373334617412912 0.12198728099397364 0.2304255979970028 0.25327017426071524 0.027151766578254213 0.20513939203399753 -0.018104079599293346 0.16754562857477093 0.044667968693346022 0.20198042271918187 0.11353842590710521 0.1240806672786207 0.14598770452770288 0.064265200634113534 0.19746219486300243 0.17597343174184196 -0.0068112773026578616 -0.026991512602616147 -0.030331611075757998 0.085204877226021894 -0.037190957756586367 -0.036952596928417118 0.081251794541402453 0.062490503773030601 0.11004078963291938
leaf_weight=914.70233407244086 17.324857912957668 34.758800901472569 29.819889862090349 9.9399696961045283 28.912589590996504 17.683549530804157 21.220904767513275 6.2593832723796359 9.3970942832529527 36.812160264700651 6.5959086604416397 14.094112128019331 13.101621869951485 15.860858567059038 7.6103504560887876 23.899080656468868 5.662391770631074 52.105445429682732 41.703817088156939 42.780081540346146 84.457799982279539 8.1635418832302076 6.4548923820257169 189.81580623239279 5.0828695036470881 49.378516398370266 286.90538846701384 8.4565070979297143 55.970471251755953 5.8002095520496368
leaf_count=26722 274 785 583 157 324 136 158 99 94 648 95 259 104 282 128 164 90 349 397 226 549 144 121 4893 76 988 7718 121 756 97
internal_value=-0.00168304 0.100591 -0.0402959 -0.0018169 0.0401257 0.131913 0.110376 0.0169848 0.13284 0.0694303 0.120242 0.0530652 0.137604 0.00791048 0.0234764 0.173642 0.000101555 0.116751 0.0889551 0.172437 0.162203 0.0721568 0.0949186 -0.0236943 -0.00988132 -0.0257678 -0.049489 0.138437 0.0468858 0.0378644
internal_weight=2050.73 562.046 1488.69 287.078 191.798 370.248 244.207 153.488 38.3097 67.4422 30.63 20.69 170.912 147.229 112.47 126.04 75.9846 106.911 54.8054 64.001 108.357 36.4855 28.322 219.636 70.3222 54.4614 1201.61 16.0669 73.2953 12.2551
internal_count=47537 6462 41075 6635 3349 3113 2264 2931 418 1159 511 354 1234 2832 2047 849 1436 850 501 384 713 611 467 5476 1346 1064 34440 249 1030 218
is_linear=0
shrinkage=0.06


Tree=6
num_leaves=31
num_cat=0
split_feature=16 16 13 32 13 13 32 14 32 21 32 21 27 36 12 42 7 40 31 32 25 25 17 26 32 6 32 33 13 27
split_gain=2073.5 231.612 134.148 94.5159 64.0171 51.5827 51.3436 45.8062 45.548 35.3605 33.0545 32.998 27.692 25.16 28.2602 22.9909 22.1453 18.4137 18.2836 17.7316 17.5975 16.106 15.1123 14.2556 13.5377 13.3529 17.6485 12.9249 12.1595 10.4167
threshold=95.583333333333357 94.916666666666671 17.941666666666674 249.75000000000003 18.75833333333334 19.358333333333338 130.95000000000002 19.452083333333338 194.00000000000003 0.69828019292463062 206.50000000000003 1.5941083309826303 15.500000000000002 225.45000000000002 84.756944444444457 81.750000000000014 0.59500000000000008 15.65 1.0000000180025095e-35 151.75000000000003 2485.5000000000005 1948.5000000000002 96.604166666666671 0.75211962008208466 130.95000000000002 2.5000000000000004 87.550000000000011 231.62500000000003 19.941666666666674 9.5000000000000018
decision_type=2 2 2 2 2 2 2 2 2 2 2 2 2 2 2 2 2 2 2 2 2 2 2 2 2 2 2 2 2 2
left_child=1 7 22 4 18 10 12 8 9 -1 -4 -8 25 14 15 21 -12 -11 -3 28 -13 -9 -2 -10 -19 -6 -27 -20 -7 -15
right_child=2 3 5 -5 6 19 11 13 23 17 16 20 -14 29 -16 -17 -18 24 27 -21 -22 -23 -24 -25 -26 26 -28 -29 -30 -31
leaf_value=0.15129641189557536 -0.039503753439799158 0.11427130131802501 -0.01749496152021569 0.15903500343688456 -0.009266358176076581 0.011326916939838881 0.15454669948041952 0.10551084489241165 0.10265616005248072 -0.0072838876114745058 0.15723075009407239 0.1094483196351026 0.12983492648804462 0.11542567945130772 0.16622837631306098 0.13963360570203798 0.0076683611762398737 0.026146209348551285 -0.0053475733883618015 0.13573190918475972 0.028882707118533014 0.027386407231147821 -0.053648512134599223 0.17573350323495246 0.11570888948643143 -0.015643161985368047 0.087082190801529763 0.073208467313385386 0.11063369847534932 0.15841020240616308
leaf_weight=11.110408637672661 407.4418200738728 5.3252920992672435 142.51648374274373 25.796518113464117 33.994457796216011 14.345539823174482 27.403127267956734 16.881360821425915 19.117152586579323 22.250305138528347 6.7435769177973253 19.275982555001974 8.7234233096241933 23.933500070124865 23.907934978604317 20.933994337916374 7.5589644685387611 12.941556405276062 102.24770595133305 11.193768940865992 19.77063537761569 21.725999098271132 817.52216062694788 19.323824107646942 11.451949588954447 9.6992204114794749 15.875767126679419 8.1402981020510179 6.4275379925966254 133.53510323166847
leaf_count=135 11422 80 3434 207 523 273 235 133 149 309 113 158 98 145 164 116 150 184 2200 101 195 208 25160 135 84 163 193 115 87 695
internal_value=-0.00171772 0.0904101 -0.041688 0.0496807 0.0384174 0.00539175 0.0665282 0.123786 0.0887851 0.0551018 -0.00876844 0.104076 0.0299939 0.137762 0.111127 0.0890012 0.0781863 0.0321885 0.00568379 0.0748571 0.0686552 0.0615469 -0.0489437 0.139391 0.0681929 0.0153731 0.048124 0.000445353 0.0420541 0.151877
internal_weight=2027.12 613.366 1413.75 276.252 250.456 188.786 134.743 337.113 96.1952 57.7542 156.819 66.4497 68.2929 240.918 83.4493 59.5414 14.3025 46.6438 115.713 31.9668 39.0466 38.6074 1224.96 38.441 24.3935 59.5694 25.575 110.388 20.7731 157.469
internal_count=47364 6624 40740 4167 3960 4158 1565 2457 996 712 3697 588 977 1461 621 457 263 577 2395 461 353 341 36582 284 268 879 356 2315 360 840
is_linear=0
shrinkage=0.06


Tree=7
num_leaves=31
num_cat=0
split_feature=16 31 13 13 32 13 38 38 15 42 2 13 17 32 42 16 10 42 2 16 42 14 38 34 31 31 26 2 16 26
split_gain=1715.67 202.827 106.464 60.1777 71.3686 59.1905 48.3613 35.4074 28.0632 28.8414 27.2942 25.4508 23.0934 24.5949 22.638 21.7258 20.0515 19.7667 18.8357 26.8047 18.3847 17.6187 21.5993 17.536 16.7866 15.4135 14.6106 17.2422 16.0194 13.7653
threshold=95.583333333333357 6.5000000000000009 17.941666666666674 20.333333333333336 166.15000000000001 17.741666666666671 33.52291666666666 29.660416666666652 17.363194444444449 78.937500000000014 27.750000000000004 18.175000000000004 95.479166666666671 88.450000000000017 88.562500000000014 94.583333333333357 79.750000000000014 78.937500000000014 23.800000000000001 95.250000000000014 75.291666666666671 16.397916666666671 49.112500000000011 143.93125000000003 1.0000000180025095e-35 1.5000000000000002 0.73789925259087885 28.200000000000006 94.916666666666671 0.81177688961898509
decision_type=2 2 2 2 2 2 2 2 2 2 2 2 2 2 2 2 2 2 2 2 2 2 2 2 2 2 2 2 2 2
left_child=1 3 21 4 15 -3 12 14 10 -10 -8 29 13 -4 18 -1 -17 20 19 -7 -9 -2 -23 24 -5 -18 27 28 -13 -6
right_child=2 5 6 23 11 7 8 17 9 -11 -12 26 -14 -15 -16 16 25 -19 -20 -21 -22 22 -24 -25 -26 -27 -28 -29 -30 -31
leaf_value=0.090188573063546412 -0.052313585915152859 -0.019234450146751528 -0.032662670939472997 0.14941274690080741 0.007237578982349344 0.086806340998204154 -0.024400376443640213 0.071147245959263083 0.16768235921685715 0.020830759929127269 0.11851136591624355 0.12000420367044069 -0.026323679294760576 0.092675227194981377 0.1417227708300772 0.004964880799649473 0.11306225142555548 0.029244106447489475 -0.0018018469875580735 -0.0078129015614190195 0.15538379017319476 -0.041434102277465364 0.0050653173933633546 0.14052782947101777 0.075873872149831628 0.036559406171765972 0.16333073733363726 0.16836963316791398 0.04784201826766718 0.11239995019027334
leaf_weight=35.381834756582975 769.36188212223351 59.346177209168673 9.7956738471984881 16.408335998654366 10.477955214679243 28.854502499103546 18.11050317063928 18.021196156740189 12.069846492260696 8.0096300654113275 6.5513898134231559 33.538004290312529 115.0299137160182 13.273091379553078 6.2453234717249861 42.150596641004086 14.712556056678293 13.164064012467859 49.682079993188381 17.205385081470013 19.334341883659363 358.30549687705934 39.974388839676976 134.31601094454527 35.033385995775461 26.66242391243577 30.97908341884613 15.625849939882754 16.53460131585598 7.8290310837328425
leaf_count=280 24848 1293 209 97 135 380 370 167 151 112 126 208 2853 216 74 573 155 133 826 352 178 10563 1086 659 230 320 185 98 126 96
internal_value=-0.00217095 0.0794636 -0.0403443 0.103624 0.0833754 0.0316059 0.00222808 0.0513897 0.0564412 0.109104 0.0135639 0.117079 -0.015336 0.0394531 0.0310422 0.0507833 0.034091 0.0924665 0.0238225 0.0514619 0.114746 -0.0470107 -0.0367671 0.129119 0.0993305 0.0637631 0.129363 0.113346 0.0961753 0.0522105
internal_weight=1981.98 631.503 1350.48 419.65 233.892 211.853 182.84 152.507 44.7414 20.0795 24.6619 114.985 138.099 23.0688 101.987 118.907 83.5256 50.5196 95.742 46.0599 37.3555 1167.64 398.28 185.758 51.4417 41.375 96.6775 65.6985 50.0726 18.307
internal_count=47099 6565 40534 3162 2176 3403 4037 2110 759 263 496 848 3278 425 1632 1328 1048 478 1558 732 345 36497 11649 986 327 475 617 432 334 231
is_linear=0
shrinkage=0.06


Tree=8
num_leaves=31
num_cat=0
split_feature=14 13 32 14 21 32 38 25 32 29 6 31 36 40 40 32 13 13 32 25 6 24 15 17 42 12 22 25 22 6
split_gain=1464.84 184.916 106.319 75.5114 60.9352 60.0052 56.611 37.6349 40.2596 30.0682 29.0373 33.0883 28.0857 36.6127 56.4725 26.8399 28.7682 25.6339 22.9045 22.3422 20.2594 23.547 19.4987 19.3237 17.3271 16.8265 15.9939 15.8462 14.8775 16.0166
threshold=17.902083333333341 19.358333333333338 137.80000000000004 17.039583333333336 1.0433064936786256 95.500000000000014 33.52291666666666 2485.5000000000005 249.75000000000003 7.5000000000000009 2.5000000000000004 1.5000000000000002 248.95000000000002 17.800000000000001 21.450000000000003 230.25000000000003 20.991666666666671 17.941666666666674 249.75000000000003 3319.5000000000005 2.5000000000000004 1.0000000180025095e-35 16.952083333333338 95.812500000000014 76.229166666666671 80.9513888888889 -0.35411043885733301 3319.5000000000005 -0.64496355104012781 5.5000000000000009
decision_type=2 2 2 2 2 2 2 2 2 2 2 2 2 2 2 2 2 2 2 2 2 2 2 2 2 2 2 2 2 2
left_child=3 2 27 23 17 9 28 20 -9 -3 11 -7 13 -8 -15 16 25 -4 -14 -12 21 -6 -20 -1 -11 -13 -19 -2 -5 -30
right_child=1 5 4 6 7 10 12 8 -10 24 19 15 18 14 -16 -17 -18 26 22 -21 -22 -23 -24 -25 -26 -27 -28 -29 29 -31
leaf_value=0.01806758286168561 0.0079900508021996785 0.0043726641761912075 0.057796809772403805 -0.001530588686252807 0.13663439589361948 0.11908681566477565 0.0038269997040172089 0.0032896040093594375 0.1140253579599744 0.031270616944385925 0.13496387370049151 0.019359251036311868 -0.028187644812626589 0.27265370774860659 0.030586407302947257 0.13744714369405503 0.11858585046498132 0.21795175484547114 -0.0072889399411549581 0.065854818082662567 0.13611944763492512 0.021080596699877004 0.12084240037981543 -0.049293846105104087 0.10745447422381178 0.084895174890549444 0.12111671109089683 -0.034795341480277853 -0.043464361893022239 0.045182387034176569
leaf_weight=15.576559986919163 75.364978846162558 34.149339478462934 11.574369829148052 53.101703092455864 9.1175879351794737 78.357359994202852 11.055592805147173 74.712161719799042 14.040655106306074 17.239308446645737 122.1217653080821 51.872901476919651 27.464131258428097 6.8572229743003827 7.0227743498980999 16.853776223957539 20.01823727786541 11.447629462927578 8.1190713606774825 19.53447537496686 18.410520888864994 20.902897231280804 9.0319022908806783 972.42565041035414 28.539804816246033 19.370514869689941 13.244453404098751 53.132533494383097 136.18852876126766 7.7553097978234282
leaf_count=391 1568 508 190 1441 92 405 199 1187 106 131 634 464 527 95 157 84 95 96 136 140 199 295 109 32217 190 162 125 1243 3842 186
internal_value=-0.00161039 0.0672597 0.0316635 -0.0405855 0.062308 0.0935996 -0.0122483 0.0440228 0.0208079 0.0469812 0.104955 0.0893985 0.0342896 0.0852901 0.150176 0.0678818 0.0550348 0.131475 0.00578522 0.125434 0.0865654 0.0561757 0.0601865 -0.0482318 0.0787655 0.0371779 0.166011 -0.00970131 -0.0286747 -0.0386883
internal_weight=1964.6 710.005 301.948 1254.6 173.45 408.057 266.596 137.184 88.7528 79.9285 328.129 186.473 69.5507 24.9356 13.88 108.115 91.2617 36.2665 44.6151 141.656 48.431 30.0205 17.151 988.002 45.7791 71.2434 24.6921 128.498 197.046 143.944
internal_count=47214 7914 5101 39300 2290 2813 6692 1879 1293 829 1984 1210 1223 451 252 805 721 411 772 774 586 387 245 32608 321 626 221 2811 5469 4028
is_linear=0
shrinkage=0.06


Tree=9
num_leaves=31
num_cat=0
split_feature=13 19 14 32 38 32 15 18 43 32 14 21 29 32 35 11 31 18 28 7 6 25 14 25 38 32 26 43 32 42
split_gain=1314.09 159.873 95.0146 89.5387 48.5602 45.4917 40.374 35.0058 33.7632 29.9111 33.2781 34.977 28.1951 22.164 21.3216 21.9105 19.5349 17.7263 16.7871 16.1831 23.171 20.573 16.0651 16.0308 17.2172 15.9582 24.7695 13.8884 18.7979 12.7472
threshold=18.175000000000004 94.500000000000014 17.114583333333339 154.90000000000001 22.916666666666682 83.850000000000009 17.547916666666669 96.437500000000014 15.000000000000002 188.55000000000004 20.556250000000002 0.69828019292463062 7.5000000000000009 88.450000000000017 164.3104166666667 80.229166666666671 1.5000000000000002 95.284722222222243 1.5000000000000002 0.57500000000000007 2.5000000000000004 2576.5000000000005 19.877083333333335 2485.5000000000005 53.939583333333331 230.25000000000003 0.78997315913055688 9.0000000000000018 143.30000000000004 75.291666666666671
decision_type=2 2 2 2 2 2 2 2 2 2 2 2 2 2 2 2 2 2 2 2 2 2 2 2 2 2 2 2 2 2
left_child=2 5 -1 12 18 16 29 8 23 10 11 -8 13 -3 27 22 -2 -6 -4 20 -15 -22 -16 -5 -25 -19 -27 28 -13 -7
right_child=1 3 4 7 17 6 9 -9 -10 -11 -12 14 -14 19 15 -17 -18 25 -20 -21 21 -23 -24 24 -26 26 -28 -29 -30 -31
leaf_value=-0.047911676957275752 0.081277526864716301 -0.040819494132273398 -0.02615794411520549 0.12640222887656993 0.11334099833494994 -0.014801394843149197 0.15077475195089585 -0.01342733753306947 0.17534247436103251 0.11856248485765047 0.11035423599328381 0.0084158959276421971 0.083811037335414354 0.0018801471066068191 -0.028232819469225699 0.072591075046400722 -0.0059130945468657166 -0.0013533392284953917 0.076854872473550662 -0.01712634821943047 0.16177306465348387 0.030525351988289064 0.053364716591399866 0.0058171869532288988 0.094779784714953672 -0.0076681752392005554 0.1109990835581514 0.094880324938805521 0.092780600396953503 0.061251378272530299
leaf_weight=954.63450780138373 13.890213962644337 51.643405402079225 192.90927247703075 13.382443737238644 8.907539024949072 15.67201764881611 16.526430774480104 12.351971261203287 15.02755083888769 123.76362135261297 103.17426151037216 19.987104263156652 12.799444139003752 33.206909190863371 23.208877850323915 28.036956533789635 27.695558186620474 38.645998608320951 5.868262540549039 48.525325961410999 7.5620810315012958 9.9654047787189466 13.88158470764756 16.523535165935758 14.887964732944964 11.172179693356158 14.617003325372933 59.87221996486187 18.134985003620386 16.068503022193909
leaf_count=32963 114 1265 5275 136 103 163 133 211 132 646 481 238 132 639 237 191 391 895 93 1012 104 167 81 247 127 179 193 430 131 135
internal_value=-0.00130076 0.0633041 -0.0389965 0.0228572 -0.0077209 0.0831837 0.0888737 0.0785314 0.0975191 0.0939616 0.0831961 0.0675989 -0.0016885 -0.00894048 0.0591721 0.0325634 0.0232098 0.034006 -0.0231168 0.00764571 0.0313391 0.087151 0.00230611 0.0714108 0.0479824 0.0230387 0.059591 0.0768563 0.0485489 0.0237
internal_weight=1942.54 715.788 1226.75 235.876 272.12 479.912 438.327 72.1735 59.8215 406.586 282.822 179.648 163.703 150.903 163.122 65.1274 41.5858 73.3427 198.778 99.2597 50.7344 17.5275 37.0905 44.7939 31.4115 64.4352 25.7892 97.9943 38.1221 31.7405
internal_count=47244 7543 39701 4172 6738 3371 2866 853 642 2568 1922 1441 3319 3187 1308 509 505 1370 5368 1922 910 271 318 510 374 1267 372 799 369 298
is_linear=0
shrinkage=0.06


Tree=10
num_leaves=31
num_cat=0
split_feature=16 16 13 38 38 10 13 41 42 42 41 32 25 17 25 22 5 15 10 13 0 7 12 41 2 31 42 41 22 27
split_gain=1165.38 139.673 91.4013 54.1218 35.8953 35.751 27.832 25.2351 28.8725 24.3696 24.8003 23.66 30.8715 23.2962 22.204 21.6103 25.2749 20.8344 18.5902 18.2279 17.1872 16.884 16.4823 16.3868 14.4042 16.6149 13.4846 15.0448 13.7736 13.4403
threshold=95.583333333333357 94.916666666666671 17.941666666666674 33.52291666666666 28.568750000000019 78.416666666666671 20.333333333333336 9.7000000000000011 82.687500000000014 65.104166666666671 7.0500000000000007 230.25000000000003 3451.5000000000005 96.562500000000014 2485.5000000000005 -1.2494959924154114 72.500000000000014 17.547916666666669 75.750000000000014 19.941666666666674 27.500000000000004 0.48500000000000004 82.909722222222243 11.15 17.750000000000004 60.500000000000007 71.458333333333357 11.250000000000002 -0.91953820376387785 5.5000000000000009
decision_type=2 2 2 2 2 2 2 2 2 2 2 2 2 2 2 2 2 2 2 2 2 2 2 2 2 2 2 2 2 2
left_child=1 6 13 5 19 -3 11 8 17 -6 -11 12 20 24 15 -7 -17 -5 -9 -4 -1 -12 26 -20 25 -2 -22 28 -28 -23
right_child=2 3 4 7 9 14 -8 18 -10 10 21 -13 -14 -15 -16 16 -18 -19 23 -21 22 29 -24 -25 -26 -27 27 -29 -30 -31
leaf_value=0.11781760290645983 -0.0058893874511440078 -0.011290461325872692 -0.022087163950999061 0.070492633286438275 -0.0535382597951818 0.013936013157770587 0.10077502866360039 -0.036600759696966495 0.031098381745266135 -0.0046191302756375769 0.16530029176180003 0.10653523476816081 -0.0060650840413950264 -0.050669760943523122 0.013801942021734319 0.039744195528848732 0.15076191272774817 0.15761573009687491 0.0035463302407414614 0.067469515812583425 0.0036401881314734757 -0.0029877935805220036 0.099345392565039867 0.10232102825489137 -0.034237401979279443 0.1464069094894411 0.013650304711220298 0.11246489560948839 0.075913446504490056 0.092806342736239722
leaf_weight=21.505808930844069 13.877849502488973 107.94705343060195 123.39362631738186 17.332022421061993 8.3557603824883682 16.497542355209589 182.9919972717762 11.201288983225821 19.411736316978931 15.62019541300833 7.6539074629545203 45.930107746273279 23.357726342976093 700.64934973418713 60.696777848526835 13.698360186070206 16.012074999511242 22.986316561698914 11.213833864778282 8.762723080813883 20.314982928335667 7.6155856754630831 28.024928040802479 13.121868100017307 310.84116559848189 3.1674040313810101 26.187783665955063 14.957183502614496 25.001840408891443 17.139026584103703
leaf_count=159 439 2058 3106 161 146 129 851 154 150 283 114 232 271 25951 911 171 155 129 99 101 204 143 199 121 9991 104 192 121 199 226
internal_value=-0.00200086 0.0597805 -0.0374527 0.029757 0.000951235 0.0130663 0.0837608 0.0673989 0.091218 0.0410316 0.0574843 0.0685939 0.0576579 -0.0444925 0.0376605 0.069 0.0995758 0.120163 0.027364 -0.016149 0.0686028 0.0874168 0.059358 0.0568059 -0.0312925 0.0224108 0.0463969 0.0595283 0.0440606 0.0633359
internal_weight=1915.47 698.391 1217.08 310.119 188.541 214.852 388.272 95.2671 59.7301 56.3845 48.0287 205.28 159.35 1028.54 106.905 46.208 29.7104 40.3183 35.537 132.156 135.993 32.4085 114.487 24.3357 327.886 17.0453 86.4618 66.1468 51.1896 24.7546
internal_count=47270 6666 40604 4238 4119 3424 2428 814 440 912 766 1577 1345 36485 1366 455 326 290 374 3207 1074 483 915 220 10534 543 716 512 391 369
is_linear=0
shrinkage=0.06


Tree=11
num_leaves=31
num_cat=0
split_feature=16 16 13 32 13 22 32 14 31 6 31 36 41 5 2 25 32 7 42 17 21 41 7 4 13 13 10 15 7 7
split_gain=1074.46 91.5889 85.9578 63.8437 62.9127 37.0959 27.9261 23.7354 22.7476 18.6231 19.5649 16.3791 22.4844 21.0713 17.9717 21.0967 15.4368 14.2221 14.8063 15.3579 18.1232 18.8908 21.4051 13.5814 14.5189 13.3262 14.8334 12.6786 11.8933 11.4999
threshold=95.583333333333357 94.916666666666671 17.941666666666674 130.95000000000002 17.558333333333337 -0.53471469394632709 88.450000000000017 16.510416666666671 9.5000000000000018 2.5000000000000004 7.5000000000000009 225.45000000000002 5.4500000000000011 52.500000000000007 23.450000000000003 1698.5000000000002 230.25000000000003 0.69500000000000006 75.770833333333357 96.312500000000014 0.65942656747944384 9.7000000000000011 0.6150000000000001 1.0000000180025095e-35 20.333333333333336 19.625000000000007 79.750000000000014 17.547916666666669 0.6150000000000001 0.57500000000000007
decision_type=2 2 2 2 2 2 2 2 2 2 2 2 2 2 2 2 2 2 2 2 2 2 2 2 2 2 2 2 2 2
left_child=1 8 7 25 -5 9 -4 -2 11 10 16 12 -1 -14 -15 -16 -6 18 19 20 -8 -22 -23 24 -13 -3 -27 -7 -11 -28
right_child=2 3 6 4 5 27 17 -9 -10 28 -12 23 13 14 15 -17 -18 -19 -20 -21 21 22 -24 -25 -26 26 29 -29 -30 -31
leaf_value=0.11595958416433944 -0.050615593389551322 -0.016963636441037464 -0.0383325530086134 -0.015476121428064824 0.035112182482831371 0.063496109728619396 0.16348360522613836 -0.030543551712719056 0.032684304254048252 0.12501742716923248 -0.0040241021685436008 0.037117997827666081 -0.020301643307254817 0.093792123009588155 0.094462416304311139 0.0064074654141229618 0.10505441832805421 -0.018072057981626911 0.0072093418963068614 -0.027727792537183674 0.13711614555116522 -0.015944961190646988 0.12734718949438253 0.098380628966271741 0.096165583623523676 -0.040493452601686214 0.064695300596690666 0.13549997440690389 0.051432616088951201 -0.0049504671653170162
leaf_weight=22.503715194761753 675.29770415835083 75.172872880473733 49.7866674028337 37.725159998983145 33.893346689641476 11.949682390317319 6.2323234900832167 309.19577734731138 39.192373499274254 17.044925142079595 27.78965025395155 31.385050695389509 13.464383348822592 33.946092214435339 14.682252153754233 29.427221093326807 17.087135724723339 36.205167366191745 60.781472772359848 6.7908796668052664 6.6701598837971714 14.801028354093434 5.0278218053281298 175.16529890522361 28.699284330010414 10.269077092409132 24.885302014648914 33.438987277448177 14.74994622915983 12.990525770932434
leaf_count=108 26216 1540 1395 776 277 128 98 10210 426 127 359 182 112 241 85 238 96 786 1174 174 60 312 110 843 124 113 230 268 131 141
internal_value=-0.00199443 0.0564985 -0.0372395 0.0325662 0.0540522 0.0708711 0.00013362 -0.0443117 0.0760278 0.0521219 0.0364773 0.0808915 0.0622285 0.0490167 0.0609739 0.0357174 0.0585547 0.0141628 0.0257981 0.0543859 0.0714223 0.0497703 0.0203883 0.0899373 0.0653221 -0.00117893 0.0234671 0.116543 0.0908807 0.0408084
internal_weight=1876.25 705.462 1170.79 316.997 193.679 155.954 186.296 984.493 388.466 110.565 78.7701 349.273 114.024 91.5199 78.0556 44.1095 50.9805 136.509 100.304 39.5222 32.7313 26.499 19.8289 235.25 60.0843 123.318 48.1449 45.3887 31.7949 37.8758
internal_count=47080 6545 40535 4186 2162 1386 4109 36426 2359 990 732 1933 784 676 564 323 373 2714 1928 754 580 482 422 1149 306 2024 484 396 258 371
is_linear=0
shrinkage=0.06


Tree=12
num_leaves=31
num_cat=0
split_feature=16 13 13 19 32 16 21 13 14 25 32 32 14 34 36 43 16 18 42 28 34 35 34 34 34 4 20 9 25 24
split_gain=952.365 126.065 52.818 42.7634 36.2842 24.856 21.1679 27.5227 19.6723 19.1098 17.901 17.2237 13.8195 13.7625 18.2202 15.9339 13.6538 13.5322 14.0693 12.5756 11.5569 14.9798 11.0728 11.015 9.90273 14.0908 9.87896 13.6013 22.2159 9.50956
threshold=95.750000000000014 18.75833333333334 17.941666666666674 93.500000000000014 87.550000000000011 94.916666666666671 2.7087621378963376 20.991666666666671 20.556250000000002 3722.5000000000005 125.15000000000002 237.35000000000002 16.397916666666671 180.33750000000001 206.70000000000002 9.0000000000000018 94.750000000000014 96.437500000000014 81.104166666666671 1.5000000000000002 183.04791666666668 135.42638888888891 180.33750000000001 132.77500000000001 120.1375 1.0000000180025095e-35 1.0106046803643312 1.9500000000000002 4430.5000000000009 1186.5000000000002
decision_type=2 2 2 2 2 2 2 2 2 2 2 2 2 2 2 2 2 2 2 2 2 2 2 2 2 2 2 2 2 2
left_child=1 5 12 -3 8 24 9 16 -5 13 -4 26 -2 14 15 -6 -8 18 22 -16 21 -11 -12 -17 -1 -26 27 -7 -29 -24
right_child=2 3 10 4 6 11 7 -9 -10 20 17 -13 -14 -15 19 23 -18 -19 -20 -21 -22 -23 29 -25 25 -27 -28 28 -30 -31
leaf_value=-0.0037113855391942121 -0.049202667906374356 0.090674781510549307 -0.025523497143058824 -0.01418749894646951 0.047778624428731889 -0.013806953354242821 0.048646159118343003 0.087310273730676069 0.069709595634615373 0.05072907790714952 0.019945506925014973 0.046205840968034061 -0.033684657101282434 0.097459981370298224 0.028681838766919127 0.14488937647987046 -0.0050542474171912802 -0.021551308420189885 -0.0073964279141445349 0.07877941246856715 0.067004498819818209 -0.060080130369432196 0.042829705243717542 0.078292824908995987 0.010602074262666334 0.080022447028501378 -0.015682613798562818 0.01679394127581578 0.15679568276581929 0.13465734900384596
leaf_weight=11.683612920343874 607.5824123993516 156.55241022631526 72.909645652398467 39.266022376716137 19.385382041335106 23.955111330375075 29.121576182544231 28.288979798555374 13.527924872934816 8.6538220867514664 13.540387187153103 26.479994157329202 313.03842046670616 75.371259864419699 50.030443672090769 20.048408832401037 41.103612501174212 22.354511402547359 17.684081576764584 28.209193587303162 14.39427265152335 8.9179077595472318 7.3928206190466907 16.137953352183104 15.471037842333315 32.931942641735077 112.02596128918231 16.371868515387181 5.4349028598517171 9.0053882542997581
leaf_count=184 24823 749 2013 613 173 568 145 127 83 85 283 293 10924 413 438 158 326 507 348 148 108 125 96 109 151 275 2464 383 139 132
internal_value=-0.00154515 0.0482052 -0.0386583 0.0641615 0.0535853 0.012355 0.0607778 0.0373431 0.0073103 0.0703514 -0.00471795 0.00142749 -0.0439261 0.076954 0.0654037 0.0916742 0.0172147 0.0169595 0.0350368 0.0467445 0.0271442 -0.0055082 0.0601011 0.115189 0.0458664 0.0578336 -0.00608722 0.0174025 0.0516866 0.0932586
internal_weight=1856.87 793.364 1063.51 549.009 392.457 244.354 339.663 98.5142 52.7939 241.149 142.887 184.268 920.621 209.183 133.811 55.5717 70.2252 69.9772 47.6227 78.2396 31.966 17.5717 29.9386 36.1864 60.0866 48.403 157.788 45.7619 21.8068 16.3982
internal_count=47383 8257 39126 3800 3051 4457 2355 598 696 1757 3379 3847 35747 1439 1026 440 471 1366 859 586 318 210 511 267 610 426 3554 1090 522 228
is_linear=0
shrinkage=0.06


Tree=13
num_leaves=31
num_cat=0
split_feature=16 16 14 34 14 42 41 37 41 15 25 7 15 10 36 31 14 17 9 9 34 39 7 1 42 0 36 17 41 42
split_gain=868.065 108.755 47.555 41.7436 24.3035 23.0549 29.6815 20.1799 19.2757 18.2174 22.351 20.1337 22.085 18.1566 17.3179 16.5138 15.9892 14.9781 14.9293 15.6706 14.5516 16.8264 18.4485 14.4552 14.1169 14.0713 13.7745 13.6277 12.3647 18.5773
threshold=95.750000000000014 94.916666666666671 16.964583333333341 168.1541666666667 19.452083333333338 81.750000000000014 9.7000000000000011 10.500000000000002 8.1000000000000014 17.547916666666669 3248.5000000000005 0.60500000000000009 18.352083333333336 78.416666666666671 206.70000000000002 1.5000000000000002 18.668750000000003 95.270833333333357 2.1500000000000008 1.2500000000000002 106.65625000000001 217.32083333333335 0.47500000000000003 1.0000000180025095e-35 84.770833333333343 31.500000000000004 203.00000000000003 96.104166666666671 12.450000000000001 78.541666666666671
decision_type=2 2 2 2 2 2 2 2 2 2 2 2 2 2 2 2 2 2 2 2 2 2 2 2 2 2 2 2 2 2
left_child=1 4 -2 13 28 6 8 -4 16 -9 11 12 14 -3 -11 -15 18 -18 19 -5 -17 22 -22 27 -7 -8 -6 -12 29 -1
right_child=2 3 7 5 26 24 25 9 -10 10 23 -13 -14 15 -16 20 17 -19 -20 -21 21 -23 -24 -25 -26 -27 -28 -29 -30 -31
leaf_value=0.073557265433014676 -0.045726911277688638 -0.0083844661002709271 -0.046003418985312877 0.021193488141138896 0.053622532435758395 -0.020532704447963471 0.071769581354797676 -0.022088355153870018 0.13912764933002417 0.23412669089072621 0.056732993602010076 -0.00082687840621785858 0.017495127457057995 0.077412877282075229 0.083785859133827398 -0.033779211717300722 0.052455778786037847 0.13446293688663449 -0.020434658691436007 0.1275635993619739 0.14448360336726188 0.0065467499709899795 0.027451794860761724 -0.043009899952964697 0.051756708946890016 -0.0028777096515399153 0.083785665095597081 -0.040142400078902046 0.0080068301017906414 0.019087624739959216
leaf_weight=63.80371817573905 747.96180500090122 131.01236109435558 63.88026238232851 11.87543254345656 72.74487129971385 25.544831044971943 12.879720995202659 124.5568747445941 16.135971013456583 4.6137759406119603 14.741044115275146 15.827984711155294 8.7026678174734098 18.091948997229338 6.8587916903197765 17.887454893440008 15.270320348441599 16.881677739322186 11.15031638368964 8.5943766236305219 7.8579510841518667 44.309831921011209 12.663602665066717 26.05377497151494 15.703482683748005 30.904201913625002 217.35751288756728 8.1000155936926586 26.289866514503956 34.854934576898813
leaf_count=447 31101 2700 2122 151 443 272 139 3607 101 105 335 380 171 176 150 387 107 133 149 102 108 577 202 673 132 414 994 253 287 283
internal_value=-0.00108852 0.0452221 -0.0379002 0.022761 0.0666936 0.0458335 0.0587874 -0.0164829 0.0805437 -0.00747957 0.0139535 0.0498301 0.0895718 0.00634504 0.144247 0.0254873 0.0657205 0.0955143 0.0354255 0.0658536 0.0141303 0.0273489 0.0722647 -0.0124639 0.00698831 0.019081 0.0762221 0.0223785 0.0445705 0.0543138
internal_weight=1833.11 811.814 1021.3 396.763 415.051 164.94 123.692 273.335 79.9081 209.455 84.8981 36.0032 20.1752 231.823 11.4726 100.811 63.7721 32.152 31.6201 20.4698 82.7188 64.8314 20.5216 48.8948 41.2483 43.7839 290.102 22.8411 124.949 98.6587
internal_count=47201 8304 38897 5850 2454 1700 1296 7796 743 5674 2067 806 426 4150 255 1450 642 240 402 253 1274 887 310 1261 404 553 1437 588 1017 730
is_linear=0
shrinkage=0.06


Tree=14
num_leaves=31
num_cat=0
split_feature=16 13 13 32 14 38 38 42 9 2 25 41 15 40 41 25 34 25 7 3 38 2 32 41 31 15 38 2 7 41
split_gain=784.004 93.1405 47.4621 39.9695 56.1412 26.1185 22.1381 20.7322 20.5607 20.8395 32.0162 19.518 17.1198 14.7356 14.3331 14.2812 13.5143 13.4815 13.2539 12.7396 15.4369 12.7306 12.632 15.9106 13.0705 14.3491 12.4649 12.3582 12.1821 11.7355
threshold=95.750000000000014 18.441666666666674 17.475000000000005 166.15000000000001 20.556250000000002 -40.556249999999984 28.568750000000019 78.062500000000014 1.3500000000000003 23.450000000000003 1948.5000000000002 12.050000000000002 17.450694444444448 7.0500000000000007 5.5500000000000007 3110.5000000000005 179.21875000000003 2742.5000000000005 0.53500000000000014 1.0000000180025095e-35 18.570833333333336 26.950000000000003 117.55000000000001 8.1000000000000014 12.500000000000002 17.450694444444448 1.1645833333333118 22.200000000000006 0.56500000000000006 9.7000000000000011
decision_type=2 2 2 2 2 2 2 2 2 2 2 2 2 2 2 2 2 2 2 2 2 2 2 2 2 2 2 2 2 2
left_child=1 6 -2 4 5 -3 15 11 18 17 -11 27 -5 -14 -6 -1 21 26 -7 20 -15 -12 -4 24 25 -24 -10 -8 -29 -22
right_child=2 3 22 12 14 8 7 -9 9 10 16 -13 13 19 -16 -17 -18 -19 -20 -21 29 -23 23 -25 -26 -27 -28 28 -30 -31
leaf_value=0.01337136409575723 -0.045207204481342148 -0.029347518833610642 -0.027609253607034069 0.028177692209320777 0.1056681265083749 0.03384478436170759 0.029254928096514789 -0.02918657468982554 0.0045307595320573397 0.084256575411125023 -0.042601940666727546 -0.01471309914179357 0.050135344280415044 0.042128331947053108 0.061398765074090776 -0.025559037312377294 0.05192730606485943 0.092864346660959676 -0.015618305154304121 0.11783304760598143 0.10853513442578941 0.016157697540827 -0.039573699308862502 0.027388446526470645 -0.038858788099920709 0.071367725018905467 0.079743736642942153 0.15033072211294377 0.06326859048989128 0.057037865595824827
leaf_weight=62.234931187704206 773.52672833576798 27.22619990631938 105.99274011515081 26.36833880469203 38.493855819106102 36.242808554321527 13.523408073931931 13.951401853933929 16.717721674591306 25.404294162988663 23.127191018313169 11.434259716421364 45.995367150753736 30.476111240684986 83.315058816224337 74.56733819283545 17.369768641889095 38.952807102352381 42.221412986516953 40.195941507816315 52.03570382297039 31.154824776574969 7.3303137551993158 47.554183864966035 39.188551699742675 9.818884050473569 15.094765186309813 10.259517077356579 13.268776303157209 22.959834881126881
leaf_count=1211 32990 358 3432 186 162 349 145 173 151 175 289 199 269 178 409 1817 131 394 433 196 231 346 194 1143 1005 163 108 102 156 108
internal_value=-0.00230602 0.0413042 -0.0383411 0.0528818 0.0415069 0.0264176 0.0056631 0.0352676 0.0325823 0.0444363 0.0263824 0.0538137 0.0735059 0.079742 0.0753887 -0.00784858 0.00586297 0.0691975 0.00722881 0.0890905 0.0781365 -0.00887721 -0.0130362 0.00183151 -0.0197409 0.0239465 0.0402187 0.0749613 0.101232 0.0927693
internal_weight=1796 812.592 983.411 613.352 395.321 273.512 199.24 62.4374 246.286 167.821 97.0561 48.486 218.031 191.663 121.809 136.802 71.6518 70.7653 78.4642 145.668 105.472 54.282 209.885 103.892 56.3377 17.1492 31.8125 37.0517 23.5283 74.9955
internal_count=47203 8276 38927 4473 3305 2734 3803 775 2376 1594 941 602 1168 982 571 3028 766 653 782 713 517 635 5937 2505 1362 357 259 403 258 339
is_linear=0
shrinkage=0.06


Tree=15
num_leaves=31
num_cat=0
split_feature=13 31 14 32 35 32 29 14 19 33 0 35 41 31 6 32 5 7 4 5 21 35 14 12 32 15 13 22 29 21
split_gain=661.984 82.7853 58.0033 39.3724 26.1333 23.6657 21.6876 21.5867 20.3796 18.8284 16.1782 18.7818 17.9232 22.0112 15.5694 14.4977 17.7853 13.4809 16.2492 13.3299 13.2974 13.4575 13.1003 17.6653 12.0949 19.3271 10.8502 10.6926 10.4 10.3153
threshold=17.941666666666674 4.5000000000000009 16.510416666666671 151.75000000000003 155.95555555555558 125.15000000000002 5.5000000000000009 19.877083333333335 93.500000000000014 85.550000000000011 52.500000000000007 102.22916666666667 10.15 63.500000000000007 2.5000000000000004 230.25000000000003 76.500000000000014 0.30500000000000005 1.0000000180025095e-35 71.500000000000014 0.47157955161387216 111.59583333333335 16.964583333333341 79.187500000000014 249.75000000000003 16.814583333333339 20.991666666666671 -0.22260038602642132 6.5000000000000009 1.3197173012082788
decision_type=2 2 2 2 2 2 2 2 2 2 2 2 2 2 2 2 2 2 2 2 2 2 2 2 2 2 2 2 2 2
left_child=2 5 -1 7 29 8 -6 9 -2 -3 17 -12 27 22 15 16 -7 18 -4 28 21 -11 -14 -24 -19 -26 -10 -13 -16 -5
right_child=1 3 10 4 6 14 -8 -9 26 20 11 12 13 -15 19 -17 -18 24 -20 -21 -22 -23 23 -25 25 -27 -28 -29 -30 -31
leaf_value=-0.048498473617956464 0.069723053783892902 -0.041378471285202036 -0.02752859759148758 0.090368164658093622 0.0065914633345549858 0.057637116838905073 0.094740888775164081 0.045705247564498994 0.0092078130194095196 -0.00297710710135654 -0.06222177339091739 -0.038199065866409254 0.12177977338668981 0.20843263757864672 0.040638456216510271 0.08197001710428771 0.0099302048467749468 -0.027798934695615118 0.12659153112498073 0.10599461740505332 -0.0022543859274572757 0.099324578341649039 -0.054563322874175112 0.10010902806153413 -0.055076490693073507 0.071597078024647806 0.05719085789744293 0.070265523490392931 0.086874235981720477 0.040567768767856914
leaf_weight=569.02621797844768 41.837191224098206 41.560092378407717 5.1416090950369817 38.069778598845005 69.825246926397085 94.001639004796743 11.736812129616736 34.952696230262518 77.106154274195433 8.6790873203426617 9.0817998740822059 12.893874347209932 5.230626540258533 3.5432920008897772 33.454663474112749 47.374018646776676 40.146841803565621 300.16448209621012 4.726722439751029 47.514325676485896 147.22802291251719 9.9202811866998655 6.7185764182358962 4.3986247777938843 7.0813871137797859 11.184676708653567 21.751252699643373 4.3846166897565118 36.755247093737125 24.680484374985099
leaf_count=26348 223 1079 156 334 834 508 66 247 895 195 303 347 198 110 180 227 327 10108 137 254 2857 162 175 110 183 133 112 105 160 203
internal_value=-0.00208732 0.0371148 -0.0364293 0.0168605 0.0416717 0.0549159 0.0192762 0.00208554 0.0346209 -0.00526605 -0.0180935 0.0151291 0.0340286 0.0728605 0.0644578 0.0534363 0.0433598 -0.0227739 0.0462917 0.0814522 0.00378454 0.0515872 0.043476 0.00663424 -0.0249143 0.0224883 0.0197654 -0.0106749 0.0648431 0.070781
internal_weight=1770.17 826.594 943.577 386.653 144.312 439.941 81.5621 242.34 140.695 207.387 374.55 46.2514 37.1696 19.8911 299.247 181.522 134.148 328.299 9.86833 117.724 165.827 18.5994 16.3478 11.1172 318.431 18.2661 98.8574 17.2785 70.2099 62.7503
internal_count=47276 8863 38413 5977 1437 2886 900 4540 1230 4293 12065 1348 1045 593 1656 1062 835 10717 293 594 3214 357 483 285 10424 316 1007 452 340 537
is_linear=0
shrinkage=0.06


Tree=16
num_leaves=31
num_cat=0
split_feature=17 38 13 37 22 17 30 5 27 7 13 42 26 42 18 38 38 30 7 27 11 34 35 30 21 42 23 5 22 31
split_gain=690.953 85.1143 61.6348 38.4784 44.5452 35.7859 28.0603 21.3783 19.2169 18.9324 18.1783 19.2372 17.732 16.9056 19.5892 15.6509 15.0825 19.6186 14.6369 17.7837 13.9818 16.4521 19.5483 13.5854 12.8543 12.6957 13.6008 12.1328 18.3641 15.9033
threshold=95.562500000000014 62.389583333333334 20.333333333333336 9.5000000000000018 -0.73672735516063159 96.020833333333357 25.500000000000004 56.500000000000007 8.5000000000000018 0.30500000000000005 16.958333333333339 65.104166666666671 0.92463000872504308 82.687500000000014 96.4791666666667 -42.689583333333324 -40.556249999999984 33.500000000000007 0.57500000000000007 11.500000000000002 83.437500000000014 180.33750000000001 149.21180555555557 12.500000000000002 0.82959552889112953 69.125000000000014 0.46666666666666595 71.500000000000014 -0.11565610506148254 2.5000000000000004
decision_type=2 2 2 2 2 2 2 2 2 2 2 2 2 2 2 2 2 2 2 2 2 2 2 2 2 2 2 2 2 2
left_child=2 5 3 -1 16 9 7 8 -6 12 -3 -12 -2 14 -13 -4 -5 18 19 -18 21 22 -9 -21 -7 -20 -27 -11 29 -29
right_child=1 10 15 4 6 24 -8 20 -10 27 11 13 -14 -15 -16 -17 17 -19 25 23 -22 -23 -24 -25 -26 26 -28 28 -30 -31
leaf_value=-0.010795216785079017 -0.0062200891025346082 -0.029253976549036134 0.025005617395199041 -0.013366065607381468 -0.031675666413818068 -0.046546179618232972 0.15606945299381619 0.062892880868823414 0.059053333414941664 -0.038257585178047629 -0.033944618146866327 0.1060180124808431 0.1350058777276904 0.005173019041467968 0.010216021459719492 0.075933520871578716 0.016793131254514423 0.081299742128821129 -0.045406009971011942 0.097758859829626066 0.13405876910552417 0.10570077271777027 -0.023164087069244773 0.033191506512461902 -0.027561969365815266 -0.010923180467172354 0.038926081516428089 0.056233670167118353 0.10611262768205516 -0.019982622032877512
leaf_weight=63.843421766534448 7.1736372150480729 16.333812026306987 24.312404327094555 33.550268294289708 15.856648311018942 622.93633460812271 11.349014632403849 56.635023565962911 17.881393242627382 67.269721493124962 10.182478429749606 26.541922360658646 5.7789563480764627 16.377698941156268 10.81441120430827 204.01302013546228 58.035076439380646 23.774275921285152 14.418523985892532 24.196464598178864 11.405280478298662 24.607321992516518 11.418377703055738 22.772228479385376 161.7375244628638 36.749079611152411 42.48047012835741 11.132338272407649 5.0499258395284405 85.952938059344888
leaf_count=1292 158 627 126 370 220 29227 60 597 166 1941 201 198 124 247 223 952 500 127 151 166 96 139 161 140 5944 419 337 187 88 2138
internal_value=-0.00133033 -0.0321415 0.0449453 0.0324985 0.039321 -0.0370689 0.0653849 0.0579164 0.0164113 -0.0131264 0.0272355 0.0416713 0.0567896 0.0560003 0.078284 0.0705106 0.0241341 0.0297905 0.023626 0.0390067 0.0713723 0.0636565 0.0484538 0.0664541 -0.0426331 0.0063802 0.0158045 -0.0184721 -0.00544075 -0.0112432
internal_weight=1744.58 1047.28 697.298 468.973 405.129 967.031 149.153 137.804 33.738 182.358 80.2503 63.9165 12.9526 53.734 37.3563 228.325 255.976 222.426 198.652 105.004 104.066 92.6607 68.0534 46.9687 784.674 93.6481 79.2295 169.405 102.135 97.0853
internal_count=47322 41303 6019 4941 3649 39807 1439 1379 386 4636 1496 869 282 668 421 1078 2210 1840 1713 806 993 897 758 306 35171 907 756 4354 2413 2325
is_linear=0
shrinkage=0.06


Tree=17
num_leaves=31
num_cat=0
split_feature=16 13 17 16 38 38 38 32 32 4 22 6 0 13 3 25 6 10 0 22 27 22 10 5 29 33 26 30 42 41
split_gain=567.56 82.868 48.7473 37.0118 36.6386 32.5583 27.0826 19.6745 19.4201 19.1549 19.4406 18.2406 17.2007 14.2868 14.1637 13.6197 14.5607 14.3407 13.5307 12.506 12.2687 13.6184 13.0345 12.2124 11.7128 11.4779 10.9312 9.37593 9.36213 13.1279
threshold=95.750000000000014 18.75833333333334 96.604166666666671 94.083333333333357 56.945833333333347 62.389583333333334 43.645833333333336 88.450000000000017 92.90000000000002 1.0000000180025095e-35 -0.56914560585155261 2.5000000000000004 26.500000000000004 17.308333333333337 1.0000000180025095e-35 1948.5000000000002 4.5000000000000009 72.416666666666671 46.500000000000007 -0.53471469394632709 9.5000000000000018 -0.91953820376387785 81.416666666666671 70.500000000000014 7.5000000000000009 227.40833333333336 0.59443551510254478 18.500000000000004 80.479166666666671 12.600000000000001
decision_type=2 2 2 2 2 2 2 2 2 2 2 2 2 2 2 2 2 2 2 2 2 2 2 2 2 2 2 2 2 2
left_child=1 6 5 -3 7 8 15 23 -2 10 14 20 -13 -8 -9 -1 -17 -18 -7 -15 21 -11 -23 -5 -25 -21 -16 -22 29 -10
right_child=2 3 -4 4 -6 18 13 9 28 11 -12 12 -14 19 26 16 17 -19 -20 25 27 22 -24 24 -26 -27 -28 -29 -30 -31
leaf_value=0.042072436451871628 -0.043939913349024237 0.081705419535809953 -0.047788456660533371 -0.015869804391417906 0.077452329591952737 0.02137006923913715 -0.015942483771811761 -0.019479977492075529 0.0030989094459342396 -0.026482136384018955 0.076565433513433048 0.11153452885907851 0.053114678913338854 0.022940340735082991 0.069407056540937331 -0.019240473066247345 -0.014294760767199544 0.087121124427995425 0.12539909575136846 0.039508072898953472 0.029529545618201244 -0.0039151810947451434 0.079172060815514145 -0.0044362564912872639 0.070787025566008729 0.1183837334947801 0.00087388102090916564 0.067349439149094428 -0.036506906264816785 -0.032202550934143363
leaf_weight=18.147648302838206 121.88684482872486 87.843096546828747 507.6738140694797 43.904682211577892 76.904316883534193 24.788611950352792 14.678436225280164 43.87674480676651 123.33399718441069 21.668327685445547 15.516414664685724 23.570323273539543 78.807291932404041 28.308192610740658 15.439303509891031 146.36988213658333 10.278069643303754 9.8108476381748897 5.4996713846921912 12.861365919932728 54.41801318153739 13.709310065954925 13.481317920610307 14.626430146396162 15.191204085946081 13.734051195904611 18.320971716195345 41.666510634124279 52.878853790462017 54.763080973178148
leaf_count=258 4864 390 25472 505 349 449 236 353 4226 162 102 123 449 236 83 3144 186 181 101 129 375 120 110 242 101 93 138 218 1723 2160
internal_value=-0.00230197 0.0332966 -0.0355951 0.0458352 0.0394191 -0.019439 0.00473863 0.0323574 -0.0245632 0.0384423 0.0152534 0.0471764 0.0665646 0.0366388 0.00299972 -0.00728523 -0.0126663 0.0352338 0.0402594 0.0506964 0.033482 0.00900236 0.0372801 0.00425509 0.0338878 0.08024 0.0322156 0.0459299 -0.0143381 -0.00775594
internal_weight=1723.96 833.133 890.825 578.944 491.101 383.151 254.188 414.197 352.863 340.475 93.1534 247.321 102.378 69.582 77.637 184.606 166.459 20.0889 30.2883 54.9036 144.943 48.859 27.1906 73.7223 29.8176 26.5954 33.7603 96.0845 230.976 178.097
internal_count=47278 8283 38995 3820 3430 13523 4463 3081 12973 2233 676 1557 572 694 574 3769 3511 367 550 458 985 392 230 848 343 222 221 593 8109 6386
is_linear=0
shrinkage=0.06


Tree=18
num_leaves=31
num_cat=0
split_feature=14 13 38 14 21 25 38 14 24 17 23 21 29 31 38 36 6 36 25 9 20 13 34 41 12 41 13 7 22 27
split_gain=504.76 89.9005 37.5923 31.9147 25.6434 23.8982 23.443 39.5985 19.6686 16.4436 15.4571 14.984 12.0554 11.9 11.1842 17.7699 13.9169 11.3605 11.0552 17.5235 17.4169 20.3215 11.6918 10.4114 10.347 10.3414 10.1878 10.0881 38.6631 9.90761
threshold=17.464583333333341 19.358333333333338 33.52291666666666 16.510416666666671 0.82959552889112953 3179.5000000000005 18.570833333333336 19.877083333333335 1.0000000180025095e-35 95.479166666666671 -0.69166666666667076 1.4010237994715633 8.5000000000000018 3.5000000000000004 33.52291666666666 254.35000000000005 1.0000000180025095e-35 242.50000000000003 1948.5000000000002 0.35000000000000003 1.4719295572980686 18.441666666666674 120.1375 8.1000000000000014 82.909722222222243 5.5500000000000007 20.991666666666671 0.88500000000000012 -0.2578535914903099 14.500000000000002
decision_type=2 2 2 2 2 2 2 2 2 2 2 2 2 2 2 2 2 2 2 2 2 2 2 2 2 2 2 2 2 2
left_child=3 2 5 -1 23 10 7 11 -6 -5 12 -3 -2 -8 27 16 -16 -18 22 -20 21 -21 -12 -4 -13 29 -27 -11 -29 -9
right_child=1 6 4 9 8 -7 13 25 -10 14 18 24 -14 -15 15 -17 17 -19 19 20 -22 -23 -24 -25 -26 26 -28 28 -30 -31
leaf_value=-0.045934111698431139 -0.031369700011027679 0.052608407864512888 0.04864969316150735 0.056232883131071991 0.076794124790825979 -0.019505133096930746 0.078657523718926411 0.051956138718722684 0.0062199547217318685 -0.033610796113301464 -0.012395827311854827 -0.011904787348937256 0.056626073143368955 0.045224514076879087 0.12001489743820264 -0.029347259256974415 -0.017253907366535131 0.075261624769539945 0.11242103606962352 0.012111904537894255 -0.0026233115918332154 0.15895261491997426 0.077505894592497057 0.11444175586938901 0.043181587826856722 0.028347324064876465 0.061790157255897663 -0.035847676459646573 0.21946323276234742 0.097638072408329904
leaf_weight=503.15311138890684 36.233917132019997 22.110169358551502 17.445774722844362 9.728965310379861 17.79356642998755 144.75063054822385 98.2777502797544 39.02076805010438 70.710377117618918 186.06676030345261 6.8025663606822517 73.08709922991693 6.6304154992103568 62.828487111255527 5.5720021408051279 34.703620260581374 14.324016656726601 7.1700770743191233 6.1726397778838864 8.7212961707264167 81.273595292121172 5.5532467886805525 22.213074952363968 17.191763648763299 14.753010192885993 72.952011775225401 59.570431604981422 9.2497396152466518 2.77619102038443 30.412742480635643
leaf_count=26505 747 197 143 190 147 3662 444 176 766 7532 140 747 57 367 172 973 424 161 72 226 1478 92 302 116 114 424 261 363 122 134
internal_value=-0.00130773 0.028859 0.00938691 -0.0370086 0.0375377 -0.00150208 0.0470336 0.0374338 0.0204088 -0.0203505 0.0135091 0.00845976 -0.0177582 0.0656193 -0.0232177 -0.000926773 0.0355134 0.0136078 0.0237607 0.0144421 0.00811244 0.0692376 0.0564289 0.0813045 -0.00265287 0.053208 0.0433803 -0.0301685 0.023091 0.0719654
internal_weight=1687.25 914.505 441.493 772.744 123.141 318.351 473.012 311.906 88.5039 269.591 173.601 109.95 42.8643 161.106 259.862 61.7697 27.0661 21.4941 130.736 101.721 95.5481 14.2745 29.0156 34.6375 87.8401 201.956 132.522 198.093 12.0259 69.4335
internal_count=47254 10812 7948 36442 1172 6776 2864 2053 913 9937 3114 1058 804 811 9747 1730 757 585 2310 1868 1796 318 442 259 861 995 685 8017 485 310
is_linear=0
shrinkage=0.06


Tree=19
num_leaves=31
num_cat=0
split_feature=16 16 14 41 7 0 32 25 2 38 36 25 38 35 41 5 18 25 24 24 5 30 41 18 30 33 41 41 33 21
split_gain=453.596 70.9831 34.5387 26.3154 30.8906 22.1846 21.258 21.6832 19.9617 19.1217 21.2658 16.5492 14.2356 14.1881 13.789 13.1556 13.518 16.2254 17.3407 12.7356 12.6283 12.7353 13.3549 11.766 12.8821 19.0723 10.8605 10.5948 10.4224 10.2348
threshold=95.916666666666671 94.750000000000014 16.510416666666671 13.800000000000002 0.57500000000000007 33.500000000000007 194.00000000000003 2485.5000000000005 23.800000000000001 29.660416666666652 187.55000000000004 3451.5000000000005 -40.556249999999984 271.78194444444449 5.9000000000000012 56.500000000000007 95.812500000000014 2901.5000000000005 1360.5000000000002 743.50000000000011 67.500000000000014 5.5000000000000009 6.0500000000000007 94.9513888888889 3.5000000000000004 209.07500000000002 10.550000000000002 5.3000000000000016 200.36666666666667 1.7044057326648263
decision_type=2 2 2 2 2 2 2 2 2 2 2 2 2 2 2 2 2 2 2 2 2 2 2 2 2 2 2 2 2 2
left_child=1 11 -2 4 6 -6 7 20 15 -4 -11 12 -1 23 -8 -9 17 -17 19 -19 -3 26 -23 -7 27 -26 -22 -25 -10 -29
right_child=2 3 9 -5 5 13 14 8 28 10 -12 -13 -14 -15 -16 16 -18 18 -20 -21 21 22 -24 24 25 -27 -28 29 -30 -31
leaf_value=0.021764313527235631 -0.045367505260914417 0.0017952826090164083 -0.027423918441832829 -0.031022199068390797 -0.031012093098812268 -0.020043290853312381 0.026891632070727509 -0.045446863811407341 -0.026652435093995352 0.12280890945445985 -0.0010764729219783957 0.0064006962088919046 0.059029397936039146 -0.054947117133898681 0.085050105497549433 0.002759908465284797 -0.015131772790234274 0.065026208292970816 0.017226315401094653 0.16003868191541848 0.05309680238261847 0.079747321464280888 0.019584654035017999 -0.044435585614758168 0.023337405708852024 0.098288095044418544 0.15136799598845083 0.029722414232011586 0.044990375541431565 -0.021497373143915369
leaf_weight=42.980167184025049 468.32321560382843 18.866067450493574 232.09031445346773 41.999819191172719 54.838231313973665 26.677567064762115 23.76263839751482 7.3060396090149871 54.334455592557788 5.4273564517498007 61.646805806085467 29.103886276483536 261.04074124619365 10.587660677731035 38.379488915205002 14.420184334740041 12.533482929691671 10.224374059587722 10.489417070522903 10.091618916019796 7.8539335671812323 21.934536134824157 33.675223648548126 11.789605405181645 43.107974261045456 17.059128349646926 8.3557771574705821 55.599806897342205 8.4464755561202747 18.791158303618431
leaf_count=240 25979 204 9216 1042 984 305 248 143 981 143 1755 214 1334 110 299 172 267 188 147 104 91 148 294 277 647 126 115 1093 80 258
internal_value=-0.00135696 0.027684 -0.0351945 0.0146591 0.018355 0.00247574 0.0318455 0.0230401 0.00712238 -0.0192692 0.00894781 0.0496234 0.0537611 0.0124773 0.0628108 0.0304111 0.0400065 0.0552871 0.0798754 0.112222 0.0454805 0.0569561 0.043315 0.0166031 0.0232833 0.0445881 0.103754 0.00840934 -0.0170137 0.0167843
internal_weight=1661.74 894.249 767.488 561.125 519.125 238.451 280.674 218.532 127.846 299.164 67.0742 333.125 304.021 183.613 62.1421 65.0651 57.7591 45.2256 30.8054 20.316 90.6855 71.8195 55.6098 173.025 146.348 60.1671 16.2097 86.1806 62.7809 74.391
internal_count=47204 10111 37093 8323 7281 3800 3481 2934 2082 11114 1898 1788 1574 2816 547 1021 878 611 439 292 852 648 442 2706 2401 773 206 1628 1061 1351
is_linear=0
shrinkage=0.06


Tree=20
num_leaves=31
num_cat=0
split_feature=17 13 32 26 7 38 32 38 15 31 20 3 40 32 36 13 20 32 12 9 9 40 36 32 29 20 14 26 5 23
split_gain=419.553 63.9 37.6609 31.7196 29.9735 17.9931 17.9383 16.3728 18.762 13.9439 15.712 14.6541 13.6297 16.6958 16.043 12.7513 12.3429 12.1719 12.0066 13.607 11.4897 10.7755 14.5308 26.7221 20.5334 10.9468 10.5092 11.046 10.1852 9.96539
threshold=95.979166666666671 20.333333333333336 133.30000000000004 0.88789668903407326 0.57500000000000007 62.389583333333334 75.700000000000017 43.645833333333336 17.777083333333337 21.500000000000004 2.8453212956341578 1.5000000000000002 15.100000000000001 230.25000000000003 248.95000000000002 18.75833333333334 -0.6458295238254691 67.800000000000026 82.909722222222243 1.7500000000000002 0.55000000000000016 20.950000000000003 197.20000000000002 95.500000000000014 3.5000000000000004 0.46948308505697162 19.877083333333335 0.65965290795836629 75.500000000000014 0.7291666666666653
decision_type=2 2 2 2 2 2 2 2 2 2 2 2 2 2 2 2 2 2 2 2 2 2 2 2 2 2 2 2 2 2
left_child=1 2 17 5 9 16 -3 -6 28 11 15 12 13 26 -14 -11 -2 -1 20 -20 -19 -22 23 25 -24 -23 27 -4 -9 -18
right_child=3 6 4 -5 7 -7 -8 8 -10 10 -12 -13 14 -15 -16 -17 29 18 19 -21 21 22 24 -25 -26 -27 -28 -29 -30 -31
leaf_value=-0.039170467255017785 0.098826825934922022 -0.00019228339756133296 -0.038673211895348746 -0.042760452531144626 -0.0031082543444043214 0.029258850261869342 0.05784241660198703 -0.012304136917344924 0.072069579210704934 0.0074845933476989038 -0.045558878944159151 0.095468903717707568 0.12079021402146514 0.071256563476830542 0.039110995273076016 0.080282002900869676 -0.031666104590530389 0.045942811092980276 -0.009776438474550184 0.065433735431571591 -0.016764320244528268 0.090988068357323731 -0.041930582610724305 0.13830764297999101 0.065448745750344331 -0.013418875632606264 0.051040856217908666 0.021365921761267032 0.051169428831335177 -0.00015591511930546992
leaf_weight=26.836561515927315 2.9905327986925831 21.005231518298388 14.863643189892171 512.45206573978066 118.36204888112843 27.949891589581966 219.91620147973299 28.151822678744793 27.527141455560923 23.983958750963211 11.814846908673642 23.054689787328243 16.18340308777988 32.015743687748909 18.61408231779933 13.559325121343134 148.39567719586194 16.366330947726965 14.437403678894041 21.639987608417869 123.27980129979551 4.6290128827095094 24.156014978885651 7.9811219200491896 8.7271081041544658 16.50667966902256 27.363144561648369 42.789433587342501 13.448701409623025 47.761464644223452
leaf_count=704 140 128 142 28096 1665 580 1028 243 145 404 181 143 130 174 122 83 6451 317 202 276 2492 119 441 110 77 379 129 436 97 1699
internal_value=-0.000863144 0.026249 0.0167967 -0.0344884 0.0281464 -0.0158224 0.0527825 0.0104419 0.0336428 0.0429491 0.014786 0.0508977 0.0441297 0.0343272 0.0770979 0.0337765 -0.0221495 -0.000866768 0.00345733 0.0353362 -0.00224626 -0.00650295 0.0139006 0.0447691 -0.0134323 0.00944771 0.0204202 0.00588712 0.00821573 -0.0239938
internal_weight=1656.76 917.213 676.292 739.55 411.732 227.098 240.921 187.49 69.1277 224.242 49.3581 174.884 151.829 117.032 34.7975 37.5433 199.148 264.56 237.723 36.0774 201.646 185.28 61.9999 29.1168 32.8831 21.1357 85.0162 57.6531 41.6005 196.157
internal_count=47333 10367 9211 36966 4094 8870 1156 2150 485 1944 668 1276 1133 881 252 487 8290 5117 4413 478 3935 3618 1126 608 518 498 707 578 340 8150
is_linear=0
shrinkage=0.06


Tree=21
num_leaves=31
num_cat=0
split_feature=16 31 38 14 38 14 15 9 0 41 0 42 41 11 27 5 42 42 38 35 6 38 16 9 22 2 7 31 2 2
split_gain=372.596 45.919 37.7976 24.3322 22.5168 26.8376 16.0384 15.792 14.7668 14.7533 13.9217 12.8342 12.6589 13.2253 13.2855 12.8082 11.712 14.5962 18.5782 11.0465 10.1442 12.6725 11.3002 10.1194 9.81947 11.9514 21.6139 22.9702 9.05687 8.6422
threshold=95.750000000000014 6.5000000000000009 62.389583333333334 16.106250000000006 53.939583333333331 20.556250000000002 17.777083333333337 0.95000000000000007 27.500000000000004 5.5500000000000007 47.500000000000007 89.395833333333343 12.900000000000002 76.520833333333357 15.500000000000002 68.500000000000014 81.750000000000014 65.104166666666671 56.945833333333347 149.21180555555557 4.5000000000000009 -10.72083333333333 94.583333333333357 1.9500000000000002 -0.64496355104012781 17.750000000000004 0.89500000000000013 71.500000000000014 23.550000000000004 28.200000000000006
decision_type=2 2 2 2 2 2 2 2 2 2 2 2 2 2 2 2 2 2 2 2 2 2 2 2 2 2 2 2 2 2
left_child=1 4 3 -2 5 7 10 29 -9 -7 -4 16 13 15 19 -10 17 -3 20 -15 22 -22 -19 -21 -5 26 27 -26 -25 -1
right_child=2 11 6 24 -6 9 -8 8 12 -11 -12 -13 -14 14 -16 -17 -18 18 -20 23 21 -23 -24 28 25 -27 -28 -29 -30 -31
leaf_value=-0.016944083114261519 -0.046704110206766354 -0.02841211728903744 -0.0053783994276043866 -0.0065581978672453927 0.065619024025113368 0.0808366332993746 0.129408800913833 0.058721195913017082 -0.040962384134057686 0.039482436349893395 0.087429893854918644 0.072436581569027644 -0.017899165382112437 0.051276176491667026 0.083157616218797289 0.023890587388523513 -0.022593900094951585 0.061410232895069049 0.067745991052398383 -0.020096845019487716 0.10597121990709579 0.015647269105649054 0.00028890157847950051 -0.0004925580300145665 -0.039123261692801739 -0.032272556963261735 0.18404553631494691 0.16285070594614068 0.051071120984897835 0.039723502934901969
leaf_weight=48.263472530990839 326.8923654910177 30.490587709471583 36.262003790587187 84.654577625915408 82.750841096043587 47.479987010359764 4.4284201674163333 47.536731904372573 17.547217873856425 89.783703651279211 6.9307369869202367 10.602213516831396 25.537980107590556 48.245255023241043 18.931780721992254 29.216908069327474 45.876978319138288 11.709984268993137 22.337014101445675 21.678961809724569 8.3247152268886584 17.033946303650737 155.3876247368753 21.458959799259901 13.159971071407201 307.85661013238132 2.4403915405273429 2.396204436197876 28.615364894270897 12.121901024132965
leaf_count=410 19910 554 1039 2773 403 216 33 344 160 422 167 114 273 380 104 289 630 86 143 182 133 223 2853 123 567 14216 92 97 170 92
internal_value=-0.0014173 0.0263336 -0.0311447 -0.0344904 0.0368227 0.0316017 0.0206631 0.0220602 0.0285075 0.053787 0.00951368 0.00759241 0.0217081 0.0271551 0.0364451 -0.000444075 0.0052312 0.0104355 0.01595 0.0290754 0.00993846 0.0452987 0.00457221 0.0141481 -0.0247644 -0.0294943 0.0180315 -0.00801209 0.0289739 -0.0055685
internal_weight=1625.95 840.932 785.021 737.4 539.169 456.418 47.6212 319.155 258.769 137.264 43.1927 301.763 211.232 185.694 138.93 46.7641 291.161 245.284 214.793 119.999 192.456 25.3587 167.098 71.7533 410.508 325.853 17.9966 15.5562 50.0743 60.3854
internal_count=47198 8304 38894 37655 3568 3165 1239 2527 2025 638 1206 4736 1681 1408 959 449 4622 3992 3438 855 3295 356 2939 475 17745 14972 756 664 293 502
is_linear=0
shrinkage=0.06


Tree=22
num_leaves=31
num_cat=0
split_feature=14 16 32 32 26 30 6 7 17 2 36 42 0 25 36 36 26 25 37 30 32 29 43 37 2 2 42 42 21 24
split_gain=352.024 55.0452 40.7175 25.5396 22.6558 24.6542 21.9335 27.2992 21.5634 18.6569 17.5188 16.1173 15.8443 15.436 12.8444 12.7288 11.4551 16.2144 10.9736 12.4132 10.6329 10.4086 9.77697 13.3062 9.77089 9.17408 8.86696 9.51475 11.194 10.7525
threshold=17.197916666666671 94.583333333333357 237.35000000000002 88.450000000000017 0.75211962008208466 4.5000000000000009 2.5000000000000004 0.66500000000000015 95.812500000000014 17.150000000000002 165.45000000000002 65.479166666666671 35.500000000000007 3386.5000000000005 225.45000000000002 197.20000000000002 0.93042570408341685 3797.5000000000005 17.500000000000004 3.5000000000000004 133.30000000000004 7.5000000000000009 9.0000000000000018 12.500000000000002 18.500000000000004 28.550000000000004 65.104166666666671 74.729166666666686 1.8399918715476016 965.50000000000011
decision_type=2 2 2 2 2 2 2 2 2 2 2 2 2 2 2 2 2 2 2 2 2 2 2 2 2 2 2 2 2 2
left_child=8 13 3 21 5 -4 9 10 16 -5 -8 -12 18 14 25 -14 -1 -18 19 -13 -17 -3 -11 -24 -25 -2 -26 28 -28 -29
right_child=1 2 4 6 -6 -7 7 -9 -10 22 11 12 15 -15 -16 20 17 -19 -20 -21 -22 -23 23 24 26 -27 27 29 -30 -31
leaf_value=-0.019544407347060984 0.040084698859461289 -0.027794327108682002 -0.011340167816784125 0.068654747391343737 0.085682975556544291 0.077267664092197305 -0.015150764006844 -0.022598100324939002 -0.04050600342408988 -0.010596512815794493 0.10661487699563815 -0.020900630359484102 0.065655830010530519 -0.0057667650322044536 0.058481746663357058 -0.031409744659123079 0.17114412447688743 0.0091210995753419309 0.090723502428413136 0.06533214255384566 0.024938401412632878 0.016171721853703538 0.074635445116818258 -0.051812819464539896 -0.03266975082202847 -0.0077869576937698842 0.084518470853990918 0.034280046108625041 0.0091672633365467819 -0.0060591847286527488
leaf_weight=10.902188317850234 60.991817679256201 94.427216259762645 29.030347775667906 14.949658246710895 37.188566593453288 18.513633985072374 19.287335744127631 31.606243353337049 583.37966376449913 159.94807038269937 14.126004992052911 9.0125868413597363 17.132918246090412 20.736225042492151 152.30762675404549 17.978966273367405 3.5886762440204603 5.8454172797501087 26.894040068611503 18.035762863233685 36.593990840017796 24.392031276598573 10.727604512125252 9.9980985131114704 16.192823486402631 18.870209105312824 13.604056537151338 34.341469049453735 14.839676417410372 77.405433157458901
leaf_count=304 332 2675 253 165 301 92 381 603 33471 3246 131 171 211 138 712 197 98 172 206 150 308 189 171 154 204 114 239 291 186 1274
internal_value=-0.00221571 0.0196416 0.0114429 0.00642676 0.050603 0.0231637 0.0119433 0.0283331 -0.0383888 0.00306566 0.0384533 0.0458501 0.0390186 0.0438326 0.0482626 0.0205389 0.0223453 0.0707537 0.0635839 0.0365991 0.0063746 -0.0187687 0.000156559 0.0098677 0.00569175 0.0287733 0.0093682 0.0142238 0.0452062 0.00633766
internal_weight=1602.85 999.132 746.227 661.494 84.7325 47.544 542.675 190.668 603.716 352.007 159.062 139.774 125.648 252.906 232.17 71.7059 20.3363 9.43409 53.9424 27.0483 54.573 118.819 337.057 177.109 166.382 79.862 156.383 140.191 28.4437 111.747
internal_count=47139 13094 11798 11152 646 345 8288 2358 34045 5930 1755 1374 1243 1296 1158 716 574 270 527 321 505 2864 5765 2519 2348 446 2194 1990 425 1565
is_linear=0
shrinkage=0.06


Tree=23
num_leaves=31
num_cat=0
split_feature=14 14 16 38 29 34 21 38 21 35 42 36 21 2 22 38 9 14 34 36 2 7 3 10 31 0 6 22 2 42
split_gain=308.17 47.2681 41.7923 30.3019 26.0824 20.371 28.5424 18.7674 18.1468 16.6143 15.0094 14.1916 13.924 15.6275 13.5795 12.8686 11.6811 13.1196 11.6146 14.6083 12.58 11.4548 12.4944 11.6329 13.3622 11.382 11.3921 12.429 13.879 11.7858
threshold=17.777083333333341 16.510416666666671 94.583333333333357 53.014583333333348 6.5000000000000009 105.53333333333336 0.78431315476633057 37.71875 3.2193572271459456 111.59583333333335 78.062500000000014 248.95000000000002 0.92924143770553969 23.800000000000001 -1.4749707273323407 18.570833333333336 1.9500000000000002 20.556250000000002 165.41666666666669 187.55000000000004 26.250000000000004 0.57500000000000007 1.5000000000000002 84.083333333333357 1.5000000000000002 34.500000000000007 5.5000000000000009 -0.79311261429814539 17.750000000000004 76.062500000000014
decision_type=2 2 2 2 2 2 2 2 2 2 2 2 2 2 2 2 2 2 2 2 2 2 2 2 2 2 2 2 2 2
left_child=1 -1 15 4 5 -4 9 25 -6 -7 -11 18 -5 -14 -8 16 17 -2 19 -9 -20 22 23 24 -16 -3 27 29 -29 -27
right_child=2 7 3 12 8 6 14 11 -10 10 -12 -13 13 -15 21 -17 -18 -19 20 -21 -22 -23 -24 -25 -26 26 -28 28 -30 -31
leaf_value=-0.043121367101720334 -0.0045014364430983091 -0.038308862275951566 -0.036839031736768446 0.093122456620870264 0.052675935513728483 -0.0069655166802043891 -0.063465715968164707 0.092763269179963082 0.0028101377938797678 0.11729211420210237 0.0319298797070795 -0.0086861870941234622 0.00092369852684888161 0.053364118651999567 0.044276334612666002 0.063892962350705781 0.050346821661491882 0.043607825271497376 0.037204280147491144 -0.022391036953696111 0.14732175728770608 -0.011708633730870449 0.071651688549629611 0.039983792673504548 -0.012408546153483134 -0.0060567022689324594 0.071114122190585105 0.069969293854439257 -0.024099947479531418 0.11203600869836207
leaf_weight=410.03180900774896 42.512522373348475 89.914471304044127 45.602140754461288 17.339132953435183 69.448608228936791 12.124193133786319 11.967987228184937 5.473141739144924 42.258351465687156 15.471514051780106 14.241003319621084 54.16900011152029 32.12276922725141 56.336852742359042 18.335431741550565 81.356529109179974 85.116554211825132 39.243433021008968 10.085606975480916 14.401261316612361 5.9312290865927926 121.06017115339637 12.118606518954037 31.157601997256279 81.584100821986794 7.4161341525614244 5.7932996768504372 5.9048707466572514 128.94448180496693 5.1586955692619085
leaf_count=26511 258 3913 1232 93 455 166 132 80 262 127 160 1215 207 340 160 385 437 182 171 401 119 2153 118 319 1360 247 159 204 5489 179
internal_value=-0.00142344 -0.0294814 0.0237193 0.0149171 0.00845369 0.000664372 0.00604145 -0.0126958 0.0338119 0.0522256 0.0763786 0.0107012 0.043958 0.0343212 -0.000953584 0.0443277 0.0347888 0.0185913 0.0399617 0.0093209 0.0779821 0.00187755 0.0133635 0.00797458 -0.00200676 -0.0213624 -0.0114175 -0.0146608 -0.0199808 0.0423896
internal_weight=1572.62 743.224 829.398 581.168 475.37 363.663 318.061 333.192 111.707 41.8367 29.7125 90.0602 105.799 88.4596 276.224 248.229 166.873 81.756 35.8912 19.8744 16.0168 264.256 143.196 131.077 99.9195 243.132 153.217 147.424 134.849 12.5748
internal_count=47234 38688 8546 7284 6644 5927 4695 12177 717 453 287 1986 640 547 4242 1262 877 440 771 481 290 4110 1957 1839 1520 10191 6278 6119 5693 426
is_linear=0
shrinkage=0.06


Tree=24
num_leaves=31
num_cat=0
split_feature=14 13 32 14 40 19 38 34 22 14 42 9 7 25 7 3 9 32 38 2 0 0 0 6 29 36 42 32 36 7
split_gain=296.53 45.3146 33.1036 28.0402 19.9062 16.6929 17.0369 14.4853 14.644 18.3804 14.8669 14.4164 13.7801 19.9439 12.1751 13.72 12.152 11.9186 11.3567 12.8496 15.5731 13.9599 11.1838 11.5316 11.0377 12.3602 10.5814 10.5273 14.9737 11.0703
threshold=17.564583333333335 19.625000000000007 130.95000000000002 16.510416666666671 7.0500000000000007 93.500000000000014 62.389583333333334 112.83958333333335 -0.91953820376387785 18.668750000000003 78.062500000000014 0.45000000000000007 0.27500000000000008 4108.5000000000009 0.57500000000000007 1.0000000180025095e-35 3.1500000000000008 116.05000000000001 25.568749999999998 27.050000000000004 43.500000000000007 28.500000000000004 34.500000000000007 5.5000000000000009 1.5000000000000002 228.20000000000002 70.770833333333357 249.75000000000003 254.35000000000005 0.57500000000000007
decision_type=2 2 2 2 2 2 2 2 2 2 2 2 2 2 2 2 2 2 2 2 2 2 2 2 2 2 2 2 2 2
left_child=3 2 11 -1 -4 -3 14 -6 24 10 27 -2 13 -5 -7 16 -16 -17 22 -20 21 -21 -14 -24 -9 -26 -27 28 29 -10
right_child=1 5 4 12 7 6 -8 8 9 -11 -12 -13 18 -15 15 17 -18 -19 19 20 -22 -23 23 -25 25 26 -28 -29 -30 -31
leaf_value=-0.041642709404751808 0.060894345537014144 0.055315850050042442 -0.0091160622993057966 -0.04205754922433759 -0.034559294551046893 0.032495133153766106 0.066300893618444379 -0.026503541941533718 0.082543507641886518 0.074740629725888061 -0.00092100919824763259 -0.016082516917590481 -0.047337129492062195 0.17208985078402231 -0.033193182802687744 -0.0027825621974310469 0.032346107390715355 0.072070564536074799 -0.016451834988687949 0.092515681769742356 0.11686244223831307 -0.020156268422412724 -0.019009865283109582 0.10211084143392844 -0.022731425897464894 0.0001817624969865033 0.059284290956876373 0.090251331761710379 -0.00037221805456185206 0.019336118371878538
leaf_weight=391.967728741467 9.2623693440109474 121.08693939819932 64.766375387087464 2.9565000738948575 12.683363804593681 155.88203844986856 37.256883144378662 21.297783339396119 24.542623395100236 44.045006658881903 39.202804313972592 161.05922292545438 63.74485082551837 3.3279331978410482 36.997135069221258 14.922192407771947 14.053266923874615 15.73056338354945 58.197468884289265 5.3208513222634855 6.226178376004099 15.463816354051231 109.6626499183476 2.904748221859335 15.738428875803946 16.794907530769706 31.09650001861155 14.551061555743216 27.348599733784795 16.806170016527176
leaf_count=26443 151 584 863 115 220 921 171 333 277 314 643 3832 3061 117 286 127 90 89 1627 138 172 430 4855 77 167 119 226 79 355 246
internal_value=-0.00089887 0.0215964 0.00957366 -0.0314185 0.0206929 0.0367548 0.0285774 0.0280028 0.0311589 0.0415007 0.0295445 -0.0118964 -0.0164541 0.0713446 0.0226618 0.00390076 -0.0151514 0.035631 -0.0185639 -0.00057834 0.0336226 0.00868762 -0.027256 -0.0158844 0.0108841 0.0233983 0.0385578 0.0438912 0.0340715 0.0568529
internal_weight=1554.9 895.124 499.195 659.773 328.874 395.929 274.842 264.107 251.424 166.496 122.451 170.322 267.805 6.28443 237.585 81.7032 51.0504 30.6528 261.521 85.2083 27.0108 20.7847 176.312 112.567 84.9276 63.6298 47.8914 83.2485 68.6974 41.3488
internal_count=47128 10093 7825 37035 3842 2268 1684 2979 2759 1914 1600 3983 10592 232 1513 592 376 216 10360 2367 740 568 7993 4932 845 512 345 957 878 523
is_linear=0
shrinkage=0.06


Tree=25
num_leaves=31
num_cat=0
split_feature=13 16 14 32 7 24 32 9 42 6 38 15 22 15 38 25 38 22 13 34 36 20 22 14 10 34 31 35 42 9
split_gain=236.599 39.2784 36.249 30.5701 24.7913 20.9829 15.3702 11.5585 11.4786 11.3995 12.3801 12.24 10.7062 10.6831 21.3498 10.4388 16.8644 10.1944 9.95571 8.7435 15.5687 11.4963 16.6983 8.69996 8.44353 8.3389 9.60399 21.7258 8.23355 8.03387
threshold=17.941666666666674 94.083333333333357 16.106250000000006 130.95000000000002 0.57500000000000007 1360.5000000000002 114.05000000000003 1.2500000000000002 81.750000000000014 1.0000000180025095e-35 62.389583333333334 18.177083333333339 -1.4749707273323407 16.749305555555562 62.389583333333334 3797.5000000000005 29.660416666666652 -0.071834295783247584 20.991666666666671 168.1541666666667 234.65000000000003 2.0337697462247779 -0.14450806520692785 17.902083333333341 75.750000000000014 165.41666666666669 36.500000000000007 117.21388888888889 82.687500000000014 3.9500000000000006
decision_type=2 2 2 2 2 2 2 2 2 2 2 2 2 2 2 2 2 2 2 2 2 2 2 2 2 2 2 2 2 2
left_child=2 -2 -1 5 12 17 -4 23 13 -9 11 -11 -5 19 29 -14 -17 18 25 20 -8 22 -22 -6 -13 26 -3 -28 -27 -15
right_child=1 3 6 4 7 -7 8 9 -10 10 -12 24 15 14 -16 16 -18 -19 -20 -21 21 -23 -24 -25 -26 28 27 -29 -30 -31
leaf_value=-0.044095499969732742 0.060310885070732373 -0.01090911126961659 -0.031022493361487782 -0.00098508008065293609 -0.060332386180605026 -0.026830544513880852 -0.017246963888623148 -0.026332340770481313 -0.032908367442245172 -0.015895638649361554 0.055686821407161573 0.00056465420810099514 0.047862280936114408 0.0083390918144234417 0.10125071004347194 -0.04489312181028781 0.044701779637159655 0.067978763782052837 0.033771735535552384 -0.039745030255857641 -0.036369454796168835 0.17774830571818268 0.15469940866641799 -0.0013031158560889375 0.050437479282355244 0.040611454525168164 0.14338982784661128 -0.010481022442226862 -0.012931752677479404 -0.052198086111969091
leaf_weight=282.62411300837994 78.397106897085905 129.37248536199331 156.11553167458624 22.382892806082964 11.333979373797773 72.571093706414104 40.862296854145825 17.333916064351797 50.005527711473405 32.070723988115788 35.061678403988481 19.834705904126167 191.23428585194051 102.00875805225223 8.7046834230422956 12.136853683739899 20.070166438817978 10.42101128771901 42.034068565815687 35.567602558992803 4.8212236035615206 2.5071994420140982 2.5007029054686409 43.433802649378777 31.835787253454328 32.11805328540504 4.9058571346104136 10.113599121570585 15.247286986559628 8.5536813745275122
leaf_count=20255 388 1711 8074 118 194 1922 2243 235 1959 443 224 170 1251 3062 98 197 172 187 203 1737 262 114 143 344 215 355 122 257 158 258
internal_value=-0.00168955 0.0198919 -0.0275495 0.0156866 0.0259793 0.00149675 -0.0161896 0.00975753 -0.00712747 0.0191217 0.0257536 0.0132209 0.038577 -0.000854848 0.0107786 0.0425401 0.0109389 0.0099146 0.00732645 -0.0169399 -0.00093878 0.0668587 0.0288875 -0.013519 0.0312928 0.00152952 -0.00563667 0.0397783 0.0233755 0.00365562
internal_weight=1526.18 831.909 694.271 753.512 436.729 316.783 411.647 190.905 255.532 136.137 118.803 83.7412 245.824 205.526 119.267 223.441 32.207 244.212 233.791 86.259 50.6914 9.82913 7.32193 54.7678 51.6705 191.757 144.392 15.0195 47.3653 110.562
internal_count=47071 8866 38205 8478 3563 4915 17950 1825 9876 1287 1052 828 1738 7917 3418 1620 369 2993 2806 4499 2762 519 405 538 385 2603 2090 379 513 3320
is_linear=0
shrinkage=0.06


Tree=26
num_leaves=31
num_cat=0
split_feature=13 16 13 38 16 21 25 32 20 5 9 38 2 31 38 32 25 41 2 25 4 39 27 25 23 3 39 2 35 34
split_gain=217.975 34.3236 28.0486 18.2042 17.2218 15.7478 15.3036 14.7035 14.187 13.9843 13.6079 14.0736 11.7983 13.5619 12.1947 11.2823 9.07815 9.02773 15.7235 39.8585 8.60263 9.41483 9.15929 12.8303 8.4728 12.8846 8.3209 9.72318 8.0509 11.8154
threshold=17.941666666666674 95.250000000000014 16.958333333333339 56.945833333333347 93.916666666666671 1.1027794750200537 1948.5000000000002 87.550000000000011 1.1631321459861683 49.500000000000007 0.65000000000000002 3.0145833333333418 27.950000000000003 20.500000000000004 -16.23749999999999 137.80000000000004 2965.5000000000005 12.600000000000001 33.250000000000007 3867.5000000000005 1.0000000180025095e-35 177.63958333333338 9.5000000000000018 3248.5000000000005 0.27083333333333132 1.0000000180025095e-35 290.50625000000008 25.750000000000004 110.65347222222225 132.77500000000001
decision_type=2 2 2 2 2 2 2 2 2 2 2 2 2 2 2 2 2 2 2 2 2 2 2 2 2 2 2 2 2 2
left_child=2 3 9 4 -2 16 26 -3 28 -1 11 -10 -12 14 -14 -16 -6 18 -11 -20 24 -22 -23 -24 -8 -26 -7 -28 -9 -30
right_child=1 7 -4 -5 5 6 20 8 10 17 12 -13 13 -15 15 -17 -18 -19 19 -21 21 22 23 -25 25 -27 27 -29 29 -31
leaf_value=0.10880515793213384 0.057746922595376476 -0.026042373945447148 -0.009021160163127942 0.057603526500938917 0.025025219597369548 0.045056273847058972 -0.035731214434510307 -0.01883462805425298 0.10562086291890023 -0.030651275604781644 -0.013530209668942564 0.00112985710668722 -0.019658734581283668 -0.023662591286836426 0.11400813863381408 0.031770723862552967 0.069352530273510751 -0.045449317059685357 0.30146234308549336 -0.04510808319870091 -0.031619351492210332 -0.0031351331431006993 0.036413080989391305 -0.015533665193988725 -0.022589096613428415 0.047050394069109942 -0.019777251915414903 0.039552900710187071 0.11307229515032839 0.032076393434207803
leaf_weight=2.4171623634174457 48.168510429561138 53.423658508807421 217.34269527066499 64.725880932062864 33.889109900221229 74.692442290484905 29.335166521370411 7.9605427235364905 8.7314875852316636 255.77839791961014 127.41491041332483 9.9036595690995437 8.5112261753529292 16.622755862772465 9.7450261674821395 15.651099139824508 32.663406889885664 200.94468543957919 1.8181464048102487 3.4836579766124487 15.226014561951159 52.541535506024957 95.092528056353331 20.874097123742104 22.577694647014141 16.59430705010891 19.105892650783062 20.736751317977905 7.9215461183339348 35.722377333790064
leaf_count=56 237 1660 8482 313 219 422 252 180 151 15796 2011 126 147 341 144 133 248 13894 97 207 171 368 511 157 178 109 105 99 133 523
internal_value=-0.00155345 0.0187576 -0.0268112 0.0277283 0.0237123 0.0199291 0.0150568 0.00251123 0.00865761 -0.0351363 0.0013077 0.0500891 -0.00380089 0.0207322 0.0424964 0.0633269 0.0467807 -0.0358893 -0.0285314 0.0737412 0.00679816 0.0135642 0.0176468 0.0270626 -0.011348 0.00691205 0.0332448 0.0111021 0.0366561 0.0467775
internal_weight=1529.62 847.832 681.785 546.223 481.497 433.329 366.776 301.608 248.185 464.442 196.58 18.6351 177.945 50.5301 33.9074 25.3961 66.5525 462.025 261.08 5.3018 252.241 183.734 168.508 115.967 68.5072 39.172 114.535 39.8426 51.6045 43.6439
internal_count=47470 8938 38532 3389 3076 2839 2372 5549 3889 30050 3053 277 2776 765 424 277 467 29994 16100 304 1746 1207 1036 668 539 287 626 204 836 656
is_linear=0
shrinkage=0.06


Tree=27
num_leaves=31
num_cat=0
split_feature=17 14 38 41 26 41 38 35 41 30 5 20 5 38 22 31 5 22 35 21 37 35 15 22 35 40 27 16 3 7
split_gain=199.742 35.6141 24.3026 25.0687 24.1901 24.0772 17.0284 16.7733 16.6952 21.8154 14.7578 13.8313 13.8038 13.2745 19.5049 12.7376 12.265 12.1793 14.9009 14.1728 12.6813 18.0332 20.5381 14.3537 11.4955 11.4454 10.8252 10.6222 11.2143 10.2579
threshold=96.020833333333357 19.452083333333338 33.52291666666666 9.7000000000000011 0.88109187050815296 8.1000000000000014 53.939583333333331 120.75138888888891 5.5500000000000007 32.500000000000007 81.500000000000014 -0.6458295238254691 56.500000000000007 45.354166666666679 -0.27502902784787148 13.500000000000002 62.500000000000007 -1.1086001740641434 110.65347222222225 0.92924143770553969 6.5000000000000009 117.21388888888889 19.366666666666671 -0.64496355104012781 186.53055555555559 13.750000000000002 11.500000000000002 95.416666666666671 1.0000000180025095e-35 0.37000000000000005
decision_type=2 2 2 2 2 2 2 2 2 2 2 2 2 2 2 2 2 2 2 2 2 2 2 2 2 2 2 2 2 2
left_child=1 2 17 5 11 15 8 -5 9 24 12 -2 -10 -13 25 -4 -14 -1 29 20 -20 -22 23 -23 -3 -15 -18 28 -9 -19
right_child=4 6 3 7 -6 -7 -8 27 10 -11 -12 13 16 14 -16 -17 26 18 19 -21 21 22 -24 -25 -26 -27 -28 -29 -30 -31
leaf_value=-0.030082949432919694 0.12942805535227067 0.00710814774996595 0.042303033797903164 0.067998114088665712 -0.037300287150534073 0.087918357918709722 0.075306150924709034 -0.016812564697622524 -0.019316546098553988 0.077188888977001213 -0.034615824200546853 -0.021314925465264208 0.061337771997605352 0.042906630127479257 0.13130925911021288 -0.0059575662606240155 -0.0013697729713535083 0.025842537052790885 -0.062087093735853 -0.00049681405604050128 0.11193378473342601 0.10919834752126717 0.130635275933393 -0.0013568898397605539 0.058717006223157071 -0.029419713687925252 0.032564534342843711 -0.048423024512259341 0.045036803570168503 -0.036086050799798187
leaf_weight=51.466065233573318 2.5066135786473742 47.343607701361179 55.19418534822762 10.60688999481499 402.53069504722953 29.508563799783587 27.986478433012962 34.089976415038109 25.909457664936781 45.932713247835636 18.321640813723207 133.97997766453773 31.784096617251635 14.039330720901491 4.8625453803688279 30.605092348530889 53.209113918244839 11.847868662327526 4.7485908186063162 179.05062356218696 10.319188453257082 4.7424175776541224 5.8189048655331126 38.954222754575312 23.127834670245647 17.943749940022826 92.979603869840503 21.221947175450623 15.28601663187146 51.413872665725648
leaf_count=792 117 261 305 107 28471 162 145 232 151 228 142 6611 179 327 170 286 350 275 174 3462 188 100 33 858 113 488 547 340 100 1492
internal_value=-0.00150977 0.0158141 0.00622637 0.0231833 -0.0292307 0.0411671 0.0303261 -0.00235317 0.0266085 0.0450157 0.0169656 -0.0104907 0.0216009 -0.0125438 0.0193504 0.0250882 0.0275577 -0.00307217 0.0014575 0.00819445 0.0322901 0.03978 0.024743 0.0106417 0.0240455 0.00232874 0.0202133 -0.012923 0.00233501 -0.0244879
internal_weight=1497.33 921.469 554.874 196.513 575.863 115.308 366.595 81.2048 338.608 116.404 222.204 173.332 203.882 170.826 36.8456 85.7993 177.973 358.362 306.896 243.634 64.5833 59.8347 49.5155 43.6966 70.4714 31.9831 146.189 70.5979 49.376 63.2617
internal_count=47206 11022 8906 1532 36184 753 2116 779 1971 602 1369 7713 1227 7596 985 591 1076 7374 6582 4815 1353 1179 991 958 374 815 897 672 332 1767
is_linear=0
shrinkage=0.06


Tree=28
num_leaves=31
num_cat=0
split_feature=16 13 13 25 7 0 36 0 41 31 33 12 2 33 0 31 26 37 15 23 7 34 42 30 15 33 42 26 32 12
split_gain=213.803 32.2142 24.9382 17.3712 19.6643 16.857 15.0359 14.3927 13.514 16.1675 13.1753 12.9744 12.8296 11.1462 11.4678 10.7045 10.3805 10.2164 13.3208 13.5045 16.6323 9.60295 9.89155 28.026 12.8909 18.3771 9.36275 27.686 8.72668 9.69792
threshold=95.916666666666671 20.333333333333336 16.825000000000006 3722.5000000000005 0.27500000000000008 21.500000000000004 243.90000000000001 27.500000000000004 13.15 40.500000000000007 200.36666666666667 68.618055555555571 31.700000000000006 115.52500000000001 32.500000000000007 1.5000000000000002 0.88109187050815296 19.500000000000004 17.363194444444449 0.500000000000001 0.65000000000000013 88.483333333333348 81.750000000000014 29.500000000000004 17.656250000000004 231.62500000000003 72.979166666666671 1.0399617381027402 166.15000000000001 76.881944444444457
decision_type=2 2 2 2 2 2 2 2 2 2 2 2 2 2 2 2 2 2 2 2 2 2 2 2 2 2 2 2 2 2
left_child=1 3 12 5 -5 -1 -6 28 21 -10 15 -8 -2 -4 17 -3 -14 -15 19 -19 -21 -9 -23 24 -24 -26 -18 -28 29 -7
right_child=2 10 13 4 6 7 11 8 9 -11 -12 -13 16 14 -16 -17 26 18 -20 20 -22 22 23 -25 25 -27 27 -29 -30 -31
leaf_value=-0.051396721083697729 -0.041887719663859804 0.046114051837456108 -0.029266510549454467 0.089861925552820715 -0.029832013652325719 0.049392230704366574 0.077742871098363545 -0.031272081341559954 -0.033578839227746488 0.076014469399035195 0.066164582727685634 -0.00091917492334351605 0.10589787078692298 -0.00241156886540723 -0.01485353851904884 0.01626211270343467 -0.048773164989100358 -0.061877165253100525 0.1342993585319609 -0.012038248645707695 0.15385996881125133 0.025114721649603849 -0.07457654084880283 0.069815849023067117 -0.018950363975710659 0.053195189569907715 -0.018119870402741337 0.27914372003789339 0.067428890043130976 -0.0085042854597413373
leaf_weight=12.937132779508827 338.40886755846441 79.212303940206766 97.073693371377885 7.2957085538655511 76.325130181387067 24.967653659172356 8.4827656643465144 14.136641690507529 35.8696997044608 5.602852275595068 45.205133564770222 68.535197501070797 3.2301598358899382 25.044023685157299 89.336491719819605 95.235084816813469 9.9825588911771792 4.4360771095380214 5.5350528042763463 4.5839336225762946 4.1408101748675108 270.4744889549911 10.275612952187656 18.590206123888493 56.817605759948492 16.373233336955309 5.6092839399352661 1.4118128446862099 30.020124931819737 17.869986219331622
leaf_count=194 25323 389 5117 123 2097 339 107 309 604 150 230 979 172 1087 3506 515 785 206 114 138 151 2878 149 84 607 83 402 107 228 171
internal_value=-0.00114553 0.0173404 -0.029221 0.0108421 -0.00637982 0.016225 -0.0109588 0.0179712 0.013776 -0.018773 0.0372976 0.00774467 -0.0391128 -0.0138066 -0.00252918 0.0298172 0.00729696 0.0226427 0.0562041 0.0233595 0.0666979 0.0172671 0.0191091 0.00319268 -0.0116461 -0.00281097 -0.0114341 0.0416543 0.0426236 0.0252403
internal_weight=1483.02 894.227 588.793 674.574 160.639 513.935 153.343 500.998 428.14 41.4726 219.653 77.018 358.643 230.15 133.076 174.447 20.2338 43.7399 18.6959 13.1608 8.72474 386.668 372.531 102.057 83.4665 73.1908 17.0037 7.0211 72.8578 42.8376
internal_count=47344 10236 37108 9102 3306 5796 3183 5602 4864 754 1134 1086 26789 10319 5202 904 1466 1696 609 495 289 4110 3801 923 839 690 1294 509 738 510
is_linear=0
shrinkage=0.06


Tree=29
num_leaves=31
num_cat=0
split_feature=13 16 32 14 42 30 37 15 22 0 12 39 30 2 2 9 15 42 41 30 17 10 7 26 14 7 41 17 20 30
split_gain=184.044 41.3453 20.1888 19.0621 14.593 22.4347 19.0854 16.9865 16.6783 13.7874 14.6407 11.5416 11.2352 10.6884 12.5195 12.647 13.9569 17.7931 10.9046 10.5612 10.4942 10.4767 11.0776 9.76698 9.51811 8.85086 16.647 23.8753 10.0594 8.65956
threshold=17.558333333333337 94.583333333333357 87.550000000000011 16.293750000000006 81.750000000000014 29.500000000000004 13.500000000000002 16.460416666666671 -1.4749707273323407 51.500000000000007 80.256944444444457 229.50624999999999 45.500000000000007 31.150000000000002 20.600000000000005 2.9500000000000006 19.032638888888894 65.104166666666671 9.8500000000000032 38.500000000000007 95.562500000000014 74.750000000000014 0.55500000000000016 0.75211962008208466 19.877083333333335 0.8650000000000001 11.950000000000001 96.479166666666671 0.86773875168470849 1.5000000000000002
decision_type=2 2 2 2 2 2 2 2 2 2 2 2 2 2 2 2 2 2 2 2 2 2 2 2 2 2 2 2 2 2
left_child=3 11 12 29 7 6 -6 -4 -9 13 23 -2 -3 14 21 16 17 -16 20 -13 -17 -10 -23 -11 -18 -5 28 -28 -27 -1
right_child=1 2 4 25 5 -7 -8 8 9 10 -12 19 -14 -15 15 18 24 -19 -20 -21 -22 22 -24 -25 -26 26 27 -29 -30 -31
leaf_value=-0.028776081533590056 0.016076256890656043 -0.022612438934663304 -0.036036656088882825 -0.019488191303496386 0.057572004315457719 0.064824404656267445 -0.019431655074352742 -0.02353806052866108 -0.037799901334163395 -0.013074546270412242 0.085226697153725772 0.038249641971284359 0.042738412009466049 -0.016099627586649509 -0.0084744939855721339 0.065663408360133638 -0.021401414778836073 0.056426782686862 -0.01741881849292307 0.076064583445986197 -0.0112510846478889 0.0388248788192639 -0.018882674992379323 0.050295591766790868 0.042107070389888125 0.089565433700243891 0.0015499690403324923 0.2640461956951497 -0.038898298562985316 -0.049779375518242325
leaf_weight=146.3602138934657 67.070699205622077 93.712041541002691 19.774805884808302 245.10775758791715 12.857990256510673 15.372561767697333 117.24714232422411 28.294808462262154 18.953721010126173 14.202784078195689 25.272627325728536 141.07806023955345 10.535399893298743 28.215968746691942 17.659851977601647 15.70550909265876 20.689940666779876 109.49518010020256 32.690804202109575 32.762873321771622 10.76214171014726 28.643984058871865 20.578518505208194 22.830075573176146 14.414101682603357 2.7826579008251455 2.8556654229760161 2.2148989625275135 10.380156008526681 136.64573126100004
leaf_count=12082 372 2796 726 11465 150 73 1547 192 277 162 241 708 93 381 242 97 242 1545 449 176 161 236 307 295 76 151 132 141 486 11253
internal_value=-0.000529119 0.0158687 0.00828137 -0.0281063 0.0126953 -0.00372242 -0.0118216 0.0182733 0.0209029 0.024211 0.050019 0.0372191 -0.016008 0.0191514 0.022586 0.0295085 0.038167 0.047413 0.00576006 0.0453764 0.0343888 0.000103745 0.014699 0.025992 0.00467586 -0.0164881 0.0238421 0.116212 -0.0117407 -0.0389172
internal_weight=1465.17 918.822 677.91 546.347 573.663 145.478 130.105 428.185 408.41 380.115 62.3055 240.912 104.247 317.81 289.594 221.418 162.259 127.155 59.1585 173.841 26.4677 68.1762 49.2225 37.0329 35.104 263.341 18.2334 5.07056 13.1628 283.006
internal_count=47254 11544 10288 35710 7399 1770 1697 5629 4903 4711 698 1256 2889 4013 3632 2812 2105 1787 707 884 258 820 543 457 318 12375 910 273 637 23335
is_linear=0
shrinkage=0.06


Tree=30
num_leaves=31
num_cat=0
split_feature=14 16 38 25 15 25 0 10 30 9 35 35 31 0 37 2 6 41 2 23 18 41 2 25 9 25 41 9 6 25
split_gain=175.671 31.9789 25.1003 22.1421 20.4638 16.5302 13.5129 10.9878 15.1373 21.4734 20.5909 23.8252 14.6839 14.1223 22.6714 10.8832 10.7914 14.7923 10.6057 13.3013 15.8896 16.8149 18.0129 16.7367 29.4017 14.7261 16.3701 10.5643 10.5661 25.623
threshold=17.368750000000002 94.083333333333357 45.354166666666679 3248.5000000000005 17.186805555555562 5835.5000000000009 20.500000000000004 82.416666666666671 4.5000000000000009 0.65000000000000002 118.76736111111111 111.59583333333335 14.500000000000002 30.500000000000004 19.500000000000004 25.000000000000004 4.5000000000000009 11.450000000000001 27.750000000000004 -0.15000000000000116 95.812500000000014 12.600000000000001 27.950000000000003 5266.5000000000009 2.4500000000000006 3451.5000000000005 9.7000000000000011 1.2500000000000002 1.5000000000000002 5172.5000000000009
decision_type=2 2 2 2 2 2 2 2 2 2 2 2 2 2 2 2 2 2 2 2 2 2 2 2 2 2 2 2 2 2
left_child=5 -2 3 6 -4 18 -3 8 9 -8 11 15 -10 14 -12 -11 -5 -18 27 25 -21 23 -23 -22 -25 26 -20 -1 -29 -30
right_child=1 2 4 16 -6 -7 7 -9 12 10 13 -13 -14 -15 -16 -17 17 -19 19 20 21 22 -24 24 -26 -27 -28 28 29 -31
leaf_value=-0.047597514353377175 0.050595103696258824 -0.051080606847741857 -0.013668986362488575 -0.016255064074893549 0.038437781586531515 -0.047862680030604739 0.10754710664905816 0.026359883645103523 0.0038920056674475994 0.093884898274954207 -0.0041484203765840711 0.17790210935379797 -0.044857240054734814 -0.013416563324410347 0.14269839013055133 -0.050635958386418344 0.098251768074216567 -0.011477841949617301 0.13930939350126506 0.18025925601964127 0.01342957710501329 0.15264605383559215 -0.051865067446507249 0.021522045678170537 0.30190496145552942 -0.054953865321437458 -0.024714650891670215 -0.031737638073397592 -0.020155352511888484 0.076463669122587591
leaf_weight=82.185573046095669 76.490733571350574 11.976268650963901 32.818460375070572 184.48860293161124 156.62587701529264 139.13697886932641 10.650696033611892 156.85665033198893 187.93178690783679 3.4453208670020086 9.9954748284071702 5.6682159015908837 25.230000292882323 48.503824530169368 6.0914717689156523 4.1178929125890136 7.3021650705486563 11.21585653722286 3.2871387675404531 1.9597772005945433 27.137908400967717 1.6852104049176002 19.385287201032043 3.6114280438050619 2.1467263353988528 28.845446444116533 6.565748761408031 133.14003801252693 53.552502920851111 12.116878058761356
leaf_count=5407 405 172 366 4338 974 11339 169 1186 1508 103 230 76 564 977 88 117 103 181 201 46 1626 122 1343 230 120 2045 421 9063 3010 668
internal_value=-0.00202435 0.0134128 0.0101169 0.00468957 0.029411 -0.0301965 0.011836 0.0134795 0.00678137 0.0276448 0.0167094 0.0848992 -0.00187799 0.00274069 0.0514565 0.0151986 -0.0118723 0.0317916 -0.0236526 -0.00627888 0.0124337 0.0063392 -0.0355083 0.0331433 0.126053 -0.0333221 0.0300074 -0.0295032 -0.0220232 -0.00232785
internal_weight=1454.17 939.409 862.919 673.474 189.444 514.757 470.468 458.491 301.635 88.4729 77.8222 13.2314 213.162 64.5908 16.0869 7.56321 203.007 18.518 375.62 94.6247 55.9263 53.9666 21.0705 32.8961 5.75815 38.6983 9.85289 280.995 198.809 65.6694
internal_count=47198 11557 11152 9812 1340 35641 5190 5018 3832 1760 1591 296 2072 1295 318 220 4622 284 24302 6154 3487 3441 1465 1976 350 2667 622 18148 12741 3678
is_linear=0
shrinkage=0.06


Tree=31
num_leaves=31
num_cat=0
split_feature=13 14 13 32 38 34 42 25 42 25 1 42 17 41 21 14 40 41 29 38 30 40 12 25 30 0 41 25 35 36
split_gain=147.571 38.621 24.7124 24.0411 13.9994 13.8642 10.7541 12.4752 11.6098 11.3951 15.4238 11.5638 11.4322 10.386 9.13592 13.0405 9.01352 10.1453 13.9005 12.9408 9.74426 8.97141 9.76185 8.60969 12.3495 12.0244 73.645 11.8989 22.0839 50.1932
threshold=18.441666666666674 16.510416666666671 20.333333333333336 166.15000000000001 16.222916666666688 165.41666666666669 79.729166666666686 5731.5000000000009 65.104166666666671 4430.5000000000009 1.0000000180025095e-35 76.062500000000014 96.437500000000014 14.550000000000002 0.87811739521908916 18.477083333333336 18.300000000000001 5.5500000000000007 1.5000000000000002 -8.195833333333324 52.500000000000007 7.0500000000000007 80.256944444444457 5835.5000000000009 1.5000000000000002 23.500000000000004 8.1000000000000014 5356.5000000000009 121.68194444444447 203.00000000000003
decision_type=2 2 2 2 2 2 2 2 2 2 2 2 2 2 2 2 2 2 2 2 2 2 2 2 2 2 2 2 2 2
left_child=1 23 3 13 -3 -4 7 8 -6 -10 11 -11 -12 16 -5 -16 17 18 -2 -20 -19 22 -17 24 25 26 -1 -27 -29 -30
right_child=2 4 5 14 6 -7 -8 -9 9 10 12 -13 -14 -15 15 21 -18 20 19 -21 -22 -23 -24 -25 -26 27 -28 28 29 -31
leaf_value=0.49223315549778157 -0.018792896300554165 -0.01594660221801807 0.020587088119460004 0.060440264284226879 -0.025095494519090433 0.050757572438179174 -0.025953109251239132 -0.061689204408518758 0.013958685120731619 0.064933971227001827 0.0036450295711533197 0.20098732266739808 0.11274619192685935 -0.040602404308116943 -0.0073737616015807162 -0.019195285903244461 0.018085422430083337 -0.024153874496808104 0.068830359252652892 0.0030677485906959148 0.031813579006588752 0.042909772829993933 0.042809718028123431 -0.048186172163917317 -0.043190184136805969 -0.02789198028977017 -0.027885568198776644 -0.028084523807007242 0.32667279367033542 -0.02642859368145023
leaf_weight=1.193435801193117 29.812218755483627 257.15483022015542 105.97348646074533 27.619296660646796 18.914496968500316 113.61990334838629 30.011876981705427 7.443412614054977 78.172286449931562 5.3613622607663292 15.394536836072804 3.8740573776885867 4.4591142935678354 19.910741669125855 38.569778149947524 21.006073381751776 105.22961666062474 85.377921581268311 20.620828457176685 22.554808555170894 12.889773782342671 88.43407466635108 16.18251808360219 115.17562424950302 92.228428241796792 76.689868568442762 5.4807391855865717 9.1893617417663318 2.4777472401037803 3.4914846951141953
leaf_count=97 515 10545 563 153 499 589 775 345 1598 146 327 144 195 366 344 140 1456 1035 164 189 87 473 91 10342 7847 6462 472 783 203 284
internal_value=-1.84956e-05 -0.0190106 0.0194811 0.0119621 -0.00721668 0.0361976 0.00650284 0.0137927 0.0182455 0.0258883 0.0579473 0.122005 0.0281491 0.00125114 0.0285131 0.0231426 0.00426518 -0.00422681 0.0127182 0.0344762 -0.0168126 0.0325119 0.00778603 -0.0352326 -0.0274112 -0.0126403 0.0651189 -0.0182907 0.0302837 0.120139
internal_weight=1434.51 726.713 707.801 488.208 420.786 219.593 163.631 133.619 126.176 107.261 29.0891 9.23542 19.8537 296.396 191.812 164.192 276.485 171.256 72.9879 43.1756 98.2677 125.623 37.1886 305.927 190.751 98.5226 6.67417 91.8485 15.1586 5.96923
internal_count=47229 41064 6165 5013 14574 1152 4029 3254 2909 2410 812 290 522 3812 1201 1048 3446 1990 868 353 1122 704 231 26490 16148 8301 569 7732 1270 487
is_linear=0
shrinkage=0.06


Tree=32
num_leaves=31
num_cat=0
split_feature=14 28 38 25 42 5 42 31 14 0 32 1 9 35 0 41 38 5 26 20 5 22 23 31 35 0 21 15 25 14
split_gain=139.842 34.7929 27.7738 20.6451 20.3776 19.6009 18.9085 18.3104 15.7578 13.258 14.0119 11.2142 20.9443 28.5126 10.9583 17.523 10.62 17.3787 10.0054 14.0616 15.1209 9.97298 9.91308 9.33369 8.94645 8.84507 12.0091 10.6818 9.15476 9.1287
threshold=17.197916666666671 2.5000000000000004 56.945833333333347 3319.5000000000005 65.104166666666671 83.500000000000014 78.062500000000014 15.500000000000002 16.106250000000006 21.500000000000004 91.200000000000003 1.0000000180025095e-35 0.8500000000000002 149.21180555555557 31.500000000000004 4.9000000000000012 29.660416666666652 77.500000000000014 0.78997315913055688 2.8453212956341578 75.500000000000014 -1.4749707273323407 0.054166666666666204 1.0000000180025095e-35 155.95555555555558 35.500000000000007 0.98478804598926584 17.027083333333337 4266.5000000000009 18.893750000000001
decision_type=2 2 2 2 2 2 2 2 2 2 2 2 2 2 2 2 2 2 2 2 2 2 2 2 2 2 2 2 2 2
left_child=8 2 3 5 -4 9 -6 -8 -1 -2 23 12 13 -5 15 -12 18 -18 19 20 -14 -17 -23 -11 -24 29 -27 28 -28 -13
right_child=1 -3 4 11 6 -7 7 -9 -10 10 14 25 16 -15 -16 21 17 -19 -20 -21 -22 22 24 -25 -26 26 27 -29 -30 -31
leaf_value=-0.040034564707966583 -0.052413756737591972 0.042571294379145093 -0.024575211540874616 -0.00073884247286392713 0.072751575519500442 -0.039905358527391445 0.04395403724185639 -0.031079000544235284 -0.017518641223241191 0.04892170619239862 0.0935849346892733 -0.050175336241469595 0.13081693983362347 0.20639486269924209 0.013797934151564897 -0.023951213709682742 -0.01226482944259662 0.10171785598373043 -0.047807266960180513 -0.02515867300477195 -0.0072247169782727483 0.0031654075745222872 0.077323315931257949 -0.013878381857524609 0.020875183469340437 0.016985591609585939 0.12487328366011899 -0.03654507412159174 -0.016137873463435964 0.022773629325828125
leaf_weight=220.98498232010752 10.857480945065616 117.25098647549748 17.913686944171786 5.5451627988368255 47.018242547288537 26.528454032726586 38.182406714186072 16.886442806571722 226.67451564501971 9.5719636231660825 16.554599475115538 47.231272423639894 5.3394383676350099 4.2078930484130979 276.60159546416253 12.319828689098356 12.204086326062681 7.9540405180305234 23.638958759605885 21.674671217799187 6.1435811668634415 22.662174379453063 23.078378111124039 77.518057509325445 17.984493926167488 36.007514463737607 2.8742993380874386 51.081474726088345 3.9150749687105417 7.1044248566031447
leaf_count=20536 183 620 153 149 296 721 216 183 13644 75 146 1324 124 106 2766 70 134 137 854 548 225 300 229 1315 162 690 92 1002 148 103
internal_value=-0.000913018 0.0119351 0.00770208 0.00329688 0.0344487 0.010264 0.0448059 0.0209457 -0.0286335 0.0131131 0.0146723 -0.0113443 0.00579487 0.0886277 0.0197789 0.0376444 -0.00470315 0.0327107 -0.017982 0.00328121 0.0569627 0.0254664 0.0350202 -0.0069761 0.0526005 -0.021371 -0.0102199 -0.0271472 0.0435596 -0.0406372
internal_weight=1413.51 965.851 848.6 728.599 120.001 493.677 102.087 55.0688 447.659 467.149 456.291 234.922 86.7078 9.75306 369.201 92.5995 76.9548 20.1581 56.7966 33.1577 11.483 76.0449 63.725 87.09 41.0629 148.214 93.8784 57.8708 6.78937 54.3357
internal_count=47251 13071 12451 11603 848 5967 695 399 34180 5246 5063 5636 2277 255 3673 907 2022 271 1751 897 349 761 691 1390 391 3359 1932 1242 240 1427
is_linear=0
shrinkage=0.06


Tree=33
num_leaves=31
num_cat=0
split_feature=13 16 38 25 14 42 42 30 2 5 5 31 25 16 2 6 34 31 25 21 2 12 7 41 34 4 18 7 21 18
split_gain=116.733 24.2265 19.7997 25.0002 15.1468 14.9498 13.3303 14.959 12.2527 12.121 12.0026 12.3369 25.2378 15.4528 11.4365 11.66 11.2867 11.9291 11.9927 38.2467 11.2094 10.5099 19.4861 17.2393 10.3583 13.0692 10.0675 9.06306 9.78263 9.02848
threshold=17.308333333333337 93.916666666666671 62.389583333333334 3179.5000000000005 16.293750000000006 65.104166666666671 78.062500000000014 4.5000000000000009 23.800000000000001 83.500000000000014 72.500000000000014 31.500000000000004 2823.5000000000005 94.916666666666671 27.750000000000004 2.5000000000000004 105.53333333333336 52.500000000000007 4975.5000000000009 0.61952919818678265 22.500000000000004 76.881944444444457 0.58500000000000008 9.9500000000000011 141.12083333333337 1.0000000180025095e-35 95.812500000000014 0.53500000000000014 1.7044057326648263 95.409722222222243
decision_type=2 2 2 2 2 2 2 2 2 2 2 2 2 2 2 2 2 2 2 2 2 2 2 2 2 2 2 2 2 2
left_child=4 -2 3 9 -1 -4 -7 -8 29 10 11 13 20 24 15 -12 17 -6 -19 -20 -13 22 -16 -23 -3 -26 -17 28 -15 -5
right_child=1 2 5 8 16 6 7 -9 -10 -11 14 12 -14 27 21 26 -18 18 19 -21 -22 23 -24 -25 25 -27 -28 -29 -30 -31
leaf_value=-0.035676098583444435 0.052931876756901509 -0.0047365488691361148 -0.016072787622894134 0.025868404358387789 -0.052611011838145087 0.066567072968045093 -0.0010007296509819321 0.060585385340076563 -0.020118930746269362 -0.026686165420781456 0.0016999561079815274 0.061456571924228091 0.15319820542215959 0.032058170665397699 0.11276854755157509 0.023851017346758239 -0.0052031964542202519 -0.026668028643084058 -0.038622197482403274 0.34012579915201918 -0.029944768981517461 0.053463815272027045 0.01986633655996697 -0.018667994029899292 -0.01312428614595672 0.037649900253261065 0.087300769766119474 -0.040342740236051743 -0.033077180983693083 -0.0073081922640074312
leaf_weight=240.21054468303919 48.659619748592377 69.628232488408685 19.624163364991546 47.576180830597878 41.61495428159833 42.986057235859334 36.774012139998376 23.128243427723646 150.41985443141311 25.267990536056459 84.020673990249634 9.201876433566218 6.1259225830435744 18.286990042775869 17.764801723882556 41.327355122193694 153.12227533757687 8.6838011313229782 2.678909219801425 1.4957470074295995 10.167823909781871 32.181508166715503 14.982943644747136 18.952834121882915 24.042761377990246 75.749179393053055 11.509774250909684 37.916356735862792 15.200962090864776 77.846910606138408
leaf_count=22918 275 449 220 545 2442 290 365 127 4085 679 1114 163 123 217 198 343 7446 515 181 99 152 249 186 189 128 385 207 614 158 2246
internal_value=-0.000123593 0.0116833 0.00947931 0.00599131 -0.0254177 0.031919 0.0410726 0.0227777 -0.00857186 0.0138323 0.0159343 0.00735928 0.0470482 0.00315749 0.02628 0.015588 -0.0135476 -0.0370035 0.0135084 0.0970803 0.0134769 0.0437245 0.0702634 0.0267283 0.0130245 0.0254169 0.0376726 -0.0202538 0.00249172 0.00527654
internal_weight=1407.15 959.343 910.683 788.171 447.806 122.512 102.888 59.9023 275.843 512.328 487.06 266.32 25.4956 240.824 220.74 136.858 207.596 54.4734 12.8585 4.17466 19.3697 83.8821 32.7477 51.1343 169.42 99.7919 52.8371 71.4043 33.488 125.423
internal_count=47308 13707 13432 12430 33601 1002 782 492 6876 5554 4875 2389 438 1951 2486 1664 10683 3237 795 280 315 822 384 438 962 513 550 989 375 2791
is_linear=0
shrinkage=0.06


Tree=34
num_leaves=31
num_cat=0
split_feature=16 17 14 38 30 38 35 2 39 35 42 2 42 41 0 0 22 35 14 18 35 11 38 31 22 41 30 22 2 43
split_gain=113.64 22.4335 22.1283 17.3425 21.9474 12.4825 10.2023 10.5367 31.645 18.0358 9.91615 9.6145 19.4948 45.7929 9.25728 11.625 12.1914 13.0196 12.0357 10.9696 9.08538 8.86481 8.73886 9.20059 8.86183 8.63715 8.55846 8.69958 8.34 8.33171
threshold=95.750000000000014 96.604166666666671 20.556250000000002 53.939583333333331 4.5000000000000009 -40.556249999999984 109.08819444444445 17.750000000000004 235.26458333333335 123.96805555555555 78.062500000000014 31.700000000000006 76.229166666666671 10.65 21.500000000000004 27.500000000000004 -1.0018834692914422 186.53055555555559 18.306250000000002 95.631944444444457 164.3104166666667 85.187500000000014 56.945833333333347 8.5000000000000018 -0.68717939615898149 9.7000000000000011 19.500000000000004 -0.79311261429814539 29.850000000000005 15.000000000000002
decision_type=2 2 2 2 2 2 2 2 2 2 2 2 2 2 2 2 2 2 2 2 2 2 2 2 2 2 2 2 2 2
left_child=2 6 3 14 10 -4 -2 8 9 -8 25 -3 -13 -14 -1 18 21 29 -16 -19 26 -17 28 -24 -25 -5 27 -20 -9 -18
right_child=1 11 5 4 -6 -7 7 22 -10 -11 -12 12 13 -15 15 16 17 19 20 -21 -22 -23 23 24 -26 -27 -28 -29 -30 -31
leaf_value=-0.055111816647458033 -0.033681263742532483 -0.038237495534000257 0.0021332005085337529 0.046238924233069259 0.060606793609318019 0.044340375554434298 0.25278414783642977 -0.0087584472463024272 -0.045258448103646862 0.04166746847031793 -0.020809304358740042 -0.03048307919506428 -0.019686795204602547 0.39274651114369241 -0.017527020336432369 -0.018733432844636338 -0.0015850359135755833 0.089280461102586112 0.10836219384013875 0.0062145626901943711 -0.0038985608620497342 0.022083808657647936 0.067903913678732719 -0.0547711315272729 0.022969887106614104 -0.002680713616199727 0.020769345782243508 0.039912137687360155 -0.043500247396930335 0.023855822617172472
leaf_weight=9.7981328200548869 60.867539180442691 261.40865475311875 33.59783411771059 28.241423321887851 45.577006304636598 101.22028790414333 2.9640306700021011 161.59035857301205 6.2591940937563777 2.8647795645520091 27.428633820265532 11.881363378837706 2.9062342466786495 1.454039806500077 18.430117087438703 140.22511749900877 225.08486018236727 12.287680672481658 12.862084977328776 10.713266260921953 14.371512964367865 22.18573453836143 9.7912425165995938 7.5962430043146005 17.301856926642362 24.063876317813993 19.806896483525634 13.916470665484669 29.400996918790042 58.356602607294917
leaf_count=174 3826 24088 164 155 248 547 91 7271 214 126 181 1055 214 101 365 1286 3335 120 103 203 99 136 121 106 369 214 145 122 1339 683
internal_value=-0.00276842 -0.0231772 0.0116067 0.00722388 0.0273947 0.033822 -0.0117626 -0.00615158 0.0484238 0.149023 0.00841014 -0.0354544 0.0093386 0.117849 0.00269441 0.00372752 0.00013235 0.00717592 0.0249603 0.0505904 0.0378061 -0.0131577 -0.00907477 0.0186291 -0.000748375 0.0237327 0.050672 0.0727896 -0.0141066 0.00365288
internal_weight=1394.45 576.287 818.168 683.349 125.311 134.818 298.636 237.769 12.088 5.82881 79.7339 277.65 16.2416 4.36027 558.038 548.24 468.853 306.442 79.3871 23.0009 60.957 162.411 225.681 34.6893 24.8981 52.3053 46.5855 26.7786 190.991 283.441
internal_count=47201 38921 8280 7569 798 711 13463 9637 431 217 550 25458 1370 315 6771 6597 5763 4341 834 323 469 1422 9206 596 475 369 370 225 8610 4018
is_linear=0
shrinkage=0.06


Tree=35
num_leaves=31
num_cat=0
split_feature=17 25 33 42 35 38 25 17 21 2 12 38 2 26 35 0 31 13 16 38 9 21 11 4 11 22 2 28 38 29
split_gain=97.7777 31.5831 17.2844 16.6836 16.8534 14.7737 18.4809 13.0703 17.5392 20.8657 13.9541 14.9623 12.562 20.2231 15.0017 13.4997 13.1616 16.5064 10.9753 10.9037 10.8033 10.4543 14.0718 11.4785 12.6954 10.7802 10.9046 10.3153 9.91641 11.8191
threshold=95.562500000000014 5835.5000000000009 112.10000000000001 81.104166666666671 110.65347222222225 45.354166666666679 1948.5000000000002 97.270833333333357 -0.36127634817225557 18.050000000000001 74.881944444444457 -42.689583333333324 24.300000000000001 0.68268589550378933 133.51666666666668 53.500000000000007 52.500000000000007 16.75833333333334 93.916666666666671 12.483333333333308 1.4500000000000002 1.165855838078983 83.437500000000014 1.0000000180025095e-35 82.270833333333357 -0.85378942143893244 24.050000000000004 1.5000000000000002 -40.556249999999984 11.500000000000002
decision_type=2 2 2 2 2 2 2 2 2 2 2 2 2 2 2 2 2 2 2 2 2 2 2 2 2 2 2 2 2 2
left_child=5 2 -2 4 -4 6 28 8 9 -6 11 20 14 -14 16 -15 -13 -18 -8 -17 -10 -20 23 -23 -25 26 -24 -12 29 -1
right_child=1 -3 3 -5 7 -7 18 -9 10 -11 27 12 13 15 -16 19 17 -19 21 -21 -22 22 25 24 -26 -27 -28 -29 -30 -31
leaf_value=-0.044924059201371498 -0.027912150860690099 -0.04673457172032295 -0.033442862418786572 -0.0296019565974215 0.26698438554730447 0.033529723204903134 0.053365719346131657 -0.055507078546359757 0.21925181799895102 0.034698658847090384 -0.016273168124047738 0.0071772561200296433 0.10825242706470144 0.0093810901915043852 -0.026551275533910419 -0.0036181272328878397 0.0080930675381858091 0.21854963798329055 0.018601736055472842 0.13531112225283529 0.050156975281766318 -0.030737720166907165 0.037332707191397016 0.0026541777002721343 -0.060362914814750215 0.064450498544661158 -0.017464305820067146 0.074182215110884714 0.034347575351037787 0.034964181708451343
leaf_weight=13.62225108779967 178.48743418138474 115.98508089408278 44.325732359662652 81.580240898765624 2.0140444766730061 113.97033614851534 15.172539517283438 11.716956515796481 2.134222579188644 4.508706858381629 88.556234350427985 15.130303089506926 10.145399754866956 70.054277419112623 42.995609557256103 3.1032995982095581 2.6044352287426582 2.7669685184955597 96.394452442415059 5.9006231753155589 3.7503906823694706 73.152720928192139 23.739355970174074 151.10755165293813 12.457636306062339 15.229334391653536 29.098925789818168 4.7837205613031974 129.41723495721817 13.05709185823798
leaf_count=148 13008 11293 3180 3231 37 672 84 1172 113 286 2624 638 154 3206 1417 160 182 99 1281 149 217 842 131 1470 102 124 217 43 827 65
internal_value=-0.0022344 -0.0181752 -0.0124099 -0.00542393 0.000847952 0.0138021 0.00987454 0.00647401 0.00928397 0.106422 0.00676891 0.0176024 0.0139845 0.0285038 -0.00641281 0.0182698 0.035821 0.116505 0.00327352 0.0874277 0.111484 0.00137904 -0.00406798 -0.0109813 -0.0021454 0.0199743 0.00715508 -0.0116373 0.0274813 -0.00582609
internal_weight=1376.96 690.544 574.559 396.071 314.491 686.419 572.449 270.165 258.448 6.52275 251.925 158.586 152.701 89.2036 63.4973 79.0582 20.5017 5.3714 416.353 9.00392 5.88461 401.18 304.786 236.718 163.565 68.0676 52.8383 93.34 156.097 26.6793
internal_count=47172 41209 29916 16908 13677 5963 5291 10497 9325 323 9002 6335 6005 3669 2336 3515 919 281 4251 309 330 4167 2886 2414 1572 472 348 2667 1040 213
is_linear=0
shrinkage=0.06


Tree=36
num_leaves=31
num_cat=0
split_feature=13 38 25 5 16 23 14 34 6 14 15 9 42 22 32 33 16 38 41 41 5 35 35 30 27 14 4 18 11 35
split_gain=101.814 22.1204 24.795 15.5217 14.4797 13.4383 13.4318 15.9594 11.8688 11.5163 10.4213 13.5606 23.5412 18.5986 24.3624 10.1338 9.43398 10.5645 8.81512 8.70988 8.40112 9.02333 10.5242 19.8084 11.0946 9.35852 9.39765 14.7822 8.43978 11.7429
threshold=17.308333333333337 62.389583333333334 3319.5000000000005 49.500000000000007 93.750000000000014 1.8250000000000004 19.131250000000005 213.12083333333339 4.5000000000000009 16.106250000000006 16.034027777777784 1.6500000000000001 78.062500000000014 -0.029216897579494996 134.65000000000001 124.65833333333335 96.250000000000014 -48.874999999999993 11.450000000000001 13.800000000000002 81.500000000000014 110.65347222222225 121.68194444444447 3.5000000000000004 9.5000000000000018 18.668750000000003 1.0000000180025095e-35 94.9513888888889 78.520833333333357 164.3104166666667
decision_type=2 2 2 2 2 2 2 2 2 2 2 2 2 2 2 2 2 2 2 2 2 2 2 2 2 2 2 2 2 2
left_child=3 2 4 -1 -2 16 7 -3 -4 -5 11 -11 13 -13 -15 -12 17 -6 -10 20 21 -19 23 -23 -24 -26 27 -27 29 -22
right_child=1 6 8 9 5 -7 -8 -9 18 10 15 12 -14 14 -16 -17 -18 19 -20 -21 28 22 24 -25 25 26 -28 -29 -30 -31
leaf_value=0.10809046351418714 0.058708836122299581 0.063522968331773719 -0.014005112777786089 -0.037558199127158791 -0.012010083805214381 -0.024366230322017866 0.069433669183102287 0.0082639041093081119 0.067950606666258587 -0.035457647929013139 -0.038492285232666949 -0.010997110494157887 0.2725421262250956 0.29326863638463924 -0.060816315867578054 -0.010972108392134522 -0.023534632127108365 -0.0056280576731734863 -0.0043348593478652019 -0.022772968585507859 -0.029067222996919419 0.12319455086417985 0.0078042907243881209 0.016699118083419461 -0.0054147148918558862 -0.016705801455833356 0.042179684185417794 0.053180006893011347 -0.047901195180303099 0.05667569907014245
leaf_weight=3.1041628681123248 24.082123532891273 25.508214052766562 220.10451994370669 187.65307683032006 46.058118775486946 35.810096084140241 28.768977597355843 71.71008400991559 11.612392487935724 9.4636090351268667 79.697807996533811 9.6290124608203751 1.6198183298110951 1.8647219277918332 1.1195007404312489 121.76271474920213 23.491814726963639 37.692529332824051 12.732584916055201 17.983530260622501 11.610719643533232 10.984363163821401 120.54336191527545 14.705212360247968 23.29544791392982 27.478309702128172 147.8611598983407 18.05537092871964 12.46957584004849 11.392071845009921
leaf_count=75 142 187 6070 20142 510 278 174 688 153 775 5425 771 132 176 92 5922 1102 502 226 308 182 112 1269 143 325 161 864 130 127 145
internal_value=-0.000802887 0.00999787 0.00643384 -0.0255758 0.0131543 0.0111933 0.03342 0.0227628 -0.00960817 -0.0265809 -0.017432 0.0202054 0.057216 0.0295633 0.160437 -0.0218591 0.0136251 0.0153706 0.0301448 0.0181479 0.0198354 0.0223135 0.0252154 0.0622345 0.0223954 0.0305124 0.03484 0.0110059 -0.00815128 0.0133967
internal_weight=1369.87 953.951 827.963 415.914 583.514 559.432 125.987 97.2183 244.449 412.81 225.157 23.6967 14.2331 12.6132 2.98422 201.461 523.622 500.13 24.345 454.072 436.088 400.616 362.923 25.6896 337.234 216.69 193.395 45.5337 35.4724 23.0028
internal_count=47308 13798 12749 33510 6300 6158 1049 875 6449 33435 13293 1946 1171 1039 268 11347 5880 4778 379 4268 3960 3506 3004 255 2749 1480 1155 291 454 327
is_linear=0
shrinkage=0.06


Tree=37
num_leaves=31
num_cat=0
split_feature=17 14 21 42 41 34 9 11 6 30 17 27 9 2 5 37 32 5 27 5 37 36 2 2 22 9 40 25 18 18
split_gain=100.73 29.2285 23.7188 22.8739 20.0363 18.6135 20.2651 15.9682 17.1148 16.6736 15.8579 14.248 14.1772 13.6144 13.126 19.2729 11.9628 11.3316 15.2712 13.4016 13.8187 17.0043 15.4473 15.3323 14.0116 13.6628 11.1787 10.9241 9.73268 25.355
threshold=96.562500000000014 19.131250000000005 1.5941083309826303 81.750000000000014 12.050000000000002 171.82500000000002 2.0500000000000003 73.520833333333357 5.5000000000000009 7.5000000000000009 94.312500000000014 7.5000000000000009 3.6500000000000008 27.050000000000004 81.500000000000014 6.5000000000000009 194.00000000000003 59.500000000000007 10.500000000000002 63.500000000000007 8.5000000000000018 197.20000000000002 21.950000000000003 28.350000000000005 -0.42181053315456285 0.8500000000000002 15.100000000000001 3652.5000000000005 96.3541666666667 96.090277777777786
decision_type=2 2 2 2 2 2 2 2 2 2 2 2 2 2 2 2 2 2 2 2 2 2 2 2 2 2 2 2 2 2
left_child=1 3 -3 4 7 11 10 9 16 17 -7 -4 14 -2 27 -16 -9 -1 19 -19 -21 24 -23 25 -22 -24 -17 -6 29 -27
right_child=13 2 5 -5 12 6 -8 8 -10 -11 -12 -13 -14 -15 15 26 -18 18 -20 20 21 22 23 -25 -26 28 -28 -29 -30 -31
leaf_value=-0.016488165526228522 -0.042932588453950676 0.055915796180020676 -0.046548784373151457 -0.024995722196835837 0.0062013771859305029 0.057960048801759166 0.053922811228681249 -0.0074897520964144638 0.068881406423159597 -0.048674844433575497 -0.0031681812004721427 0.0081613222002908433 -0.053696476609906875 -0.015084720462575332 0.20355970817016794 0.1031741828331052 0.021680101202365742 0.17808883858480865 -0.018118230210747179 -0.014067872610026013 0.23818979853092503 0.0015233256330051189 0.18870428579126258 -0.017165123852380181 0.088081579372506671 0.034397525962012454 -0.027353739553109203 -0.027371201822434597 0.029871385486901467 0.1976628917769469
leaf_weight=11.616478519514201 168.66133639682084 59.398310586810112 18.856429098173976 105.98335075378418 73.945455640554428 19.832516871392727 72.320299325510859 165.70618611760437 14.352709915488957 8.3954230118542892 66.526835467666388 187.87048676051199 24.228743573650718 101.07386522181332 2.4893793473020187 3.6102554146200401 72.871383554302156 3.1036589620634905 11.502001921646295 10.204168041236697 2.9971129838377228 18.106599598191679 4.1283712266013053 6.0795432804152361 8.8458000374957901 7.9666642490774411 6.8318418962880969 66.064294130541384 11.401837789453564 6.0058955457061529
leaf_count=297 16884 380 176 2571 2063 121 415 4042 161 242 403 1312 910 9628 130 133 862 116 203 688 131 537 98 196 294 110 285 3235 408 128
internal_value=0.000273767 0.00852548 0.0207513 0.000491283 0.0054893 0.0150352 0.0304919 0.0135571 0.00524807 0.0326013 0.01087 0.00317098 -0.0110535 -0.0324976 -0.00429805 0.0535396 0.00141992 0.0392937 0.0464663 0.0558887 0.0508809 0.0609943 0.0466397 0.0695978 0.12607 0.0874767 0.017775 -0.00964001 0.0710072 0.104575
internal_weight=1340.98 1071.24 424.805 646.437 540.454 365.407 158.68 363.284 252.93 110.354 86.3594 206.727 177.17 269.735 152.941 12.9315 238.578 101.958 90.3417 78.8397 75.736 65.5318 53.6889 35.5823 11.8429 29.5028 10.4421 140.01 25.3744 13.9726
internal_count=47159 20647 2807 17840 15269 2427 939 8513 5065 3448 524 1488 6756 26512 5846 548 4904 3206 2909 2706 2590 1902 1477 940 425 744 418 5298 646 238
is_linear=0
shrinkage=0.06


Tree=38
num_leaves=31
num_cat=0
split_feature=13 13 32 0 22 14 25 32 33 14 17 1 35 7 32 11 21 23 21 0 0 0 35 2 14 40 32 21 11 2
split_gain=81.3849 19.4721 18.9049 16.8237 15.5139 14.4767 12.4529 11.6182 10.8397 10.558 10.0395 9.94931 11.5158 14.0049 9.86726 9.74281 9.88271 9.47688 9.38688 10.5496 9.3293 9.03999 8.76389 8.6862 25.9372 8.28402 7.63781 8.6124 7.50989 7.39189
threshold=17.091666666666672 20.991666666666671 130.95000000000002 27.500000000000004 -1.0018834692914422 18.156250000000004 5933.5000000000009 237.35000000000002 128.37500000000003 19.877083333333335 96.520833333333357 1.0000000180025095e-35 186.53055555555559 0.62500000000000011 85.000000000000014 79.312500000000014 0.92924143770553969 0.500000000000001 0.78431315476633057 41.500000000000007 51.500000000000007 35.500000000000007 158.69097222222226 31.700000000000006 15.41666666666667 25.600000000000005 117.55000000000001 0.82959552889112953 81.479166666666671 31.150000000000002
decision_type=2 2 2 2 2 2 2 2 2 2 2 2 2 2 2 2 2 2 2 2 2 2 2 2 2 2 2 2 2 2
left_child=6 2 10 -4 9 11 8 15 -1 -5 29 12 20 -14 -3 16 -7 -18 19 -13 21 -6 -19 28 -25 -12 27 -10 -8 -2
right_child=1 14 3 4 5 7 23 -9 26 -11 25 18 13 -15 -16 -17 17 22 -20 -21 -22 -23 -24 24 -26 -27 -28 -29 -30 -31
leaf_value=-0.029275701609591708 0.0020065551537957397 -0.0055105367427593357 0.038053888930215676 -0.020519570445772663 0.03748182256460738 0.047884589131988883 -0.050786395323234201 0.064953072240675633 0.0092461918158905955 0.014170237466330867 -0.0489218015775396 -0.014974031092092376 0.014299471815446507 0.14925096211014727 0.043322252890818001 0.038602950202737955 -0.026105870204556365 -0.0064285746436760997 -0.028715599757329943 0.054477298529221063 0.059029336492197743 -0.032537771118644511 0.056187260209143629 0.26376476388382525 -0.0370663774170161 0.070443314736841914 -0.0097551964849368865 0.12415465425190436 0.1106957277288223 -0.028066956420035354
leaf_weight=136.98667949531227 300.02464686706662 18.148543521761894 87.510433292016387 85.175825417041779 9.9448101306334156 17.464665004983544 79.821448601782322 26.062641821801662 8.5677908696234208 50.200494520366192 24.87845783028752 19.464118917472661 6.0291062239557487 5.1187534863129258 83.123352594673634 66.722525659948587 32.199682163074613 19.355402184650302 47.168085175566375 13.222507128491996 9.4882817706093174 19.962127791717649 13.77304952777922 1.2949475534260262 5.0766192460432649 2.2853679433464995 125.02672941796482 3.2346337251365176 1.0504243746399868 32.622432503849268
leaf_count=12613 6407 94 1014 743 258 111 9132 144 801 254 1846 438 112 121 483 481 357 146 1029 251 189 483 124 144 496 188 8057 177 105 636
internal_value=0.000749995 0.00964361 0.00680291 0.0140212 0.00925602 0.0167385 -0.0236344 0.0279857 -0.0173446 -0.00765583 -0.00380674 0.00159447 0.0224265 0.076265 0.0345711 0.0215417 0.0077921 -0.00292613 -0.0115909 0.0131207 0.00719157 -0.00925449 0.0196038 -0.0433749 0.0240741 -0.0388793 -0.00539977 0.0407386 -0.0486889 -0.00094273
internal_weight=1351 989.945 888.673 528.863 441.352 305.976 361.059 175.578 273.816 135.376 359.811 130.398 50.5431 11.1479 101.272 149.515 82.7928 65.3281 79.8547 32.6866 39.3952 29.9069 33.1285 87.2434 6.37157 27.1638 136.829 11.8024 80.8719 332.647
internal_count=47434 15909 15332 6255 5241 4244 31525 1363 21648 997 9077 2881 1163 233 577 1219 738 627 1718 689 930 741 270 9877 640 2034 9035 978 9237 7043
is_linear=0
shrinkage=0.06


Tree=39
num_leaves=31
num_cat=0
split_feature=13 13 32 25 33 42 38 30 42 37 2 39 15 25 42 0 42 5 14 31 17 21 10 24 29 0 5 36 11 24
split_gain=74.0303 17.0106 16.0436 14.513 16.0487 13.6856 12.0827 13.2958 14.0911 21.7132 12.3935 11.8525 10.7525 10.5864 10.3676 12.1821 21.3559 25.2944 10.2943 9.0041 8.83184 13.946 10.108 10.8419 9.17536 9.27664 8.47064 8.25369 8.18393 7.89235
threshold=17.308333333333337 20.991666666666671 133.30000000000004 5933.5000000000009 124.65833333333335 65.104166666666671 56.945833333333347 33.500000000000007 82.687500000000014 13.500000000000002 24.650000000000002 192.52083333333334 17.656250000000004 1948.5000000000002 79.437500000000014 53.500000000000007 74.020833333333357 76.500000000000014 16.106250000000006 58.500000000000007 95.562500000000014 0.87811739521908916 82.916666666666671 115.50000000000001 1.5000000000000002 32.500000000000007 49.500000000000007 242.50000000000003 73.729166666666671 1527.5000000000002
decision_type=2 2 2 2 2 2 2 2 2 2 2 2 2 2 2 2 2 2 2 2 2 2 2 2 2 2 2 2 2 2
left_child=3 2 29 4 26 -4 7 8 11 -10 12 -7 -8 27 15 18 17 -17 -6 -18 21 -15 23 -23 28 -26 -1 -13 -22 -2
right_child=1 -3 5 -5 14 6 10 -9 9 -11 -12 13 -14 20 -16 16 19 -19 -20 -21 24 22 -24 -25 25 -27 -28 -29 -30 -31
leaf_value=0.09663186976816375 0.00097959935145942433 0.032263333096895074 -0.016547119025985501 -0.043752913234099466 -0.031666379251922921 -0.039280452248424767 -0.01105848077581552 0.050747052365138892 0.05156473589447963 -0.034083683319813186 0.055689592256893745 0.07909677671369994 0.043908811826632574 0.058608386138650985 -0.029767818740407175 0.051625987638307121 -0.054482916309432215 0.29154306444000555 0.010204578450734397 0.085320407319989744 0.013074538573102132 0.027094025100620336 0.047819789712232066 -0.017797063000542138 0.090542622931120725 -0.0049588826916569344 -0.031917876888269456 0.020988377351985919 -0.038264465243576788 -0.021652905739161055
leaf_weight=1.8694075550883997 282.17401149403304 101.94656850397587 49.518648758530617 85.732821474317461 29.06460099061951 13.974745122715829 28.093948689289391 28.064059011638165 13.335206151939927 53.034686649218202 51.081036191433668 16.33297554962337 23.55202086083591 27.929695401340723 38.69500888325274 4.7228913251310569 5.4267806382849813 2.3788011688739061 77.513328419066966 2.3883806895464659 17.785571367479861 33.240778354927897 20.900403533130884 46.408678015694022 6.2328433142974964 8.8760323766618949 143.3269286416471 19.079219682142138 30.088831471279263 69.03951190598309
leaf_count=49 4894 588 587 10057 3224 202 257 146 131 688 407 104 137 165 2301 234 248 144 3852 88 549 238 128 374 84 160 13274 125 699 3094
internal_value=-1.00491e-06 0.0091205 0.00630756 -0.0219394 -0.0158155 0.0133508 0.0167309 0.0112148 0.00760363 -0.016875 0.0347343 0.0143491 0.0140082 0.0176525 -0.00272045 0.0058939 0.056678 0.131989 -0.00121395 -0.0117578 0.0120785 0.0211011 0.0106827 0.000937713 -0.00632663 0.0344382 -0.0302628 0.0477894 -0.0191918 -0.00346937
internal_weight=1331.81 940.689 838.743 391.119 305.386 487.529 438.011 335.284 307.22 66.3699 102.727 240.85 51.646 226.875 160.19 121.495 14.9169 7.10169 106.578 7.81516 191.463 128.48 100.55 79.6495 62.9833 15.1089 145.196 35.4122 47.8744 351.214
internal_count=47228 13757 13169 33471 23414 5181 4594 3793 3647 819 801 2828 394 2626 10091 7790 714 378 7076 336 2397 905 740 612 1492 244 13323 229 1248 7988
is_linear=0
shrinkage=0.06


Tree=40
num_leaves=31
num_cat=0
split_feature=14 32 16 31 36 43 36 14 7 21 24 0 15 36 0 5 27 17 3 10 22 35 18 1 6 41 41 31 41 14
split_gain=65.1451 23.216 17.4865 10.7089 10.5191 24.165 13.3378 12.837 13.8427 12.1608 13.3566 12.9129 11.1841 13.287 22.1467 9.91488 18.6749 8.80587 8.76226 8.18025 7.94797 18.9766 12.6148 19.2505 14.7094 11.2364 18.3909 11.1833 10.0767 9.36768
threshold=16.510416666666671 88.450000000000017 94.250000000000014 1.0000000180025095e-35 180.90000000000001 9.0000000000000018 203.00000000000003 17.464583333333341 0.85500000000000009 0.14915357378764948 1092.5000000000002 46.500000000000007 17.104861111111116 270.15000000000003 53.500000000000007 84.500000000000014 6.5000000000000009 96.687500000000014 1.5000000000000002 76.083333333333357 -0.91953820376387785 186.53055555555559 95.631944444444457 1.0000000180025095e-35 1.5000000000000002 9.7000000000000011 8.1000000000000014 14.500000000000002 7.0500000000000007 20.556250000000002
decision_type=2 2 2 2 2 2 2 2 2 2 2 2 2 2 2 2 2 2 2 2 2 2 2 2 2 2 2 2 2 2
left_child=-1 3 -3 -2 5 -4 -6 12 20 -7 -11 -12 13 14 15 -8 17 -17 -5 -20 27 25 -23 24 -24 26 -22 28 29 -9
right_child=1 2 4 18 6 9 7 8 -10 10 11 -13 -14 -15 -16 16 -18 -19 19 -21 21 22 23 -25 -26 -27 -28 -29 -30 -31
leaf_value=-0.029225933587804016 0.027962521608754121 0.034113563292992727 -0.00019559708650837042 -0.026574783567076873 -0.019697130455043611 0.12337941766153497 -0.013140675835945279 -0.01584445614253617 -0.043928611847780609 0.07486112711360253 -0.011701142658061398 0.076358630227739657 -0.047553076328079924 -0.031101163723643615 0.12643390548612518 0.08192885733642051 0.16112741782511175 -0.06119865694085979 -0.054738518170131548 0.026542195849731349 0.011399100045837395 0.11077572749763918 0.13731646450948121 -0.01171119334650615 0.013299206601286511 -0.0046068000600933056 0.063021046283879764 -0.032345458094908838 0.021907999779494026 0.033863252367173857
leaf_weight=235.35817338619381 18.97319973539561 92.64234210178256 77.923119271174073 125.8668869016692 78.482322450727224 7.2581302132457486 32.429057857953012 69.201577583327889 16.204890419729054 22.843168183229864 20.836176675744358 8.4161708094179613 24.870336942374706 32.817349261604249 5.9802539730444542 2.4999668356031162 3.753853858448565 4.0617209570482373 5.5555809615179923 22.552794812247157 111.91852489393204 11.376807151362298 8.3377170879393798 14.781527955085039 5.8647684436291465 85.492364628240466 31.933807084336877 26.923248488456011 100.68043125234544 17.001811817288399
leaf_count=26624 214 551 2637 4249 1710 112 1338 510 265 207 531 153 932 1311 190 115 190 268 241 512 1349 100 161 293 86 1067 199 466 677 93
internal_value=-0.000604945 0.00558936 0.00940172 -0.0145699 0.00661623 0.0217748 0.00357668 0.0065902 0.0106195 0.0506188 0.0404815 0.0136345 -0.0123318 -0.00158929 0.0182877 0.00315728 0.0543933 -0.00666786 -0.0198109 0.0104772 0.0124477 0.0192969 0.0572354 0.0362197 0.0861048 0.0126204 0.0228587 0.00380781 0.0090162 -0.00604065
internal_weight=1322.84 1087.48 914.531 172.948 821.889 137.277 684.612 606.13 499.717 59.3536 52.0955 29.2523 106.413 81.5422 48.7249 42.7446 10.3155 6.56169 153.975 28.1084 483.513 269.706 40.3608 28.984 14.2025 229.345 143.852 213.807 186.884 86.2034
internal_count=47351 20727 15511 5216 14960 3640 11320 9610 5266 1003 891 684 4344 3412 2101 1911 573 383 5002 753 5001 3255 640 540 247 2615 1548 1746 1280 603
is_linear=0
shrinkage=0.06


Tree=41
num_leaves=31
num_cat=0
split_feature=19 29 36 41 22 38 38 19 42 41 7 6 42 17 41 41 9 0 5 14 17 41 7 0 9 0 41 9 0 2
split_gain=60.7803 19.9705 17.5145 17.2932 17.0576 11.4853 11.4695 11.9458 9.63527 11.1563 13.1719 11.7295 13.0231 11.4439 10.6566 14.2424 9.02856 8.63111 8.36682 8.8496 17.8214 10.9844 30.3581 10.8122 8.3911 8.3359 13.4935 8.2266 7.97283 8.83287
threshold=95.500000000000014 3.5000000000000004 197.20000000000002 5.4500000000000011 -0.79311261429814539 16.222916666666688 62.389583333333334 93.500000000000014 79.729166666666686 9.7000000000000011 0.52500000000000013 2.5000000000000004 65.479166666666671 95.395833333333357 11.15 12.900000000000002 1.0500000000000003 53.500000000000007 90.500000000000014 16.106250000000006 97.229166666666671 9.1000000000000014 0.54500000000000015 47.500000000000007 3.9500000000000006 20.500000000000004 9.8500000000000032 0.8500000000000002 20.500000000000004 23.800000000000001
decision_type=2 2 2 2 2 2 2 2 2 2 2 2 2 2 2 2 2 2 2 2 2 2 2 2 2 2 2 2 2 2
left_child=1 5 3 -3 6 28 7 -4 9 -7 11 13 -13 -11 -15 -16 -9 -12 19 21 -21 22 -2 24 -24 26 -20 -5 -1 -30
right_child=18 2 4 27 -6 8 -8 16 -10 10 17 12 -14 14 15 -17 -18 -19 25 20 -22 -23 23 -25 -26 -27 -28 -29 29 -31
leaf_value=-0.063427921613998184 0.28601873717298937 0.051509600967968569 0.034867405204041725 -0.053370259327092995 0.059375385648828279 0.028354014514469401 0.059007605889229479 -0.023866834148541006 -0.015245047375709165 -0.050139259311658399 -0.025765010707465272 0.10769622282117537 0.021555221687712147 -0.03789392139209035 0.11160976753450207 -0.024005934549940926 0.012064355134719134 0.034211249204806081 0.22969737746671245 -0.012029938185633813 0.18138244703741477 -0.038510095271178088 -0.053589058320278909 0.13673436493058547 0.13840714972906343 -0.047883996691872023 -0.060521452739214998 -0.0056623098739065746 0.0045934687027845266 -0.016872546530798196
leaf_weight=9.5875205406919104 1.3848978308960784 17.605448452755809 68.064960062503815 15.360039532184599 42.126552476547658 96.205837414134294 22.357485376298428 31.669045442715287 54.248118211515248 11.857715144753458 57.634785688947886 9.3050688621588069 19.68394092656672 6.1941216755658415 7.2323121549561602 4.5364868929609656 122.78034743852913 10.160781212151049 1.0322685679420822 151.51634994708002 1.7346783070825029 100.99821775825694 8.6833491357974673 1.5207845107652236 0.90487140370532948 60.475991065148264 1.3069096468389032 85.116584154777229 119.59043906582519 163.15540325641632
leaf_count=345 158 98 392 127 262 1117 142 189 724 87 1499 100 240 127 130 177 761 207 76 9785 163 12772 1077 179 109 6253 159 718 3552 5192
internal_value=-0.00161022 0.00592281 0.0161063 -0.00334408 0.0241089 -0.00132197 0.0180418 0.0139257 0.0074313 0.0129523 0.00124878 0.0220278 0.0492053 -0.00439168 0.0258073 0.0593344 0.00469685 -0.0167761 -0.0238847 -0.0192454 -0.00984067 -0.0319449 0.021127 -0.0118956 -0.0354698 -0.0435853 0.0675508 -0.0129555 -0.00961789 -0.00779326
internal_weight=1304.03 974.473 405.08 118.082 286.998 569.393 244.872 222.514 277.059 222.811 126.605 58.8096 28.989 29.8206 17.9629 11.7688 154.449 67.7956 329.558 266.743 153.251 113.492 12.4939 11.109 9.58822 62.8152 2.33918 100.477 292.333 282.746
internal_count=46917 16186 2689 943 1746 13497 1484 1342 4408 3684 2567 861 340 521 434 307 950 1706 30731 24243 9948 14295 1523 1365 1186 6488 235 845 9089 8744
is_linear=0
shrinkage=0.06


Tree=42
num_leaves=31
num_cat=0
split_feature=17 17 32 42 30 35 35 0 23 30 23 42 23 41 9 38 9 41 2 0 14 41 9 10 31 25 37 30 31 34
split_gain=52.4753 16.9459 13.12 13.9031 23.1051 18.7461 14.1244 12.5261 17.5748 18.3002 21.6386 18.693 14.4567 13.2045 12.5718 12.4104 12.3429 12.0166 11.8523 11.755 33.2982 18.5044 32.8899 15.6965 11.414 11.1372 10.3231 16.2182 32.6473 9.97907
threshold=96.604166666666671 94.312500000000014 91.200000000000003 81.750000000000014 5.5000000000000009 149.21180555555557 110.65347222222225 51.500000000000007 0.625000000000001 4.5000000000000009 -0.28749999999999865 74.979166666666671 -1.0666666666666653 14.550000000000002 1.9500000000000002 43.645833333333336 1.2500000000000002 12.050000000000002 27.050000000000004 30.500000000000004 14.943750000000003 6.5000000000000009 3.2500000000000004 77.083333333333357 15.500000000000002 5731.5000000000009 2.5000000000000004 1.5000000000000002 58.500000000000007 148.97708333333335
decision_type=2 2 2 2 2 2 2 2 2 2 2 2 2 2 2 2 2 2 2 2 2 2 2 2 2 2 2 2 2 2
left_child=1 29 -3 6 -5 -6 26 12 9 10 11 -9 -8 25 -11 -10 -7 24 -2 20 -20 22 -22 -23 -12 -14 27 28 -4 -1
right_child=18 2 3 4 5 16 7 8 15 14 17 -13 13 -15 -16 -17 -18 -19 19 -21 21 23 -24 -25 -26 -27 -28 -29 -30 -31
leaf_value=0.011117818140581451 -0.03817984781971244 -0.013773803314474951 0.32497772115650697 -0.033674338126799298 0.062554806356809656 -0.039252530136150744 -0.035318161225356332 0.27948329413057144 -0.035695571947910329 -0.017764375198891486 0.091114247070446797 0.078246523785163197 0.014436719638632122 -0.033521347242020258 0.058105769363820572 0.033613179549976502 0.012296940324566148 0.1218202176327198 0.37623946692024329 -0.021422986168205229 0.29719449094605843 -0.037346042220567643 -0.060845362540420327 0.18997263075996304 -0.01280067981394623 -0.061245674717240468 -0.030905285071679237 -0.0067156944866885353 -0.061206466782882343 0.048062863125439587
leaf_weight=59.239999331533909 136.40565926441923 153.37090195389464 1.7075172550976268 79.106512658298016 19.482452395372093 23.834741328842938 25.788345874287188 3.3863354176282909 18.39453555084765 15.91606886778027 6.3313273955136564 3.2629817584529519 427.29668845422566 22.929292896296829 15.538241061381994 18.81268107611686 56.027849819511175 7.2670377180911592 0.96167915640399115 67.231541456189007 2.0100720385089548 12.790318517480044 1.7088755015283821 1.1957749971188594 9.53750759270042 7.116452068090438 48.332828396465629 11.364331053569911 1.4635100732557476 47.362049877643585
leaf_count=312 16206 6072 113 2049 127 209 513 101 244 157 90 106 6584 682 131 169 423 191 125 7305 159 1377 142 120 234 516 1879 492 104 311
internal_value=-0.000633137 0.00481791 0.00233767 0.00534051 -0.00948011 0.00978527 0.00944445 0.0123649 0.0318718 0.0516321 0.0853377 0.180732 0.00839005 0.0108546 0.019715 -0.00065174 -0.00308784 0.0579213 -0.0271859 -0.00972752 0.0323958 0.0137194 0.132673 -0.0179109 0.0286592 0.0131969 -0.0175722 0.026763 0.146744 0.0275321
internal_weight=1305.17 1082.87 976.268 822.897 178.452 99.345 644.446 581.577 98.4467 61.2395 29.7852 6.64932 483.131 457.342 31.4543 37.2072 79.8626 23.1359 222.304 85.8983 18.6667 17.705 3.71895 13.9861 15.8688 434.413 62.8682 14.5354 3.17103 106.602
internal_count=47243 21809 21186 15114 2808 759 12306 9718 1423 1010 722 207 8295 7782 288 413 632 515 25434 9228 1923 1798 301 1497 324 7100 2588 709 217 623
is_linear=0
shrinkage=0.06


Tree=43
num_leaves=31
num_cat=0
split_feature=17 35 31 20 12 35 24 18 31 42 41 17 21 42 11 29 35 25 10 32 23 9 25 6 18 23 35 25 31 12
split_gain=47.4816 19.5883 14.8089 12.9814 13.9641 9.58544 8.76219 8.55072 17.5314 17.0254 9.56129 10.4302 13.2212 12.2739 11.2877 18.542 25.7041 9.80728 8.93846 13.3557 8.16529 14.5897 14.3083 28.664 52.6593 12.9695 13.7444 10.1042 9.64932 20.5776
threshold=96.562500000000014 110.65347222222225 2.5000000000000004 -0.95406364532752963 73.923611111111128 271.78194444444449 1397.5000000000002 96.7291666666667 63.500000000000007 76.229166666666671 15.15 95.479166666666671 0.87811739521908916 82.687500000000014 67.979166666666671 1.0000000180025095e-35 133.51666666666668 1948.5000000000002 74.416666666666671 141.70000000000002 0.42916666666666986 2.4500000000000006 4789.5000000000009 1.0000000180025095e-35 97.284722222222243 0.67499999999999993 138.53472222222226 2485.5000000000005 70.500000000000014 66.604166666666686
decision_type=2 2 2 2 2 2 2 2 2 2 2 2 2 2 2 2 2 2 2 2 2 2 2 2 2 2 2 2 2 2
left_child=1 -1 6 4 -4 7 -3 10 9 -9 11 12 -5 14 15 16 -13 -16 -14 -20 -2 28 27 24 -24 26 -25 -23 -22 -30
right_child=20 2 3 5 -6 -7 -8 8 -10 -11 -12 13 18 -15 17 -17 -18 -19 19 -21 21 22 23 25 -26 -27 -28 -29 29 -31
leaf_value=-0.016679768542217956 -0.030415244629794266 0.021934111017992586 0.12087407332279679 0.040864936495802286 -0.023645176169137215 -0.036462970655693767 -0.02738762089498277 -0.051386264858673779 0.19220391057689087 0.11194253499399777 -0.043594620704361819 0.23826536055014649 -0.015087890688286632 -0.033243004130465797 0.052138518017159644 -0.02701785639626832 0.027444467150058684 -0.0052682086667897813 0.0010367456653548081 0.033655055594090703 -0.040884476215384331 0.14674123476315298 0.43413402467663154 0.020448242409662594 -0.060548422157147633 -0.061244568509997523 0.2853086185230635 -0.044307210718325829 0.24661770216600112 -0.011613768646938272
leaf_weight=121.69417147198692 175.10452005593106 292.367242930457 6.8038726123049837 47.763862447813153 3.7245159209705889 21.861090845428407 13.568763071671126 5.5571066783741099 2.5933889648877075 3.917175822891295 15.465911033097653 3.3552036881446821 54.457903431728482 44.150054054800421 11.310099784284828 6.3386064777150741 5.4864943819120526 203.05198136391118 130.445526400581 69.143973581492901 29.837816774845123 1.1552545670419947 1.9285585819743558 2.2174404514953499 1.2947864523157475 3.5430467743426561 1.034336110576987 7.2561507993377745 1.3582955370657135 6.0994872911833227
leaf_count=5122 21204 2154 178 411 121 347 256 256 118 125 699 149 653 1570 191 206 186 6359 1241 451 2882 79 142 248 161 306 61 660 110 604
internal_value=0.000616763 0.00597268 0.00890106 0.0036793 0.069749 0.00256615 0.0197466 0.00398102 0.0539789 0.0161426 0.00296006 0.00421115 0.0119031 -0.00427108 0.00130137 0.0512998 0.107446 -0.00223933 0.00645796 0.0123367 -0.0240492 -0.00404534 0.0396284 0.0880711 0.235425 0.018169 0.104696 -0.0180679 -0.0256267 0.0354183
internal_weight=1293.89 1063.06 941.363 635.427 10.5284 624.898 305.936 603.037 12.0677 9.47428 590.97 575.504 301.811 273.692 229.542 15.1803 8.8417 214.362 254.047 199.589 230.83 55.7252 18.4296 10.0182 3.22335 6.79482 3.25178 8.41141 37.2956 7.45778
internal_count=47250 20793 15671 13261 299 12962 2410 12615 499 381 12116 11417 2756 8661 7091 541 335 6550 2345 1692 26457 5253 1657 918 303 615 309 739 3596 714
is_linear=0
shrinkage=0.06


Tree=44
num_leaves=31
num_cat=0
split_feature=19 16 38 31 6 13 21 23 35 35 5 2 2 34 5 21 26 17 0 2 7 21 29 21 30 2 35 5 7 41
split_gain=43.9327 18.1623 15.2376 15.4891 13.8323 10.8343 11.9696 11.1146 9.16084 13.9655 11.9208 14.0512 10.5347 12.6261 17.2799 9.40992 11.585 13.0912 13.1556 12.6345 9.76363 9.26348 8.63986 8.81507 8.31572 10.274 18.7325 24.8415 8.69949 10.8103
threshold=95.500000000000014 93.750000000000014 -42.689583333333324 70.500000000000014 4.5000000000000009 20.333333333333336 3.2193572271459456 -0.55833333333333079 271.78194444444449 186.53055555555559 66.500000000000014 20.950000000000003 26.950000000000003 213.12083333333339 76.500000000000014 0.92924143770553969 0.88109187050815296 95.645833333333357 41.500000000000007 30.550000000000004 0.69500000000000006 0.47157955161387216 5.5000000000000009 1.7044057326648263 1.5000000000000002 18.050000000000001 110.65347222222225 73.500000000000014 0.76500000000000012 11.800000000000002
decision_type=2 2 2 2 2 2 2 2 2 2 2 2 2 2 2 2 2 2 2 2 2 2 2 2 2 2 2 2 2 2
left_child=1 -1 -3 5 -5 6 7 22 9 15 -11 -12 13 14 -13 16 19 18 -18 20 21 -9 -4 -24 25 26 -2 -28 29 -27
right_child=24 2 3 4 -6 -7 -8 8 -10 10 11 12 -14 -15 -16 -17 17 -19 -20 -21 -22 -23 23 -25 -26 28 27 -29 -30 -31
leaf_value=0.056108271392684608 -0.044103737369285918 -0.023292441407136644 -0.021255752958545704 -0.032603455580371178 0.054211620609439466 0.021465009472815318 -0.038228078625513084 0.069723266967095271 -0.048481197428613433 -0.021105065994182482 -0.012895257710878589 0.18232910944295572 0.024448123166686615 0.035827950375965693 0.063383319741568314 -0.00014940263054321782 -0.011564742409817794 -0.015754011829840427 0.070412272909621154 0.1192083262638164 0.082971562134582788 0.0042677312035548677 0.049093573950655466 -0.01474193063004677 -0.031529881360366933 0.013036943221713631 0.27099450116714008 -0.026774463265991619 -0.037734184621778175 -0.025606740469500532
leaf_weight=23.681358449161053 3.617419301532208 73.684310407843441 84.281505933962762 58.609665126074106 7.4464580584317437 158.52480561472476 23.32949348539114 9.7939751469530147 9.6775185316801053 12.006486577913163 12.646855128929017 7.4343013539910343 20.965876808390021 13.768911835737528 10.761727929580955 282.59500843426213 12.329516166821124 48.67696987092495 16.450106635689735 6.1874552918598047 9.9761262447573227 37.920955623500049 14.884809359908106 16.332734193652868 155.14230148028582 52.975102020427585 2.3473853855393827 1.7684678821824489 44.210238379891962 51.293762117158622
leaf_count=163 398 1411 2434 1795 166 899 178 126 104 113 164 96 273 104 183 3907 159 2670 178 101 253 619 100 116 15237 4279 158 186 4852 5752
internal_value=-0.00207611 0.00420707 0.00291095 0.00511856 -0.0228169 0.00740081 0.00397088 0.0055418 0.00933992 0.0104557 0.0338601 0.0439236 0.0574994 0.0791779 0.111981 0.00617238 0.0188126 0.00321269 0.0352924 0.0377284 0.0289896 0.0177031 -0.0112684 0.0156954 -0.0216905 -0.0119186 0.0555052 0.143051 -0.0154303 -0.00597333
internal_weight=1283.32 971.967 948.286 874.601 66.0561 808.545 650.02 626.691 511.192 501.514 77.5842 65.5777 52.9308 31.9649 18.196 423.93 141.335 77.4566 28.7796 63.8785 57.6911 47.7149 115.499 31.2175 311.355 156.212 7.73327 4.11585 148.479 104.269
internal_count=47174 16312 16149 14738 1961 12777 11878 11700 9050 8946 933 820 656 383 279 8013 4106 3007 337 1099 998 745 2650 216 30862 15625 742 344 14883 10031
is_linear=0
shrinkage=0.06


Tree=45
num_leaves=31
num_cat=0
split_feature=13 32 28 6 0 35 2 20 35 23 42 7 32 30 6 2 16 2 2 13 26 12 9 12 30 35 0 7 23 31
split_gain=39.8322 20.1885 13.029 11.2208 13.3886 16.645 10.9144 10.1493 16.8199 24.4269 28.1661 10.0157 11.5633 9.34704 8.63542 15.3378 21.9032 8.05854 11.9006 13.3948 35.4743 7.89932 9.20015 7.73735 12.8615 9.69587 7.58788 7.5061 11.2817 11.8513
threshold=16.825000000000006 87.550000000000011 2.5000000000000004 2.5000000000000004 31.500000000000004 186.53055555555559 27.550000000000004 2.0337697462247779 134.15208333333337 0.24166666666666622 76.354166666666671 0.37000000000000005 249.75000000000003 45.500000000000007 1.0000000180025095e-35 20.600000000000005 95.416666666666671 18.050000000000001 17.150000000000002 16.291666666666671 0.90084621568940293 84.756944444444457 1.8500000000000003 72.909722222222243 10.500000000000002 126.67430555555555 56.500000000000007 0.71500000000000008 -0.48333333333332973 20.500000000000004
decision_type=2 2 2 2 2 2 2 2 2 2 2 2 2 2 2 2 2 2 2 2 2 2 2 2 2 2 2 2 2 2
left_child=6 13 3 21 5 23 17 -8 -9 10 -10 -6 26 14 15 -2 -17 18 -1 -20 -21 -3 -23 25 -25 -5 -13 -16 29 -29
right_child=1 2 -4 4 11 -7 7 8 9 -11 -12 12 -14 -15 27 16 -18 -19 19 20 -22 22 -24 24 -26 -27 -28 28 -30 -31
leaf_value=-0.045434926863633061 0.17215158099298597 0.00014721544360979201 0.030949328348266445 -0.069136646751437741 0.043844783924310571 0.12059785249326062 -0.0096728058527536832 -0.036951425745527525 0.3334223197341043 -0.023308957123527853 0.029039958392453283 -0.0026467652377138613 0.059272405471426579 0.018486279916195083 -0.033262244407943994 0.13505427929362573 -0.034958863276729847 -0.030887926476768465 0.0013816572532433487 -0.031782514127544542 0.33342020725752203 -0.010019841103096601 0.053041440530243421 0.079986189232166563 0.0098393563244152677 0.024262931503189561 0.053057639241697818 0.0018291830724030079 -0.019093798386435185 0.19506561513038825
leaf_weight=7.7735706847161081 2.0542880347929922 452.51159962359816 98.293511367868632 5.3704443154856589 27.172467408701777 8.2475898973643762 65.543604678008705 4.9067079238593561 2.4308091052807868 3.0991623848676682 1.9907304062508044 156.65092327771708 12.987194767221807 27.831163266673684 91.798373993951827 3.4010112509131458 13.785939569119362 173.02785344421864 6.7383099999278766 2.0146107464097445 1.8248515659943221 13.289518713951109 22.31098809838295 19.340991320088506 18.325513456016779 15.694771172013132 9.3274333206936699 2.4976539020426598 12.978555893991141 2.1060382477007806
leaf_count=829 138 9137 566 136 214 92 7065 374 166 169 123 2085 80 181 3256 41 1041 18927 635 100 154 100 197 184 123 265 104 96 702 136
internal_value=0.0013447 0.00678319 0.0103917 0.00773717 0.0174756 0.0407808 -0.019169 -0.000246783 0.0494672 0.105849 0.196379 0.0099032 0.00474983 -0.0130411 -0.019863 0.0172042 -0.00131609 -0.0268783 0.0109273 0.0523478 0.141794 0.00228813 0.0295009 0.0295723 0.0458583 0.000451296 0.000483638 -0.0263835 0.00953088 0.0902285
internal_weight=1285.33 1015.98 859.523 761.229 273.117 66.9793 269.35 77.971 12.4274 7.5207 4.42154 206.138 178.966 156.453 128.622 19.2412 17.187 191.379 18.3513 10.5778 3.83946 488.112 35.6005 58.7317 37.6665 21.0652 165.978 109.381 17.5822 4.60369
internal_count=47416 18874 13283 12717 3283 800 28542 7897 832 458 289 2483 2269 5591 5410 1220 1082 20645 1718 889 254 9434 297 708 307 401 2189 4190 934 232
is_linear=0
shrinkage=0.06


Tree=46
num_leaves=31
num_cat=0
split_feature=13 25 38 42 2 15 35 42 5 2 0 8 12 15 31 0 2 25 42 35 14 31 25 31 35 21 2 36 1 0
split_gain=36.4869 13.9572 14.9314 12.6982 12.5548 12.778 11.7424 10.8477 10.4619 9.12267 13.4535 11.5321 8.66153 17.0454 17.3705 10.7449 8.32124 12.0965 29.0575 14.5734 20.5954 20.7721 8.29659 8.15989 13.1947 13.4543 13.6916 12.8244 12.8194 11.013
threshold=17.091666666666672 1948.5000000000002 62.389583333333334 65.104166666666671 24.650000000000002 17.656250000000004 271.78194444444449 78.062500000000014 49.500000000000007 23.800000000000001 20.500000000000004 1.0000000180025095e-35 67.534722222222243 17.547916666666669 56.500000000000007 22.500000000000004 31.700000000000006 6459.5000000000009 73.500000000000014 133.51666666666668 16.822916666666671 34.500000000000007 6352.5000000000009 42.500000000000007 123.15902777777779 -0.16135116374291317 20.600000000000005 270.15000000000003 1.0000000180025095e-35 55.000000000000007
decision_type=2 2 2 2 2 2 2 2 2 2 2 2 2 2 2 2 2 2 2 2 2 2 2 2 2 2 2 2 2 2
left_child=8 6 9 -4 5 7 -2 -5 -1 10 -3 23 13 14 -11 -14 22 19 -19 -18 21 -21 -10 28 25 -25 -27 -26 -12 -30
right_child=1 2 3 4 -6 -7 -8 -9 16 12 11 -13 15 -15 -16 -17 17 18 -20 20 -22 -23 -24 24 27 26 -28 -29 29 -31
leaf_value=0.10309160866519826 0.023785611864227989 -0.061490267122483164 -0.023748021063915738 0.017149264855509942 0.052066334533684366 0.045852066373820138 -0.031591687574063838 -0.059213902571104704 -0.018541897469337369 -0.047492446619934577 0.022078294211097464 -0.033708762620023924 0.063775655561751826 0.15028509258312026 0.15511816973542486 -0.011978126688096887 -0.045568824623823487 0.013972149304262315 0.41674359446313164 0.037205903929151352 -0.031937258074893143 0.33825903101518418 -0.046830452884698878 -0.016878931108122577 -0.016001033618191926 0.050268178208317783 0.19324476562753407 0.080937868431918761 -0.016176209086583099 0.02747397858784785
leaf_weight=2.4981326190754762 169.96958328876644 10.457530595827846 18.776013334747404 14.308979143388571 47.177656824234873 18.832904173061252 15.001302126795052 12.588603851385413 241.26130255917087 7.0954166906885785 107.32820426719263 22.237614241894335 6.8736537913791826 3.6074080169200888 1.9397724904119966 348.15182843897492 11.33435979718343 2.4159909803420301 0.87958761723712076 1.8332460625097149 3.7761131757870317 1.500326434150338 44.153987605124712 3.3880075793713322 17.52379809180275 4.7985617117956263 4.8463114271871746 6.8269739686511448 93.406851075589657 26.772195156663656
leaf_count=58 1338 307 236 117 409 123 106 153 22842 367 1558 553 160 73 121 7353 1021 297 83 152 162 105 6651 98 529 140 183 156 1570 208
internal_value=-0.00128452 0.0044821 0.000955623 0.0212561 0.0303511 0.00794865 0.0192945 -0.0185902 -0.019198 -0.00245246 0.00535734 0.007792 -0.00877362 0.0400278 -0.0039938 -0.0105115 -0.0201926 0.0155906 0.121472 -0.00332821 0.0640124 0.1727 -0.0229182 0.011276 0.0372547 0.0859789 0.12211 0.0111767 0.00700722 -0.00645229
internal_weight=1271.56 961.909 776.938 111.684 92.9081 45.7305 184.971 26.8976 309.653 665.254 297.586 287.129 367.668 12.6426 9.03519 355.025 307.155 21.7396 3.29558 18.444 7.10969 3.33357 285.415 264.891 37.3837 13.0329 9.64487 24.3508 227.507 120.179
internal_count=47229 15858 14414 1038 802 393 1444 270 31371 13376 5302 4995 8074 561 488 7513 31313 1820 380 1440 419 257 29493 4442 1106 421 323 685 3336 1778
is_linear=0
shrinkage=0.06


Tree=47
num_leaves=31
num_cat=0
split_feature=13 16 35 25 32 21 1 11 20 43 32 10 28 2 39 17 31 25 16 0 35 0 21 20 11 18 9 2 35 32
split_gain=33.9746 16.9078 11.611 10.5319 11.2587 17.2425 34.6743 10.7527 8.98097 8.62667 10.0437 8.67879 7.85305 7.70743 18.0584 8.23588 7.43405 7.12268 6.56097 6.29413 17.1407 12.6835 13.3224 37.7441 8.6811 45.1527 11.567 6.63848 6.38678 10.6612
threshold=17.308333333333337 93.916666666666671 110.65347222222225 5835.5000000000009 64.90000000000002 -1.0895289235708521 1.0000000180025095e-35 82.270833333333357 -0.95406364532752963 15.000000000000002 151.75000000000003 78.083333333333357 2.5000000000000004 31.700000000000006 132.9291666666667 97.145833333333357 1.0000000180025095e-35 4607.5000000000009 94.750000000000014 39.500000000000007 68.239583333333343 42.500000000000007 1.0000000180025095e-35 -0.74450587625438647 75.354166666666671 96.437500000000014 0.75000000000000011 17.750000000000004 161.01111111111115 176.80000000000004
decision_type=2 2 2 2 2 2 2 2 2 2 2 2 2 2 2 2 2 2 2 2 2 2 2 2 2 2 2 2 2 2
left_child=3 -2 -3 4 -1 6 -6 13 -4 10 12 18 -10 -5 -15 -16 -13 -12 -11 20 -7 22 -21 -24 26 -26 -25 -28 -29 -30
right_child=1 2 8 7 5 19 -8 -9 9 11 17 16 -14 14 15 -17 -18 -19 -20 21 -22 -23 23 24 25 -27 27 28 29 -31
leaf_value=-0.054645305482143053 0.042599481357465385 -0.018544534983659881 0.062476608166569123 -0.045326040516639417 0.34629590347875083 0.18560427733962925 -0.03370827619334589 0.1973468425524354 -0.011767842423196848 0.061889471029043033 0.011024658427976605 0.054087802301054137 0.020616614125437308 0.22892298095610827 -0.060661445525440394 0.13880949090900938 0.016273390136355946 -0.022587101869912463 -0.015089848664737797 -0.038636423944149921 -0.020927411298914338 -0.013903506087344081 0.30164449202335458 0.13920802316209371 -0.0018850653773753107 0.30917470440083555 0.092104649540740921 -0.04959285724697763 0.15181880818847895 -0.06190606577772604
leaf_weight=20.233383325859904 41.125305898487568 80.053593541495502 9.8139433236792666 67.43241526465863 1.470090719405561 1.4625405767001201 2.0982317975722253 0.69746815273538132 227.7541833948344 4.3901635725051156 273.11924394732341 21.309426196385175 30.575667666271329 1.2422475763596583 4.2685954025946558 0.90276151848956931 153.7848433428444 24.753811934031546 43.28137133223936 8.0488493954762799 132.99263145495206 71.712838968727738 1.9776157448068286 2.0690633645281258 6.4694775277748686 2.2692138813436031 1.9431345243938256 10.404782486613838 1.6897215349599712 1.6712923487648366
leaf_count=2498 285 2310 164 10001 127 192 199 68 4322 28 2413 147 177 116 460 107 2149 421 1236 845 11822 5290 145 106 232 174 74 925 115 89
internal_value=-0.00104614 0.00500724 0.00322786 -0.017197 -0.0116208 -0.00808604 0.122847 -0.0371334 0.00543754 0.00471893 0.000722975 0.014696 -0.00793485 -0.039348 0.023505 -0.0258399 0.0208755 0.00823146 -0.00800067 -0.010011 -0.0186809 0.000757037 0.0295271 0.0487814 0.0299229 0.0788892 0.00585372 -0.0117107 -0.0263649 0.0455423
internal_weight=1251.02 909.962 868.836 341.056 266.513 246.279 3.56832 74.5435 788.783 778.969 556.203 222.766 258.33 73.846 6.4136 5.17136 175.094 297.873 47.6715 242.711 134.455 108.256 36.5432 28.4943 26.5167 8.73869 17.778 15.7089 13.7658 3.36101
internal_count=47237 13652 13367 33585 22833 20335 326 10752 11057 10893 7333 3560 4499 10684 683 567 2296 2834 1264 20009 12014 7995 2705 1860 1715 406 1309 1203 1129 204
is_linear=0
shrinkage=0.06


Tree=48
num_leaves=31
num_cat=0
split_feature=25 32 13 32 40 30 25 35 35 40 42 2 41 22 13 18 26 27 25 35 7 31 27 12 12 2 2 7 32 25
split_gain=28.9114 18.9843 14.9895 13.8078 11.3489 18.5435 10.1415 7.86695 13.0493 16.7269 13.013 13.4164 17.0977 34.9507 17.2571 15.4788 37.8804 22.8532 25.5238 13.8431 13.0118 12.7276 12.2924 17.2054 11.8147 10.9819 26.9082 18.4193 10.766 10.7883
threshold=5835.5000000000009 74.700000000000017 20.333333333333336 151.75000000000003 7.0500000000000007 34.500000000000007 2661.5000000000005 110.65347222222225 118.76736111111111 20.950000000000003 65.104166666666671 27.750000000000004 14.750000000000002 -0.17511272203793732 16.75833333333334 96.6041666666667 0.70439072980213047 4.5000000000000009 5172.5000000000009 126.67430555555555 0.71500000000000008 60.500000000000007 6.5000000000000009 72.048611111111128 74.145833333333343 26.450000000000006 24.500000000000004 0.63500000000000012 116.05000000000001 5077.5000000000009
decision_type=2 2 2 2 2 2 2 2 2 2 2 2 2 2 2 2 2 2 2 2 2 2 2 2 2 2 2 2 2 2
left_child=1 -1 4 6 5 -3 -4 -6 9 -9 25 12 14 21 -12 19 -17 24 22 -13 -21 -14 23 -19 -18 26 -10 -28 29 -16
right_child=-2 2 3 -5 7 -7 -8 8 10 -11 11 15 13 -15 28 16 17 18 -20 20 -22 -23 -24 -25 -26 -27 27 -29 -30 -31
leaf_value=-0.023934556640740779 -0.034896482873384753 -0.026386271262159044 0.020059933337091124 0.048846006637016194 -0.010198872991573687 0.071720227879668128 -0.020981961926260381 0.013259044179277348 -0.031084923585597272 0.082659725649643523 -0.035389154966717178 -0.064905101613172589 -0.031296090970985749 0.35807683689754549 -0.020952198399782136 0.32855891804635501 -0.047190424664636299 0.21657516569272817 0.26461901186671638 0.024047223353026646 -0.04196803102952152 0.17172790380072078 -0.031420058240237386 -0.032696676520830935 0.11179147667497222 -0.056034098134475935 0.012606820079680761 0.19187639595421313 0.0090850763191640486 0.083642138198848165
leaf_weight=90.358837949112058 79.561416647396982 84.410690796095878 92.771720204502344 46.806157417595387 121.29328146437183 7.5567738190293303 28.282237006351352 44.920140989124775 27.748175617307425 17.324008121620864 46.061297123786062 7.6462240577675393 3.9723614803515375 1.4333047717809666 75.037055673543364 1.829474451951685 8.8017476429231483 2.5902576325461251 2.7427661698311567 120.01976579567418 11.805861346889285 1.5435633743181822 3.5080931414850056 1.6204347251914439 2.0805779630318275 22.512340701650828 4.6794435144402069 3.6906018294394016 282.13159959856421 3.7263840814121059
leaf_count=5778 11308 2072 510 321 8323 41 160 1854 698 602 3890 186 255 179 1987 46 879 185 149 1623 381 103 172 96 154 706 96 157 4150 235
internal_value=0.000100918 0.00248301 0.00469623 0.0211716 0.00165944 -0.0183251 0.0104712 0.00390432 0.00635709 0.0325749 0.0037879 0.00652653 0.000789057 0.0941092 -0.000804489 0.0211275 0.0665372 0.0440782 0.1074 0.0135826 0.0181351 0.0255177 0.0515338 0.120646 -0.0167949 -0.0231428 -0.00264181 0.0916521 0.00360958 -0.0160037
internal_weight=1248.47 1168.91 1078.55 167.86 910.686 91.9675 121.054 818.719 697.425 62.2441 635.181 576.551 413.906 6.94923 406.956 162.645 23.1734 21.3439 10.4616 139.472 131.826 5.51592 7.71879 4.21069 10.8823 58.6306 36.1182 8.37005 360.895 78.7634
internal_count=47296 35988 30210 991 29219 2113 670 27106 18783 2456 16327 14670 10799 537 10262 3871 1681 1635 602 2190 2004 358 453 281 1033 1657 951 253 6372 2222
is_linear=0
shrinkage=0.06


Tree=49
num_leaves=31
num_cat=0
split_feature=14 13 32 15 2 38 41 0 21 25 11 7 25 21 39 2 41 31 0 7 12 23 29 9 30 0 5 41 16 27
split_gain=28.7466 18.6744 12.6891 12.7728 10.2835 14.6584 10.5206 16.3372 9.40219 14.2741 11.9867 19.3377 29.2508 23.456 19.1581 22.4253 35.1854 12.1069 11.7931 10.6619 11.5684 24.0078 10.5434 10.9891 11.693 9.96174 9.9888 9.94056 9.75575 9.46784
threshold=16.106250000000006 20.991666666666671 194.00000000000003 17.656250000000004 24.650000000000002 23.731249999999999 9.7000000000000011 42.500000000000007 2.7087621378963376 3451.5000000000005 70.687500000000014 0.7400000000000001 2742.5000000000005 1.4913116077535078 205.03750000000005 21.450000000000003 5.5500000000000007 67.500000000000014 40.500000000000007 0.60500000000000009 68.312500000000014 0.025000000000003002 9.5000000000000018 2.9500000000000006 11.500000000000002 21.500000000000004 86.500000000000014 10.550000000000002 95.916666666666671 7.5000000000000009
decision_type=2 2 2 2 2 2 2 2 2 2 2 2 2 2 2 2 2 2 2 2 2 2 2 2 2 2 2 2 2 2
left_child=-1 2 8 4 -4 -6 7 -7 9 10 19 17 -13 14 28 -16 -17 18 22 20 21 -2 23 24 25 -12 -27 -26 -14 -20
right_child=1 -3 3 -5 5 6 -8 -9 -10 -11 11 12 13 -15 15 16 -18 -19 29 -21 -22 -23 -24 -25 27 26 -28 -29 -30 -31
leaf_value=-0.025449944409148242 0.19316662673706025 0.030087149066213143 -0.0200628711930626 0.026339758308893669 -0.051300596941443323 0.021901256558524377 -0.01492131278941243 0.11288757763499035 -0.018389175345627954 -0.010190988867499893 -0.04711754949016158 0.0030093000946628265 0.15158979296883401 0.019721705748128263 0.09194514724774383 0.14157790063156775 0.46868975063855217 -0.03781273434053601 0.020067858452193207 -0.064375495127747345 -0.040474629091917659 -0.024583266529868288 0.065793678568149577 -0.016770136721112966 0.017100643359840698 0.053535425496541278 -0.03196593458792707 -0.057571391221435841 -0.035291438721132704 -0.011681875469183761
leaf_weight=135.46655721124262 2.9657618273049655 89.598398519679904 54.370911117643118 129.93338183686137 9.8139634192921203 27.078248403966427 14.28102162061259 9.6313508707098645 110.83670208137482 270.55802295077592 4.4484459189698091 24.307163776364177 1.759251420386138 7.9812743039801708 3.7128082644194347 2.6364253601059318 2.1484726839698851 21.615139032248408 47.885092332493514 15.048404647968708 9.1527081499807519 4.7297951579093933 16.899666886776686 29.408813193906099 21.152710976544771 55.150024342350662 5.4006110443733624 9.213419823907314 2.3474585176445544 115.05069294851273
leaf_count=20356 111 577 1209 1093 525 457 363 155 960 13196 98 704 35 194 101 122 119 650 995 897 372 184 91 501 233 1098 298 99 198 1236
internal_value=0.00065463 0.00381453 0.00152804 0.0134444 -0.00110338 0.01585 0.0287742 0.045773 -0.00219552 0.000469152 0.00762569 0.0106593 0.0475798 0.100208 0.151172 0.202596 0.288455 0.00557854 0.00865759 -0.0276702 0.00511388 0.0593345 0.0213183 0.0152945 0.0251826 0.0395428 0.0459094 -0.00555568 0.0447656 -0.00235097
internal_weight=1254.58 1119.12 1029.52 245.109 115.175 60.8046 50.9906 36.7096 784.409 673.572 403.014 371.117 44.8929 20.5857 12.6044 8.49771 4.7849 326.225 304.609 31.8967 16.8483 7.69556 141.674 124.774 95.3652 64.9991 60.5506 30.3661 4.10671 162.936
internal_count=47227 26871 26294 3802 2709 1500 975 612 22492 21532 8336 6772 1473 769 575 342 241 5299 4649 1564 667 295 2418 2327 1826 1494 1396 332 233 2231
is_linear=0
shrinkage=0.06


Tree=50
num_leaves=31
num_cat=0
split_feature=14 19 18 33 31 30 6 14 0 30 26 42 26 0 26 5 26 33 11 14 2 5 2 21 31 32 40 42 2 18
split_gain=37.5444 16.7778 10.8566 9.8016 14.3149 11.7231 10.0755 11.7612 18.388 12.1642 10.6837 11.0972 9.7382 9.14205 13.1895 8.6239 9.4027 8.28223 7.88086 7.35545 10.2256 8.85209 7.62645 7.39757 11.025 10.0347 7.21231 7.38799 9.59858 20.2097
threshold=16.510416666666671 92.500000000000014 97.034722222222243 87.475000000000009 1.0000000180025095e-35 88.000000000000014 2.5000000000000004 18.306250000000002 31.500000000000004 9.5000000000000018 0.84041090615630809 64.625000000000014 0.75211962008208466 37.500000000000007 0.96280213938827053 61.500000000000007 0.87386573945945001 240.22500000000008 78.520833333333357 16.568750000000005 27.950000000000003 77.500000000000014 31.450000000000003 1.7044057326648263 26.500000000000004 143.30000000000004 7.3000000000000016 65.104166666666671 27.750000000000004 96.645833333333329
decision_type=2 2 2 2 2 2 2 2 2 2 2 2 2 2 2 2 2 2 2 2 2 2 2 2 2 2 2 2 2 2
left_child=-1 -2 3 4 -3 -6 19 10 9 -9 11 -8 -10 -12 15 -15 -17 -13 -14 20 21 -5 26 24 25 -24 -21 -28 -29 -30
right_child=1 2 -4 6 5 -7 7 8 12 -11 13 17 18 14 -16 16 -18 -19 -20 22 -22 -23 23 -25 -26 -27 27 28 29 -31
leaf_value=-0.023281075651645663 0.075546776258297518 0.0492062960525727 -0.055578092446730058 0.099693612982231478 -0.022198702008198692 0.092541662923154272 0.048492312131069679 0.088481492758651387 0.005502597614699364 0.031775196050967312 -0.0076524314303654146 -0.041795232723629103 0.021856737039736777 0.11073123639469309 -0.02034792904012098 0.10702836677849692 -0.0029322131537032059 0.028204869490963461 0.080170418813747965 -0.012815967182571575 0.19603540262081728 -0.060860790391758464 -0.024544898275313018 -0.056623211315854391 -0.050280552408146481 0.097561210749596325 -0.016600434371531587 0.0037665462180404077 0.018005891530237805 0.12671704512328907
leaf_weight=190.14155769720674 12.234958015382288 12.640782584901897 10.586313870269803 2.5838821665383866 98.856168558355421 3.3130443915724745 7.4043428841978303 21.520219818688929 127.80801895353943 37.088470410555601 27.258964497130364 38.385480767115951 27.375221389345825 8.9515955913811975 9.1288320906460267 4.1986166061833492 8.4010634981095773 7.2311766743659964 12.000761507079003 80.331358515191823 1.6322347540408371 2.3702987455762923 4.3634545141831058 15.237124222330747 8.4378105341456813 5.4479172397404909 44.263656932394952 303.57146888319403 99.831972127314657 6.5607986659742883
leaf_count=26498 91 134 750 139 3478 17 144 172 933 242 854 992 244 135 230 94 227 53 87 1592 103 193 152 186 302 97 959 6281 1555 277
internal_value=0.00124981 0.00569621 0.00487191 0.00549552 -0.0110259 -0.018478 0.00757676 0.0158176 0.0236781 0.0525969 -0.000177664 -0.0196398 0.0135403 0.0176325 0.0400978 0.0657018 0.0337102 -0.0306988 0.0396292 0.00274734 0.0657891 0.0228773 0.00201638 -0.0257606 8.05954e-06 0.0432564 0.00375641 0.00668728 0.00920164 0.0247097
internal_weight=1239.16 1049.02 1036.78 1026.19 114.81 102.169 911.385 336.753 225.793 58.6087 110.96 53.021 167.184 57.9391 30.6801 21.5513 12.5997 45.6167 39.376 574.632 6.58642 4.95418 568.046 33.4863 18.2492 9.81137 534.559 454.228 409.964 106.393
internal_count=47211 20713 20622 19872 3629 3495 16243 4407 1678 414 2729 1189 1264 1540 686 456 321 1045 331 11836 435 332 11401 737 551 249 10664 9072 8113 1832
is_linear=0
shrinkage=0.06


Tree=51
num_leaves=31
num_cat=0
split_feature=25 5 9 5 14 5 12 42 0 23 18 39 34 35 5 15 38 37 9 41 9 15 36 35 14 2 20 36 11 39
split_gain=29.3249 18.3143 11.8929 11.8062 11.1153 15.8327 23.8039 17.4424 15.4557 18.6095 27.6238 31.4611 14.6658 15.7919 58.3371 12.1091 12.4289 15.2367 11.9387 31.1778 13.5579 15.1832 13.9971 15.242 25.8228 32.1781 31.7199 27.8427 22.1043 13.9225
threshold=5835.5000000000009 90.500000000000014 3.1500000000000008 91.500000000000014 19.452083333333338 85.500000000000014 76.006944444444457 82.687500000000014 23.500000000000004 0.079166666666666621 97.340277777777786 213.95000000000005 101.31041666666668 64.808333333333351 80.500000000000014 17.656250000000004 62.389583333333334 13.500000000000002 3.6500000000000008 9.9500000000000011 1.3500000000000003 16.629861111111115 254.35000000000005 110.65347222222225 16.568750000000005 17.750000000000004 2.3896213849400003 139.80000000000004 66.645833333333357 240.72708333333335
decision_type=2 2 2 2 2 2 2 2 2 2 2 2 2 2 2 2 2 2 2 2 2 2 2 2 2 2 2 2 2 2
left_child=1 4 -3 -4 5 7 8 12 -7 -10 -11 -12 13 14 -1 -9 17 -17 20 -20 21 -14 23 -22 25 -25 27 -27 -29 -30
right_child=-2 2 3 -5 -6 6 -8 15 9 10 11 -13 18 -15 -16 16 -18 -19 19 -21 22 -23 -24 24 -26 26 -28 28 29 -31
leaf_value=-0.060551957738661816 -0.03622895695202389 -0.045768968040181345 -0.036916992759445738 0.07854420630868475 0.013706683688160281 0.14804473333106169 -0.064327111856361738 -0.058316746929414097 -0.022298651147086821 0.051736024984858013 0.099107737874948282 0.60699142985132515 -0.04220704436461644 -0.024673008497115768 0.56423977223847988 0.035042209281851228 0.03429690223562392 -0.042743701449639362 0.032473121693133093 -0.051982935614364893 -0.012609976204530589 0.0039752267242084138 -0.0013546211173824118 0.40982653381678669 0.025220092981528084 0.3639671653444026 0.37137196543418505 0.31066558416177775 -0.032112417056806598 0.09867753675222854
leaf_weight=1.79856380354613 74.141832468565553 43.280580975580961 6.4497871450148505 6.3044992499053478 325.40477861650288 5.6297575579956165 6.9897245187312356 28.209307345096022 10.931041603442283 15.964350311085584 1.1278047361411143 0.71901685884222377 30.997865316923708 87.410942998714745 0.76760144578292955 11.603025208227335 16.210793467238545 41.452413280494511 26.20896283024922 39.378240620251745 31.056623155716807 147.93918122770265 101.23547346610576 1.146537675056609 151.79716326296329 0.9889939976856138 1.247857792302965 0.9699235581792881 8.3747772881761176 4.5067616677843025
leaf_count=245 11366 4302 396 181 2087 223 402 1313 1223 877 161 92 2575 7067 91 139 86 869 572 1565 1754 2766 1919 86 3074 106 94 128 908 418
internal_value=0.000350755 0.00269664 -0.0307636 0.020156 0.00440103 0.000492094 0.0366093 -0.00154509 0.0571353 0.0393288 0.0771506 0.29684 0.00207811 -0.0203661 0.126338 -0.0251789 -0.0116832 -0.0257322 0.00577779 -0.0182339 0.00905697 -0.00402508 0.0168256 0.0260239 0.0331222 0.10272 0.0808341 0.0564043 0.0344443 0.013646
internal_weight=1230.24 1156.1 56.0349 12.7543 1100.07 774.663 41.3617 733.301 34.372 28.7422 17.8112 1.84682 635.825 89.9771 2.56617 97.4755 69.2662 53.0554 545.848 65.5872 480.261 178.937 301.324 200.089 169.032 17.2349 16.0883 14.8405 13.8515 12.8815
internal_count=47085 35719 4879 577 30840 28753 2978 25775 2576 2353 1130 253 23368 7403 336 2407 1094 1008 15965 2137 13828 5341 8487 6568 4814 1740 1654 1560 1454 1326
is_linear=0
shrinkage=0.06


Tree=52
num_leaves=31
num_cat=0
split_feature=27 41 14 34 11 11 7 7 16 37 30 22 41 0 7 2 35 41 36 36 42 41 10 32 42 41 31 20 5 0
split_gain=18.8733 11.873 19.8781 26.4108 32.0238 32.4328 12.8647 13.063 10.8324 9.31982 14.3612 26.7335 22.5309 11.5781 11.1355 13.688 12.4284 11.4891 10.5568 17.466 13.1318 15.9868 11.3323 10.8879 10.5344 13.204 10.0139 9.80302 10.9483 15.3577
threshold=3.5000000000000004 9.1000000000000014 15.464583333333335 127.24791666666665 67.562500000000014 71.520833333333357 0.76500000000000012 0.75500000000000012 93.750000000000014 9.5000000000000018 1.5000000000000002 -0.79311261429814539 16.350000000000005 62.000000000000007 0.57500000000000007 27.750000000000004 134.15208333333337 5.3000000000000016 180.90000000000001 175.35000000000002 67.250000000000014 12.600000000000001 78.416666666666671 230.25000000000003 63.041666666666679 12.15 1.0000000180025095e-35 0.93992828188847011 59.500000000000007 53.500000000000007
decision_type=2 2 2 2 2 2 2 2 2 2 2 2 2 2 2 2 2 2 2 2 2 2 2 2 2 2 2 2 2 2
left_child=1 2 3 4 -1 -6 7 -4 -2 10 11 -10 13 -13 18 17 -17 -16 19 20 -11 22 -22 -20 -18 -26 -12 -19 -29 -30
right_child=8 -3 6 -5 5 -7 -8 -9 9 14 26 12 -14 -15 15 16 24 27 23 -21 21 -23 -24 -25 25 -27 -28 28 29 -31
leaf_value=-0.060379908612400494 0.043980674697407296 -0.027825175164417393 0.0049155237825034333 -0.060400770336063801 0.74382720773387057 0.17330197839982331 -0.06114920206640289 0.14925161706586204 0.23315735968467841 0.10804436180666828 0.0327511314525522 -0.011785878977920321 0.24674892309097476 0.14905031630152632 -0.035066986358647273 -0.024636928853389091 -0.060237940120150983 0.021275090411060116 0.0022729193684591152 0.078696292042787261 -0.025307361741346065 -0.04890986142364348 0.052748799336918485 0.030184416814800299 0.020042592320595555 0.092687343098432434 -0.028345129200919632 -0.063247281888846249 -0.012829261020584149 0.040311015888734127
leaf_weight=0.68054156890138973 21.95599327981472 131.73046874068677 23.193899935111407 1.3526883316226301 0.67134951008483745 0.7702579265460372 10.034199762158094 2.5007178317755452 2.0304141603410235 4.6847437294200054 10.649262854363768 27.977319252211608 1.3654115321114648 1.7097606514580537 55.055805292911828 24.260066121350974 5.1223134547471991 43.00958327203989 353.15186256915331 20.088096542283893 9.9359719348140079 14.688426186330615 20.532952413894236 58.671995553653687 80.059832075145096 10.149320800323038 103.72555948002264 13.131509185768662 166.73705259291455 22.183418028522283
leaf_count=113 171 16930 1605 220 95 129 1013 130 89 122 215 2658 148 123 1564 906 149 2534 5280 291 334 444 241 639 1729 292 4887 188 3793 427
internal_value=-0.000684496 -0.0191986 0.00978796 0.146787 0.278851 0.438993 -0.003536 0.018963 0.00227074 0.00139767 -0.0125861 0.0222297 0.00843787 -0.00252288 0.00368508 -0.00345942 0.0137056 -0.0102994 0.00990944 0.0314635 0.012427 0.00250738 0.0272945 0.00624943 0.023463 0.0282158 -0.0226566 -0.00473504 -0.0102717 -0.00658942
internal_weight=1241.81 170.934 39.2037 3.47484 2.12215 1.44161 35.7288 25.6946 1070.88 1048.92 147.458 33.0829 31.0525 29.6871 901.463 419.709 119.592 300.117 481.754 69.9302 49.8421 45.1574 30.4689 411.824 95.3315 90.2092 114.375 245.062 202.052 188.92
internal_count=47459 20235 3305 557 337 224 2748 1735 27224 27053 8120 3018 2929 2781 18933 11582 3076 8506 7351 1432 1141 1019 575 5919 2170 2021 5102 6942 4408 4220
is_linear=0
shrinkage=0.06


Tree=53
num_leaves=31
num_cat=0
split_feature=16 2 23 41 7 21 40 9 11 26 25 12 2 2 0 38 2 36 25 38 9 41 11 33 33 30 41 30 0 40
split_gain=20.9235 9.26031 15.0329 16.26 46.3158 27.8951 9.97215 18.1446 21.0685 19.4153 8.42224 15.1889 21.3853 11.0574 8.78653 8.81017 8.78415 10.2805 25.5363 8.64332 14.348 23.5894 24.3132 8.27712 16.828 9.60453 11.5828 9.39007 10.0318 8.59017
threshold=96.416666666666671 27.050000000000004 0.054166666666666204 5.9000000000000012 0.75500000000000012 0.82959552889112953 14.750000000000002 1.4500000000000002 69.979166666666671 0.92463000872504308 3518.5000000000005 67.9513888888889 26.150000000000002 24.050000000000004 21.500000000000004 -48.874999999999993 23.050000000000004 118.05000000000003 4877.5000000000009 29.660416666666652 0.8500000000000002 11.450000000000001 72.687500000000014 85.550000000000011 91.183333333333351 29.500000000000004 6.5000000000000009 19.500000000000004 22.500000000000004 15.100000000000001
decision_type=2 2 2 2 2 2 2 2 2 2 2 2 2 2 2 2 2 2 2 2 2 2 2 2 2 2 2 2 2 2
left_child=10 -2 -3 4 -4 -6 7 -5 -9 -10 14 12 -12 16 -1 -16 17 18 -13 20 21 -15 -23 -17 -25 27 -27 28 -26 -29
right_child=1 2 3 6 5 -7 -8 8 9 -11 11 13 -14 19 15 23 -18 -19 -20 -21 -22 22 -24 24 25 26 -28 29 -30 -31
leaf_value=-0.037731748044533532 -0.02692857588675733 -0.02550870064723984 -0.045637364885285706 -0.06076544104432903 0.39618580398062003 0.073290768486785202 -0.013508403984767096 -0.017260945676708057 0.29205239948103351 0.020783099783709954 0.013713897743412721 -0.036561889044883736 0.16853769468592372 -0.047709988598116315 -0.016143854975290996 -0.012175086971522626 0.029766984496883274 -0.0108328737761026 0.27079180100628725 -0.0042642860849960223 -0.049619220672074013 0.25694346696049114 0.022835379509655768 0.077697715100859086 0.071949323034090545 0.048773956606795066 0.0044845825745605007 -0.034486403352666284 0.0079722533181341339 0.012210417192286157
leaf_weight=16.284661885350943 145.17006027093157 49.34172344673425 3.8536401898600152 3.2397269397042674 2.099437706638128 1.7796530337072907 26.410862830001861 2.7604653593152761 2.6966431047767401 1.4662986779585478 17.478452556766573 2.4242994785308829 3.9347932562232009 10.458451222162696 55.184331866446882 60.990427079610527 31.331582389306277 93.168291157577187 1.6257791351526973 54.661954171024263 59.690921791363508 2.2421495909802607 5.5505482526496053 13.330247265752403 9.0174984396435303 45.385417168959975 39.987198125571012 36.082245327532291 409.80047172354534 23.365190288051963
leaf_count=359 18603 6007 280 353 175 99 2782 305 132 172 604 162 161 391 762 1113 853 2904 131 936 2701 105 261 187 92 316 277 240 5513 171
internal_value=-0.00149528 -0.0174391 -0.00272891 0.0226396 0.101688 0.248048 0.00592648 0.0564318 0.111273 0.196504 0.00234313 -0.00641686 0.0421636 -0.0104002 0.00583226 0.00685575 0.00213907 -0.00676487 0.0868158 -0.0225561 -0.0353844 0.0111709 0.090194 0.00884525 0.0110673 0.00949145 0.0280295 0.00618232 0.00934973 -0.0161327
internal_weight=1230.81 238.819 93.6485 44.3067 7.73273 3.87909 36.574 10.1631 6.92341 4.16294 991.995 282.567 21.4132 261.154 709.428 693.143 128.55 97.2184 4.05008 132.604 77.9421 18.2511 7.7927 637.959 576.968 563.638 85.3726 478.265 418.818 59.4474
internal_count=47147 28908 10305 4298 554 274 3744 962 609 304 18239 9209 765 8444 9030 8671 4050 3197 293 4394 3458 757 366 7909 6796 6609 593 6016 5605 411
is_linear=0
shrinkage=0.06


Tree=54
num_leaves=31
num_cat=0
split_feature=25 41 40 5 0 34 4 30 3 20 15 9 11 11 34 21 30 21 14 42 37 15 25 30 36 9 30 0 7 15
split_gain=21.5733 12.8891 17.1625 10.0496 19.9249 18.9823 13.4334 9.99512 12.6484 18.3807 21.9874 8.54721 28.7133 8.46374 9.5576 35.7295 8.07703 10.4054 13.7629 10.9513 17.3676 15.0116 12.6742 10.9782 10.834 13.2431 10.4267 10.3672 9.15253 14.4865
threshold=5835.5000000000009 13.800000000000002 24.850000000000005 56.500000000000007 49.500000000000007 143.93125000000003 1.0000000180025095e-35 1.5000000000000002 1.0000000180025095e-35 1.7343108404322367 15.365277777777779 3.7500000000000004 69.479166666666671 81.479166666666671 79.291666666666671 0.37139603472763133 81.500000000000014 3.2193572271459456 20.556250000000002 81.750000000000014 13.500000000000002 18.546527777777779 1948.5000000000002 21.500000000000004 222.35000000000002 2.5500000000000003 32.500000000000007 38.500000000000007 0.77500000000000013 15.700694444444444
decision_type=2 2 2 2 2 2 2 2 2 2 2 2 2 2 2 2 2 2 2 2 2 2 2 2 2 2 2 2 2 2
left_child=1 2 3 5 16 -1 -7 8 -3 10 -10 13 -13 14 15 -2 17 18 19 22 21 -21 23 27 -19 -26 -22 -5 29 -24
right_child=11 7 -4 4 -6 6 -8 -9 9 -11 -12 12 -14 -15 -16 -17 -18 24 -20 20 26 -23 28 -25 25 -27 -28 -29 -30 -31
leaf_value=-0.04402666792193706 -0.027986356150529915 -0.016561942329111609 0.1018831877027214 0.07336508587253282 0.024485836810523194 -0.020101862399705565 0.041704540799398532 -0.034315241755668802 0.23956494167387168 0.17268909935285401 -0.041918490261637673 0.35957282282784492 -0.026999036191309972 0.10517908193590679 -0.050716852543740198 0.35077856492603487 0.060786325037622581 -0.055812053314697678 0.046367954108351393 -0.034418564625749243 -0.025026613367535196 0.083860414516047713 -0.052540789438676259 -0.02063705242841422 -0.024174929188010667 0.042481240441109659 0.045443385017859148 0.01684665535915671 -0.01875388296469354 0.0074059400754817421
leaf_weight=44.990675521548837 7.4008718486875278 27.791762209497392 6.3405397627502671 22.769478644244373 154.04587192321196 26.424547553993762 24.302718930877745 60.747631302569062 1.199707486666737 3.513058646582067 5.9717939882539213 0.85726728430017729 3.5817876546643674 1.4454328813590098 55.290719352662563 1.0201718248426912 8.0228094384074193 22.392049076035619 24.912020351737738 5.870890359394255 124.29932723194361 11.294203974306582 15.076874030288307 11.692708319984375 39.901991166174412 14.677291885018347 8.0479848086833936 23.998118865303695 67.234226470813155 387.48792568873614
leaf_count=757 1314 2737 209 215 3230 245 176 3857 179 166 557 153 552 143 9050 127 46 171 164 305 3264 66 2233 127 264 109 38 220 4656 11940
internal_value=-0.000469577 0.0015052 0.00346965 0.00286818 0.00475087 -0.0156547 0.00950871 -0.0191598 0.00476814 0.0602501 0.00517036 -0.0329021 0.0476555 -0.0383904 -0.0416476 0.0178993 0.000891311 0.000274979 0.00256908 0.000959223 -0.0133768 0.0434061 0.00501672 0.0313626 -0.0206683 -0.00624996 -0.0207414 0.0443635 0.00173831 0.00516081
internal_weight=1212.6 1143.01 1043.78 1037.44 941.724 95.7179 50.7273 99.224 38.4763 10.6846 7.1715 69.5963 4.43905 65.1572 63.7118 8.42104 787.678 779.655 702.684 677.772 149.512 17.1651 528.259 58.4603 76.9713 54.5793 132.347 46.7676 469.799 402.565
internal_count=47270 35931 28435 28226 27048 1178 421 7496 3639 902 736 11339 705 10634 10491 1441 23818 23772 23228 23064 3673 371 19391 562 544 373 3302 435 18829 14173
is_linear=0
shrinkage=0.06


end of trees

feature_importances:
pm25_now=95
pm25_trend_24h=81
steps_24h=77
rr_mean_6h=76
rh_mean_24h=76
bmi=75
temp_min_24h=75
rr_mean_24h=74
pm25_mean_72h=63
age=60
hours_since_puff=56
controller_adherence=55
spo2_mean_6h=50
spo2_mean_24h=48
rr_dev_24h=48
outdoor_hours_day=45
puffs_72h=43
fev1_pct=42
spo2_dev_24h=38
pm25_max_24h=38
rr_mean_72h=36
flares_last_year=32
pm25_mean_24h=32
spo2_mean_72h=25
steps_ratio_24h=25
puffs_24h=24
hr_mean_24h=23
hr_mean_72h=23
pm25_mean_6h=22
hr_mean_6h=20
rr_trend_24h=20
pm25_hours_above_120_24h=20
temp_now=19
disturb_24h=18
hr_dev_24h=17
spo2_min_6h=12
steps_6h=12
pm10_mean_24h=11
allergy=10
smoking=9
puffs_6h=9
hour_of_day=8
sex=7
has_purifier=1

parameters:
[boosting: gbdt]
[objective: binary]
[metric: binary_logloss]
[tree_learner: serial]
[device_type: cpu]
[data_sample_strategy: bagging]
[data: ]
[valid: ]
[num_iterations: 55]
[learning_rate: 0.06]
[num_leaves: 31]
[num_threads: 1]
[seed: 104]
[deterministic: 0]
[force_col_wise: 0]
[force_row_wise: 0]
[histogram_pool_size: -1]
[max_depth: -1]
[min_data_in_leaf: 100]
[min_sum_hessian_in_leaf: 0.001]
[bagging_fraction: 0.7]
[pos_bagging_fraction: 1]
[neg_bagging_fraction: 1]
[bagging_freq: 1]
[bagging_seed: 11441]
[bagging_by_query: 0]
[feature_fraction: 0.8]
[feature_fraction_bynode: 1]
[feature_fraction_seed: 14653]
[extra_trees: 0]
[extra_seed: 26961]
[early_stopping_round: 0]
[early_stopping_min_delta: 0]
[first_metric_only: 0]
[max_delta_step: 0]
[lambda_l1: 0]
[lambda_l2: 0]
[linear_lambda: 0]
[min_gain_to_split: 0]
[drop_rate: 0.1]
[max_drop: 50]
[skip_drop: 0.5]
[xgboost_dart_mode: 0]
[uniform_drop: 0]
[drop_seed: 11336]
[top_rate: 0.2]
[other_rate: 0.1]
[min_data_per_group: 100]
[max_cat_threshold: 32]
[cat_l2: 10]
[cat_smooth: 10]
[max_cat_to_onehot: 4]
[top_k: 20]
[monotone_constraints: ]
[monotone_constraints_method: basic]
[monotone_penalty: 0]
[feature_contri: ]
[forcedsplits_filename: ]
[refit_decay_rate: 0.9]
[cegb_tradeoff: 1]
[cegb_penalty_split: 0]
[cegb_penalty_feature_lazy: ]
[cegb_penalty_feature_coupled: ]
[path_smooth: 0]
[interaction_constraints: ]
[verbosity: -1]
[saved_feature_importance_type: 0]
[use_quantized_grad: 0]
[num_grad_quant_bins: 4]
[quant_train_renew_leaf: 0]
[stochastic_rounding: 1]
[linear_tree: 0]
[max_bin: 63]
[max_bin_by_feature: ]
[min_data_in_bin: 3]
[bin_construct_sample_cnt: 200000]
[data_random_seed: 378]
[is_enable_sparse: 1]
[enable_bundle: 1]
[use_missing: 1]
[zero_as_missing: 0]
[feature_pre_filter: 1]
[pre_partition: 0]
[two_round: 0]
[header: 0]
[label_column: ]
[weight_column: ]
[group_column: ]
[ignore_column: ]
[categorical_feature: ]
[forcedbins_filename: ]
[precise_float_parser: 0]
[parser_config_file: ]
[objective_seed: 227]
[num_class: 1]
[is_unbalance: 0]
[scale_pos_weight: 1]
[sigmoid: 1]
[boost_from_average: 1]
[reg_sqrt: 0]
[alpha: 0.9]
[fair_c: 1]
[poisson_max_delta_step: 0.7]
[tweedie_variance_power: 1.5]
[lambdarank_truncation_level: 30]
[lambdarank_norm: 1]
[label_gain: ]
[lambdarank_position_bias_regularization: 0]
[eval_at: ]
[multi_error_top_k: 1]
[auc_mu_weights: ]
[num_machines: 1]
[local_listen_port: 12400]
[time_out: 120]
[machine_list_filename: ]
[machines: ]
[gpu_platform_id: -1]
[gpu_device_id: -1]
[gpu_device_id_list: ]
[gpu_use_dp: 0]
[num_gpu: 1]

end of parameters

pandas_categorical:[]
