tree
version=v4
num_class=1
num_tree_per_iteration=1
label_index=0
max_feature_idx=48
objective=binary sigmoid:1
feature_names=age sex bmi smoking allergy fev1_pct flares_last_year controller_adherence has_purifier outdoor_hours_day hr_mean_6h hr_mean_24h hr_mean_72h rr_mean_6h rr_mean_24h rr_mean_72h spo2_mean_6h spo2_mean_24h spo2_mean_72h spo2_min_6h hr_dev_24h rr_dev_24h spo2_dev_24h rr_trend_24h steps_6h steps_24h steps_ratio_24h disturb_24h puffs_6h puffs_24h puffs_72h hours_since_puff pm25_now pm25_mean_6h pm25_mean_24h pm25_mean_72h pm25_max_24h pm25_hours_above_120_24h pm25_trend_24h pm10_mean_24h temp_now temp_min_24h rh_mean_24h pm25_fcst_mean_24h pm25_fcst_max_24h exp_next24_mean exp_next24_max exp_past24_mean hour_of_day
feature_infos=[18:73] [0:1] [17:37.200000000000003] [0:2] [0:1] [47:104] [0:8] [0.20000000000000001:0.97999999999999998] [0:1] [0.20000000000000001:5.5] [48:104.33333333333331] [56.041666666666657:102.125] [57.458333333333336:105.47222222222224] [12.333333333333334:25.483333333333331] [13.929166666666667:25.720833333333331] [14.318055555555556:26.763888888888889] [92.333333333333314:99] [91.875:98.416666666666686] [91.194444444444443:98.236111111111114] [90:98] [-5.3534585569469186:16.279041180086054] [-2.3338239875389419:7.5323883425527569] [-3.1737096442525115:1.2405816757082562] [-4.7708333333333321:5.9583333333333321] [0:3657] [635:8846] [0.25230135886874971:1.4518307006680724] [0:32] [0:3] [0:43] [0:183] [0:72] [37.200000000000003:473.80000000000001] [34.016666666666666:431.30000000000001] [46.612499999999997:363.96249999999992] [59.43333333333333:291.53750000000002] [60.600000000000001:490.39999999999998] [0:24] [-187.14583333333331:159.68333333333331] [73.045833333333334:664.74166666666667] [3.2999999999999998:27.699999999999999] [1.3999999999999999:17.899999999999999] [56.125:94.041666666666686] [32.013539623430823:397.49947063470239] [38.574147875128737:602.05821004748555] [16.139628944638755:271.91786701733122] [19.414289797636275:463.33339531273401] [23.4941924334892:247.71509786348929] [0:18]
tree_sizes=3330 3372 3376 3380 3377 3390 3395 3402 3385 3425 3415 3401 3412 3417 3419 3410 3428 3412 3422 3413 3406 3420 3439 3423 3423 3435 3410 3425 3429 3420 3426 3429 3444 3440 3421 3431

Tree=0
num_leaves=31
num_cat=0
split_feature=13 16 44 16 43 44 14 43 14 44 16 43 29 29 45 14 31 38 7 13 13 16 14 13 45 44 13 28 13 9
split_gain=10233.3 2440.55 1155.83 1067.03 713.134 661.581 378.61 333.55 258.983 325.161 241.866 284.059 222.411 214.148 186.356 172.196 161.368 137.976 102.675 97.2304 80.4446 65.9077 62.677 55.3173 73.4584 50.3448 54.6884 42.4053 40.5131 48.1282
threshold=19.358333333333338 94.750000000000014 392.15548639100899 95.083333333333357 246.75346858397785 202.75862471987978 20.556250000000002 145.81475575562737 19.877083333333335 353.25941223629894 95.750000000000014 246.75346858397785 3.5000000000000004 7.5000000000000009 75.67921251685955 17.902083333333341 3.5000000000000004 7.4354166666666659 0.51000000000000012 20.991666666666671 20.333333333333336 95.250000000000014 19.131250000000005 17.941666666666674 200.10239171276058 278.37505673789786 18.75833333333334 1.5000000000000002 17.558333333333337 1.4500000000000002
decision_type=2 2 2 2 2 2 2 2 2 2 2 2 2 2 2 2 2 2 2 2 2 2 2 2 2 2 2 2 2 2
left_child=3 5 7 4 14 6 -2 13 9 -7 11 25 17 27 -1 -13 22 -9 -14 -8 -10 -4 -16 -12 -25 -5 -27 -3 -18 -30
right_child=1 2 21 10 -6 8 19 12 20 -11 23 15 18 -15 16 -17 28 -19 -20 -21 -22 -23 -24 24 -26 26 -28 -29 29 -31
leaf_value=-3.0053130741265299 -2.8006732729219275 -3.0287619837199018 -1.9397127243685612 -3.0521415610253384 -2.1261419781850859 -2.5370867773547037 -2.4525946976973354 -2.9285887239412349 -2.1271837649224508 -1.8832568417023969 -3.0911446072099626 -2.9235653455583166 -2.2190772176994109 -2.6747005724484469 -2.7634961379284895 -2.4772328631873122 -3.0398633601921143 -2.5631488669717144 -2.6109804667394054 -2.0806289200964754 -1.8579115815368188 -2.2608797295508918 -2.4770689489500728 -3.0605482570913298 -2.8350946559735046 -3.0053130741265299 -2.8036454366991892 -2.8338624351013531 -2.9646492160150788 -2.7507237680214822
leaf_weight=26.26606298238039 7.9845340959727773 27.313214994966984 4.4940273873507959 138.04954032599926 4.7994467243552199 6.8064880818128568 4.6249213889241219 9.7297874502837676 5.2357600629329708 4.5812900550663471 1554.933476023376 7.766377426683901 4.6249213889241201 9.4243681132793409 4.9739720597863215 5.1921287290751934 4.8867093920707729 6.0211240723729125 5.0176033936440945 5.584810733795166 16.841694869101048 4.7121840566396713 6.1520180739462376 135.60618562996387 5.4102853983640662 28.142210338264704 5.8465987369418135 4.7121840566396704 6.588331412523984 8.9007921069860441
leaf_count=602 183 626 103 3164 110 156 106 223 120 105 35638 178 106 216 114 119 112 138 115 128 386 108 141 3108 124 645 134 108 151 204
internal_value=-3.03848 -2.51821 -2.73439 -3.07267 -2.82891 -2.19997 -2.49117 -2.8212 -2.04165 -2.27405 -3.08078 -3.01563 -2.64996 -2.9261 -2.88729 -2.74473 -2.78889 -2.78889 -2.42301 -2.24913 -1.92177 -2.1041 -2.60512 -3.08788 -3.0519 -3.03604 -2.97062 -3.00008 -2.88924 -2.84172
internal_weight=2071.22 127.709 76.0494 1943.51 62.5673 51.6595 18.1943 66.8432 33.4652 11.3878 1880.95 184.997 25.3934 41.4498 57.7679 12.9585 31.5018 15.7509 9.64252 10.2097 22.0775 9.20621 11.126 1695.95 141.016 172.038 33.9888 32.0254 20.3758 15.4891
internal_count=47471 2927 1743 44544 1434 1184 417 1532 767 261 43110 4240 582 950 1324 297 722 361 221 234 506 211 255 38870 3232 3943 779 734 467 355
is_linear=0
shrinkage=1


Tree=1
num_leaves=31
num_cat=0
split_feature=16 14 44 13 43 32 42 16 46 43 13 13 13 46 38 25 44 18 45 9 16 26 25 29 14 47 9 24 43 25
split_gain=5542.07 786.829 464.026 380.823 303.493 221.023 103.305 102.715 117.293 101.593 100.16 81.387 66.3141 63.9053 58.0682 54.4185 54.0102 75.3983 53.6875 44.8969 54.0051 43.3031 41.0117 40.0488 30.267 29.8743 29.0099 24.3103 24.3045 24.1618
threshold=95.250000000000014 19.452083333333338 337.80781742866367 18.925000000000004 259.57603711884025 96.850000000000009 77.562500000000014 95.583333333333357 232.73504074309028 126.99646227425696 20.333333333333336 19.125000000000007 18.175000000000004 193.93533488835169 22.045833333333366 2742.5000000000005 571.50805998789292 96.520833333333329 166.65744969550101 1.9500000000000002 94.583333333333357 0.77833129653138466 3110.5000000000005 6.5000000000000009 16.510416666666671 82.554383545777924 2.1500000000000008 743.50000000000011 138.05524798269582 3386.5000000000005
decision_type=2 2 2 2 2 2 2 2 2 2 2 2 2 2 2 2 2 2 2 2 2 2 2 2 2 2 2 2 2 2
left_child=1 2 9 7 13 10 22 8 28 -1 27 26 -11 23 29 -15 24 -18 -8 20 -13 -16 -4 -5 -9 -12 -7 -3 -2 -14
right_child=3 5 6 4 -6 11 18 16 -10 12 25 19 14 15 21 -17 17 -19 -20 -21 -22 -23 -24 -25 -26 -27 -28 -29 -30 -31
leaf_value=0.001684057831774092 -0.032541195921358061 0.15746135597465488 0.50569896681567905 -0.0048678200763360435 0.41091957615676944 0.15321968334034775 0.14582201033065156 -0.055748557799330571 0.21710859790733572 0.023566133627319269 0.20867651030215265 0.40894854451854057 0.16292379589452841 0.28556688031861233 0.17222702348430674 0.066597953663570311 0.22486959887587504 -0.022876231069980608 0.34626401960093833 0.44603629384203575 0.27200034071401885 0.39474344353338547 0.32781627308453543 0.14764053333125179 -0.038402215117848255 0.35876949200843955 0.34169303964289205 -0.013801541248472 0.039953213860887654 0.023092978450132248
leaf_weight=42.632131818681955 45.552378512918949 5.965776555240156 9.5334052033722418 49.497829023748636 9.1896818056702596 6.3563486672937852 12.476478874683382 1091.720267765224 9.6150225996971113 14.518108554184435 8.5220707654953021 32.324947386980057 12.440767530351883 6.3424711376428631 6.6031664200127107 11.483821853995321 6.0412303432822254 16.502779521048069 7.8293947130441657 51.062607619911432 15.260094322264193 6.017800897359848 9.1388595923781377 7.0861768871545783 541.85734129697084 10.854557279497383 5.470090564340353 5.9693342298269272 26.238412514328957 6.9248491041362277
leaf_count=934 1057 113 113 1094 121 118 186 26242 184 306 115 331 234 106 117 209 130 382 82 566 209 109 122 127 12891 133 96 107 591 135
internal_value=-0.00186475 0.251867 0.144095 -0.0394692 0.0856158 0.349248 0.316775 -0.0454876 0.0203116 0.0685853 0.208536 0.38913 0.129915 0.0454407 0.178185 0.144506 -0.0487219 0.0435135 0.223107 0.406961 0.36503 0.278325 0.418637 0.0142312 -0.0499948 0.292757 0.240394 0.0718044 -0.00604562 0.112922
internal_weight=2091.03 269.901 128.115 1821.13 83.6 141.786 38.9781 1737.53 81.4058 89.1368 31.3117 110.474 46.5047 74.4103 31.9866 17.8263 1656.12 22.544 20.3059 98.6476 47.585 12.621 18.6723 56.584 1633.58 19.3766 11.8264 11.9351 71.7908 19.3656
internal_count=47260 4126 2338 43134 1657 1788 503 41477 1832 1835 468 1320 901 1536 595 315 39645 512 268 1106 540 226 235 1221 39133 248 214 220 1648 369
is_linear=0
shrinkage=0.06


Tree=2
num_leaves=31
num_cat=0
split_feature=14 28 14 44 45 45 42 14 15 19 38 30 25 14 21 44 17 42 14 45 40 9 45 14 21 17 47 20 25 23
split_gain=3925.26 447.244 365.021 316.069 214.613 201.595 195.158 110.048 95.4625 77.3343 56.9485 98.7118 67.0957 55.2032 77.8281 46.4293 54.6546 45.3609 48.273 41.5017 46.2177 35.7814 35.5352 41.3036 30.727 34.4234 25.7344 23.3341 22.3826 22.1007
threshold=18.668750000000003 1.0000000180025095e-35 17.464583333333341 353.25941223629894 77.11144501569548 69.161933829718436 76.354166666666671 20.556250000000002 17.547916666666669 94.500000000000014 45.354166666666679 32.500000000000007 3179.5000000000005 18.156250000000004 1.3197173012082788 337.80781742866367 95.020833333333357 80.104166666666671 19.877083333333335 86.755881497411039 23.650000000000002 1.8500000000000003 200.10239171276058 16.964583333333341 1.0433064936786256 95.562500000000014 91.84091887609172 3.993561320802947 1948.5000000000002 1.2624999999999968
decision_type=2 2 2 2 2 2 2 2 2 2 2 2 2 2 2 2 2 2 2 2 2 2 2 2 2 2 2 2 2 2
left_child=2 4 22 19 -2 7 8 27 -5 15 11 12 17 -8 -15 16 21 26 -19 -4 24 -6 -1 -24 25 -21 -7 -3 -9 -28
right_child=1 5 3 6 9 10 13 28 -10 -11 -12 -13 -14 14 -16 -17 -18 18 -20 20 -22 -23 23 -25 -26 -27 29 -29 -30 -31
leaf_value=-0.050796866918763242 -0.019662899422051655 -0.035367238424171152 -0.028520315268730619 0.18917571817313125 0.11791240627785696 0.18723513182400342 0.022719718561368858 0.27004947980891902 0.46644097213465741 0.069981368662352966 0.33032036517444935 0.32882451392349721 0.10814211863656614 0.31060683182013055 0.053966056455591445 0.28923387899187858 0.026150685810107131 0.079325329738324402 0.24187778087376863 0.15164841339601057 0.20736885016826992 0.28807136938193717 -0.028138872005021666 0.15827693236286541 -0.0090842257708295664 0.0060692641194961226 0.3344032873361264 0.085716752896660642 0.15447895066603334 0.23944993704549444
leaf_weight=1431.3882549926639 41.198756199330091 8.4850439690053481 148.88816173747182 10.56779231131077 7.8369559198617997 9.4597116969525796 28.215255107730627 14.698470462113621 7.7478901073336592 24.147385574877262 40.619050342589617 39.088476747274399 17.200728356838226 7.1545666120946434 10.492362786084412 15.035359565168617 7.9902467019855967 10.753618456423284 16.933154884725809 10.588108349591495 4.6432452797889701 10.290698248893021 13.772332925349476 6.2073538824915877 62.280601318925619 13.059507649391888 23.034047327935696 17.643007189035416 10.232689946889876 14.304579142481087
leaf_count=35855 877 167 3546 151 118 131 521 145 89 461 332 313 240 89 161 145 146 160 157 207 88 122 317 115 1401 307 235 324 105 126
internal_value=-0.00152113 0.18868 -0.0371718 0.0226531 0.0875685 0.237088 0.1409 0.13244 0.306464 0.155222 0.268263 0.248988 0.214951 0.0747791 0.158016 0.205238 0.156884 0.239617 0.178742 -0.00903832 0.0229876 0.214508 -0.0496877 0.0297774 0.0130244 0.0712516 0.275631 0.0463949 0.222615 0.298026
internal_weight=2083.96 328.952 1755.01 303.637 106.499 222.453 64.1779 51.0592 18.3157 65.3006 171.393 130.774 91.6858 45.8622 17.6469 41.1533 26.1179 74.4851 27.6868 239.46 90.5715 18.1277 1451.37 19.9797 85.9282 23.6476 46.7983 26.1281 24.9312 37.3386
internal_count=47151 4304 42847 6560 1869 2435 1011 741 240 992 1694 1362 1049 771 250 531 386 809 317 5549 2003 240 36287 432 1915 514 492 491 250 361
is_linear=0
shrinkage=0.06


Tree=3
num_leaves=31
num_cat=0
split_feature=13 31 16 32 13 44 45 18 35 13 45 28 29 43 16 13 22 10 45 17 22 16 16 19 38 36 17 25 7 18
split_gain=3354.3 349.851 335.347 139.668 138.107 115.794 108.901 89.8292 86.6544 76.8639 72.8594 60.1015 57.8179 34.1219 32.5297 29.5213 39.1862 26.7425 26.6985 31.7545 26.0668 25.7131 23.1587 22.9703 27.8692 21.2543 20.3672 20.3017 19.8023 19.0556
threshold=18.75833333333334 6.5000000000000009 95.416666666666671 127.15000000000002 20.333333333333336 270.91951679670655 149.06475249979601 96.145833333333329 178.17430555555558 17.308333333333337 200.10239171276058 1.5000000000000002 7.5000000000000009 129.18668188449809 94.916666666666671 19.941666666666674 -0.73672735516063159 81.416666666666671 82.300966566254985 95.479166666666671 -0.56914560585155261 94.750000000000014 96.250000000000014 93.500000000000014 62.389583333333334 222.35000000000002 95.645833333333357 1948.5000000000002 0.56500000000000006 94.9513888888889
decision_type=2 2 2 2 2 2 2 2 2 2 2 2 2 2 2 2 2 2 2 2 2 2 2 2 2 2 2 2 2 2
left_child=2 3 6 4 21 12 11 8 20 -4 26 13 18 -1 28 16 23 -6 -3 25 -7 -2 -12 -5 29 -20 -11 -28 -15 -25
right_child=1 5 9 15 17 7 -8 -9 -10 10 22 -13 -14 14 -16 -17 -18 -19 19 -21 -22 -23 -24 24 -26 -27 27 -29 -30 -31
leaf_value=-0.01925200279678559 0.12784169923626187 -0.025493407257872379 -0.051597582438019783 0.234714131479306 0.12318203758934319 0.17476187435018228 0.18304135315546452 -0.0079042893989780937 0.058428565285528804 0.014285085034626846 0.20270598476645763 0.16551600309607625 0.19439751210956693 0.19823578801816452 0.01848106559439576 0.24384709791705092 0.2609178654638763 0.22102092395867784 0.18970295125807032 -0.018617670290423726 0.29637649409829925 0.030060148456059643 0.038362737324623211 0.17249994654658857 0.22639513937681974 0.042281758546032742 0.079175245841773725 -0.033299869523690011 0.056531235029412499 0.066810597829637247
leaf_weight=46.612684573978186 13.817193761467932 39.869691349565983 1251.6737986542284 12.151739865541456 13.014182690531014 10.781036656349896 20.880234342068434 11.446349985897539 13.330332253128288 42.752667639404535 6.504896078258751 10.910485599189995 6.393591232597827 7.2797419466078264 29.265616662800312 108.20288714766502 21.537818219512701 44.26533592492342 6.8299301341176051 12.160049963742493 15.419362112879755 32.345695786178112 5.8745335191488266 9.9060611724853533 9.6362761817872506 7.2663945555686951 5.9199711345136157 239.63801407441497 6.9295892119407654 16.159670062363148
leaf_count=1054 169 888 32907 102 125 112 205 182 176 999 101 165 76 105 583 738 220 357 111 271 157 570 110 95 74 121 144 6067 111 219
internal_value=-6.54817e-05 0.154987 -0.0375297 0.191976 0.136553 0.0708151 0.058305 0.140111 0.18297 -0.0450538 -0.0178141 0.0325172 0.0221042 0.0164098 0.0546453 0.224257 0.19371 0.198791 0.00544547 0.0524254 0.246334 0.0593275 0.124719 0.163461 0.139209 0.11371 -0.0239342 -0.0305883 0.129129 0.106977
internal_weight=2078.78 404.534 1674.24 281.037 103.442 123.497 121.878 50.9771 39.5307 1552.36 300.69 100.998 72.5197 90.0876 43.4749 177.594 69.3916 57.2795 66.1261 26.2564 26.2004 46.1629 12.3794 47.8537 35.702 14.0963 288.311 245.558 14.2093 26.0657
internal_count=47314 4763 42551 2669 1221 2094 2223 627 445 40328 7421 2018 1467 1853 799 1448 710 482 1391 503 269 739 211 490 388 232 7210 6211 216 314
is_linear=0
shrinkage=0.06


Tree=4
num_leaves=31
num_cat=0
split_feature=13 16 16 46 45 14 46 42 13 32 15 29 45 22 16 31 45 18 3 29 23 25 46 6 45 38 7 16 45 46
split_gain=2672.75 268.177 261.242 144.256 90.2973 66.5453 87.9743 87.6943 59.2752 54.8142 48.5719 35.1503 62.362 34.1767 32.706 32.5692 24.2603 31.5094 23.6397 22.1925 20.0647 19.4407 18.8538 18.6072 17.7277 16.9897 16.2285 16.1989 13.6934 13.6361
threshold=18.75833333333334 95.416666666666671 94.916666666666671 193.93533488835169 155.53872965100976 17.039583333333336 232.73504074309028 75.770833333333357 19.625000000000007 141.70000000000002 17.450694444444448 5.5000000000000009 90.021840749307827 -0.56914560585155261 94.916666666666671 1.5000000000000002 74.318862338980026 95.409722222222243 1.0000000180025095e-35 2.5000000000000004 0.10416666666666871 3248.5000000000005 89.623322697943806 2.5000000000000004 85.394380289996846 18.570833333333336 0.53500000000000014 94.250000000000014 166.65744969550101 145.46018732609261
decision_type=2 2 2 2 2 2 2 2 2 2 2 2 2 2 2 2 2 2 2 2 2 2 2 2 2 2 2 2 2 2
left_child=1 4 11 8 14 -3 -7 -8 24 21 -11 12 26 28 18 -10 -17 -18 19 -1 -20 -5 -13 27 -4 -14 -2 -24 -12 -26
right_child=2 5 3 9 -6 6 7 -9 15 10 13 22 25 -15 -16 16 17 -19 20 -21 -22 -23 23 -25 29 -27 -28 -29 -30 -31
leaf_value=-0.026924946034775687 0.093238535369877237 -0.051301029494426185 -0.020800808346460208 0.10357300895455003 0.16656413452138236 -0.031906824424011063 0.20557813604186109 0.0056751320556274083 0.16887998550712799 0.07797983760625693 0.12257403130989594 0.12657078540884109 0.12391365313294887 0.27494685568034932 0.00032990252633717933 0.0061692880747953342 0.16496948529193631 0.013795800850691268 0.063324968853145203 0.091046629980410604 0.20945497421020587 -0.01370530627843723 0.20644417243911933 0.21414952749526942 0.11119340607912644 0.19518457902772277 -0.017281284838583322 0.15112814776488079 0.20794015739777724 0.016195954331535166
leaf_weight=11.141607347875835 10.497655816376211 1178.2314698211849 43.935226954519749 13.900182496756317 19.318663027137518 276.04735912755132 11.320446509867905 26.147796418517828 13.171681758016346 14.6809896081686 14.054968293756243 17.692997381091118 18.943062901496887 15.685415912419559 66.928286269307137 16.986402317881584 12.128083959221842 8.4021787606179696 7.0158545672893506 11.842004511505364 6.5319825187325478 8.0266264416277391 30.802787631750107 72.103998474776745 7.18758022412658 33.04744016751647 8.7861988842487317 49.985441751778126 13.041360452771187 22.36754197254777
leaf_count=189 145 32512 979 151 155 7100 190 595 148 157 144 170 161 124 1424 304 151 141 115 164 95 119 165 442 136 202 139 333 81 402
internal_value=-0.00185081 -0.0377486 0.128267 0.0781814 0.047488 -0.0447641 -0.0201973 0.0660727 0.0377963 0.14135 0.172148 0.170423 0.135036 0.204462 0.0252533 0.0877106 0.059213 0.1031 0.0709149 0.0338584 0.13378 0.0606416 0.185208 0.191993 0.00336897 0.169217 0.042883 0.172219 0.16366 0.0392986
internal_weight=2059.95 1614.53 445.428 203.568 122.778 1491.75 313.516 37.4682 124.179 79.3895 57.4627 241.86 71.2744 42.7817 103.46 50.6883 37.5167 20.5303 36.5314 22.9836 13.5478 21.9268 170.585 152.892 73.4903 51.9905 19.2839 80.7882 27.0963 29.5551
internal_count=47333 42539 4794 3037 2142 40397 7885 785 2261 776 506 1757 647 349 1987 744 596 292 563 353 210 270 1110 940 1517 363 284 498 225 538
is_linear=0
shrinkage=0.06


Tree=5
num_leaves=31
num_cat=0
split_feature=16 13 32 13 13 45 45 13 24 15 7 18 38 26 38 29 45 25 21 9 7 13 13 6 6 15 35 26 44 7
split_gain=2301.69 292.183 129.325 123.916 107.264 80.5673 58.4366 43.3088 42.693 41.6746 41.6583 41.9626 67.4131 37.8845 33.7045 29.3351 25.1361 25.7765 18.5237 16.4494 16.4019 16.3719 16.2831 16.1859 15.9075 17.883 14.7035 14.3326 13.7475 13.0506
threshold=95.583333333333357 18.441666666666674 130.95000000000002 17.941666666666674 20.991666666666671 122.04107274413678 90.021840749307827 17.558333333333337 1397.5000000000002 17.450694444444448 0.67500000000000016 96.145833333333329 18.570833333333336 0.85786409381618922 10.758333333333338 4.5000000000000009 79.573964479072217 1948.5000000000002 0.82959552889112953 1.4500000000000002 0.67500000000000016 16.958333333333339 18.925000000000004 4.5000000000000009 2.5000000000000004 19.366666666666671 149.21180555555557 0.84041090615630809 437.07489692881387 0.41500000000000004
decision_type=2 2 2 2 2 2 2 2 2 2 2 2 2 2 2 2 2 2 2 2 2 2 2 2 2 2 2 2 2 2
left_child=1 6 4 21 8 -5 23 27 16 -4 11 12 -7 20 15 19 17 26 -16 -11 -9 -2 -12 -1 25 -18 -3 -8 -13 -19
right_child=3 2 9 5 -6 10 7 13 -10 14 22 28 -14 -15 18 -17 24 29 -20 -21 -22 -23 -24 -25 -26 -27 -28 -29 -30 -31
leaf_value=-0.027583934096922839 -0.052738265910740545 0.15136800636822134 0.06756049240332844 -0.024609277122438 0.15514651888794376 0.051797750376321838 -0.029184010480024065 0.098390920521459438 -0.033753816387403948 0.034343372827185567 -0.040300711112981273 -0.011456632083148455 0.26122352474705784 0.21098012047396653 0.23896360059087229 0.15284737758396438 0.031193118147347917 0.073657948978323839 0.17006265008715307 0.12210068666972201 0.0019199111823343046 -0.03594176617960123 0.070554494552258026 0.056686515043185864 0.1339645682440401 0.1286202215367086 0.042707009693165487 0.052809093412237121 0.10294912190221985 -0.0074668762480023165
leaf_weight=59.223833955824375 1011.3487458340824 9.379121847450735 20.094882592558861 125.7267998047173 53.827463164925575 11.716973494738342 16.856450572609905 22.673600394278768 17.231137551367283 13.481187514960768 15.531719502061607 11.592688836157324 10.484740454703568 9.0012048035860044 16.128051687031984 80.016054850071669 18.073038805276159 9.4574319161474687 108.85612884908915 17.897612664848566 8.8097671605646592 263.30141480639577 6.8844761960208407 9.52480301260948 23.820145670324564 10.856643281877039 8.5880349390208703 14.090442962944506 5.6115191690623751 29.11804473400116
leaf_count=1369 29290 135 223 3090 321 191 313 291 306 172 338 259 117 113 114 504 220 147 704 213 136 7285 80 218 229 80 99 231 68 492
internal_value=-0.00252531 0.0989493 0.123136 -0.0425687 0.0842046 0.00296673 0.0235792 0.0615839 0.0540234 0.150513 0.0590477 0.0961952 0.150699 0.102431 0.157564 0.133566 0.0678625 0.04007 0.178954 0.0843978 0.0713961 -0.0492687 -0.00625479 -0.0159087 0.0976533 0.0677553 0.0994297 0.0081483 0.0258592 0.0124222
internal_weight=2039.2 577.005 436.825 1462.2 180.351 187.549 140.18 71.4315 126.524 256.474 61.8221 39.4059 22.2017 40.4846 236.379 111.395 109.292 56.5426 124.984 31.3788 31.4834 1274.65 22.4162 68.7486 52.7498 28.9297 17.9672 30.9469 17.2042 38.5755
internal_count=47348 6630 3959 40718 2029 4143 2671 1084 1708 1930 1053 635 308 540 1707 889 1402 873 818 385 427 36575 418 1587 529 300 234 544 327 639
is_linear=0
shrinkage=0.06


Tree=6
num_leaves=31
num_cat=0
split_feature=16 13 13 43 44 46 29 13 21 7 42 16 31 13 16 24 44 14 44 13 39 45 46 31 5 38 30 16 28 44
split_gain=2040.44 235.784 120.82 114.889 60.8552 57.9185 60.9722 49.9493 42.5423 42.0607 32.9533 30.0128 29.0892 28.143 27.5437 25.6176 23.3005 21.6845 18.8731 16.7772 15.8473 14.9014 14.496 14.0078 13.8377 13.3659 28.0983 13.2191 11.816 11.0874
threshold=95.583333333333357 19.125000000000007 17.941666666666674 182.12394280881708 353.25941223629894 128.26754262339924 5.5000000000000009 17.308333333333337 1.0433064936786256 0.58500000000000008 76.229166666666671 94.916666666666671 3.5000000000000004 19.941666666666674 94.250000000000014 999.50000000000011 186.27371446819501 16.510416666666671 169.78794482621274 19.125000000000007 281.73750000000007 155.53872965100976 232.73504074309028 6.5000000000000009 69.500000000000014 5.5520833333333366 11.500000000000002 95.083333333333357 1.0000000180025095e-35 398.38382299720132
decision_type=2 2 2 2 2 2 2 2 2 2 2 2 2 2 2 2 2 2 2 2 2 2 2 2 2 2 2 2 2 2
left_child=1 3 17 11 13 6 28 -5 20 10 -6 16 -10 -4 -8 25 -1 -2 24 -11 -9 27 -14 -18 -16 26 -7 -17 -3 -19
right_child=2 5 4 7 9 15 14 8 12 19 -12 -13 22 -15 18 21 23 29 -20 -21 -22 -23 -24 -25 -26 -27 -28 -29 -30 -31
leaf_value=-0.0053612044598889607 -0.053027319865983552 -0.028718063548383344 -0.022435636466224988 0.00099146705579170567 0.21447927959801844 0.057635999892188303 0.16081868192836379 0.13050013741239511 0.14123944401825994 -0.02679663500272415 0.06749248639294525 -0.010254198637310322 0.0034687224893427968 0.10805852839092464 0.024676298928468288 0.10621479481535427 0.1275519151710838 -0.038194386825190899 0.1537827693742381 0.081116926433804137 0.22347962906768357 0.15020874738711656 0.087042465993875121 0.038031437269662537 0.094749999440576535 0.15730438215867809 0.14321619013022235 0.038283070549540242 0.044727876889459187 0.0048373970100517782
leaf_weight=16.307206753641367 859.28146972134709 13.797905236482618 134.00869698822498 16.792733550071716 8.1670698374509829 17.160461328923702 26.649160038679838 13.260918505489828 18.48164939135313 17.433216486126188 16.757164157927036 97.500389467924833 14.863723319023849 6.2260626703500739 16.401812706142664 29.913700003176928 13.747683778405191 332.0356335118413 11.764636706560848 7.382883619517087 13.135916844010351 15.921352457255123 15.02337860316038 11.603922478854654 26.595020312815905 120.04826196283102 70.767779968678951 15.737832631915806 18.403453584760427 23.051733311265707
leaf_count=290 26250 280 3360 262 90 166 156 119 160 326 233 2196 236 100 160 211 143 9648 87 60 122 87 130 176 233 655 371 187 262 584
internal_value=-0.00102527 0.090223 -0.0409125 0.0423029 0.00358249 0.119078 0.0831461 0.0945013 0.115504 0.0606022 0.115657 0.00795954 0.0820689 -0.016642 0.11079 0.134222 0.0505879 -0.0478732 0.0864442 0.00530806 0.17677 0.100228 0.0454788 0.0865767 0.0680193 0.144287 0.126514 0.0827961 0.0132572 -0.0354008
internal_weight=2018.22 613.879 1404.34 230.718 189.975 383.161 113.612 91.5583 74.7656 49.7403 24.9242 139.159 48.3688 140.235 81.4106 269.549 41.6588 1214.37 54.7615 24.8161 26.3968 61.5729 29.8871 25.3516 42.9968 207.977 87.9282 45.6515 32.2014 355.087
internal_count=47340 6689 40651 3834 4169 2855 1178 1029 767 709 323 2805 526 3460 636 1677 609 36482 480 386 241 485 366 319 393 1192 537 398 542 10232
is_linear=0
shrinkage=0.06


Tree=7
num_leaves=31
num_cat=0
split_feature=16 31 13 46 16 43 43 21 35 14 14 15 40 32 14 44 2 5 12 7 18 44 38 38 21 29 29 2 43 38
split_gain=1781.36 204.091 122.087 72.6792 61.3441 70.3187 57.3701 39.3486 35.9715 35.3638 27.381 26.7166 28.1691 26.3782 24.3494 24.3631 28.237 22.8165 20.1118 19.4631 18.5837 15.8409 16.5323 15.6083 15.5753 15.4467 15.0948 14.329 13.6565 13.1922
threshold=95.583333333333357 6.5000000000000009 18.175000000000004 153.07653185001308 94.083333333333357 137.38782467188764 162.89617840368859 0.74013718778804105 152.22500000000002 20.556250000000002 18.668750000000003 17.450694444444448 7.0500000000000007 130.95000000000002 16.510416666666671 398.38382299720132 28.550000000000004 73.500000000000014 84.756944444444457 0.56500000000000006 95.812500000000014 162.83337869422334 -6.3666666666666591 1.8604166666666695 1.7044057326648263 5.5000000000000009 6.5000000000000009 24.050000000000004 370.91099003728669 22.045833333333366
decision_type=2 2 2 2 2 2 2 2 2 2 2 2 2 2 2 2 2 2 2 2 2 2 2 2 2 2 2 2 2 2
left_child=1 4 14 18 -1 9 -4 -8 20 19 28 17 25 26 -2 -16 -17 -7 -3 21 23 -6 -23 -5 -15 -13 -14 -25 -9 -10
right_child=2 3 6 8 5 11 7 10 29 -11 -12 12 13 24 15 16 -18 -19 -20 -21 -22 22 -24 27 -26 -27 -28 -29 -30 -31
leaf_value=0.15154819498055253 -0.052683533076679299 -0.0066385572405113927 -0.023684965606210386 0.062713992147432243 0.016893844577102315 -0.013550830041131374 0.15704317302813636 -0.0048111226333921253 0.0031315843865932359 0.10301133533449335 0.10934244047958638 0.025787731807170304 0.05225740492120861 0.17322080622623826 -0.038560127334000757 -0.010745278284963723 0.14036396719659619 0.1135361794921283 0.095940904789105858 0.0003322080217191469 0.032861466759230393 0.039025069149659357 0.13309102289373917 0.18179157935336915 0.12884520693148077 0.10736942380773176 0.12288424427806735 0.10201354810339323 0.084845786338734908 0.065498006132455225
leaf_weight=82.888900175690651 818.16701468452811 104.71548556908965 79.934318214654922 12.543994795531033 18.306147444993258 10.384335778653623 10.663995787501333 37.818278774619102 26.335438828915358 40.249046351760626 12.725542191416023 15.093601018190382 19.720713812857866 45.518929470330477 358.19209172949195 21.730713356286291 5.5988192409276953 9.966979216784237 7.3646182753145686 34.804296758025885 11.101444162428377 12.614854022860529 14.409212142229078 16.061235755681992 76.041639372706413 18.714608862996101 24.339967764914036 16.361549753695726 7.2960507273674002 22.764391306787729
leaf_count=401 26254 2206 2018 143 297 115 168 738 372 247 156 138 183 274 10670 523 134 93 123 503 148 143 156 123 424 104 124 137 68 207
internal_value=-0.00145355 0.0809891 -0.0404943 0.0337186 0.105264 0.0939853 0.0108463 0.0511393 0.0695447 0.0571254 0.0316137 0.114175 0.120858 0.131046 -0.0468256 -0.0343938 0.0202115 0.0486896 0.000101788 0.0340784 0.102382 0.0599885 0.089181 0.119546 0.145462 0.0709475 0.091273 0.141533 0.00968851 0.0320468
internal_weight=1992.43 640.301 1352.13 217.248 423.053 340.164 148.438 68.5039 105.168 120.384 57.8399 219.781 199.429 165.621 1203.69 385.522 27.3295 20.3513 112.08 80.1345 56.0682 45.3302 27.0241 44.9668 121.561 33.8082 44.0607 32.4228 45.1143 49.0998
internal_count=47390 6661 40729 3459 3202 2801 3148 1130 1130 1346 962 1455 1247 1005 37581 11327 657 208 2329 1099 551 596 299 403 698 242 307 260 806 579
is_linear=0
shrinkage=0.06


Tree=8
num_leaves=31
num_cat=0
split_feature=16 13 13 43 13 44 32 42 28 30 44 15 42 41 25 14 44 21 41 25 38 26 25 15 30 31 45 19 30 0
split_gain=1547.73 165.513 103.981 99.3633 52.6245 49.4971 36.1999 34.3904 32.4235 32.3885 28.22 28.1624 42.3646 26.6444 25.3495 22.1965 23.093 20.9089 20.186 16.4853 30.786 16.1206 17.9692 21.0294 15.2164 14.9647 13.4571 12.8484 11.751 10.1071
threshold=95.583333333333357 19.941666666666674 17.941666666666674 126.99646227425696 17.558333333333337 353.25941223629894 85.000000000000014 78.062500000000014 1.5000000000000002 27.500000000000004 337.80781742866367 17.363194444444449 77.104166666666671 9.7000000000000011 3319.5000000000005 16.510416666666671 398.38382299720132 0.98478804598926584 11.15 2661.5000000000005 29.660416666666652 0.88789668903407326 3110.5000000000005 16.749305555555562 3.5000000000000004 11.500000000000002 63.074315250577222 93.500000000000014 50.500000000000007 46.500000000000007
decision_type=2 2 2 2 2 2 2 2 2 2 2 2 2 2 2 2 2 2 2 2 2 2 2 2 2 2 2 2 2 2
left_child=1 3 15 8 -5 -4 28 13 27 10 29 -7 -13 -6 18 -2 -17 -16 -15 -8 -21 22 -18 -24 -12 -14 -10 -1 -3 -9
right_child=2 6 5 4 7 11 19 9 26 -11 24 12 25 14 17 16 21 -19 -20 20 -22 -23 23 -25 -26 -27 -28 -29 -30 -31
leaf_value=0.06050243624654271 -0.052701949815613561 0.021973346572015499 -0.01853479336343352 0.0011448951658505145 0.1339303626601083 0.00094253566993116294 0.12337893209515992 -0.015687248463022767 0.011999290952901117 0.14516511618372208 0.031493179444437185 0.19283206857059837 0.1004695284809617 0.04342775696099177 0.10617449801975068 -0.038461823473266814 -0.038802252438909363 -0.0069542519383107432 0.12826703522425867 0.046818998138443889 0.13526070876017254 -0.053607002065976281 0.020210215804260537 0.18557698960972926 0.098069420781912275 -0.0028682730606723809 0.10509761193048013 -0.021364774565951827 0.09714540236047739 0.049791966496610961
leaf_weight=7.4967756606638423 776.80089826509356 21.519343644380569 132.79010340571404 37.490988407284021 48.505265902727842 24.031470075249672 192.80354765057564 29.140561237931252 9.83852641656995 11.995397724211214 21.232661861926317 9.5081087127327937 8.6128553971648234 14.410619806498287 8.7352422252297419 310.10467517748475 4.8907268233597305 18.003074295818806 33.722348097711802 31.416882585734129 25.808994438499212 6.7433090545237055 5.7924001179635507 5.3028954118490219 29.571162018924952 12.1780520491302 12.942200563848017 86.889996808022261 11.479992933571337 11.973226636648176
leaf_count=106 26198 219 3382 646 324 380 969 390 127 66 190 77 86 142 99 9672 114 220 326 232 131 181 149 120 191 184 130 1934 74 135
internal_value=-0.00200629 0.0724162 -0.0401702 0.0466485 0.0670059 0.00120394 0.10719 0.0778696 0.000643845 0.0524387 0.0403377 0.0494477 0.0879193 0.0992885 0.0768459 -0.0471472 -0.0341831 0.0300042 0.102867 0.114985 0.0867064 0.0241935 0.0570117 0.0992458 0.0702449 0.0399405 0.0648904 -0.0148624 0.0481246 0.00338172
internal_weight=1961.73 664.977 1296.76 381.948 264.781 187.121 283.029 227.29 117.167 103.913 91.9176 54.3305 30.299 123.377 74.8713 1109.63 332.834 26.7383 48.133 250.029 57.2259 22.7293 15.986 11.0953 50.8038 20.7909 22.7807 94.3868 32.9993 41.1138
internal_count=47194 6651 40543 5026 2729 4109 1625 2083 2297 972 906 727 347 1111 787 36434 10236 319 468 1332 363 564 383 269 381 270 257 2040 293 525
is_linear=0
shrinkage=0.06


Tree=9
num_leaves=31
num_cat=0
split_feature=16 31 14 44 13 32 45 22 15 35 7 45 16 44 2 32 30 43 10 6 2 32 14 10 9 31 3 7 7 26
split_gain=1330.43 196.808 60.3729 59.2429 50.8975 55.0819 43.5998 30.3488 26.7627 22.3921 20.6088 22.8813 19.8593 18.1211 17.9807 16.2707 25.3425 15.094 19.8148 22.7793 13.6193 13.3759 11.7959 11.3167 11.0217 10.3605 9.93304 9.6241 15.8728 15.5561
threshold=95.750000000000014 6.5000000000000009 17.114583333333339 337.80781742866367 19.941666666666674 134.65000000000001 126.39974171285434 -0.14450806520692785 17.104861111111116 152.22500000000002 0.57500000000000007 142.00837211720463 94.583333333333357 398.38382299720132 28.800000000000001 96.850000000000009 37.500000000000007 128.01282180610798 78.750000000000014 2.5000000000000004 26.250000000000004 230.25000000000003 16.106250000000006 84.750000000000014 0.45000000000000007 1.0000000180025095e-35 1.0000000180025095e-35 0.69500000000000006 0.54500000000000015 0.76563949998708669
decision_type=2 2 2 2 2 2 2 2 2 2 2 2 2 2 2 2 2 2 2 2 2 2 2 2 2 2 2 2 2 2
left_child=1 4 22 12 5 23 -4 13 -5 -10 21 14 -3 27 26 16 -6 24 -19 -20 -15 -7 -2 25 -14 -1 -12 28 -8 -30
right_child=2 3 6 8 15 10 7 -9 9 -11 11 -13 17 20 -16 -17 -18 18 19 -21 -22 -23 -24 -25 -26 -27 -28 -29 29 -31
leaf_value=0.061587521988329098 -0.053843653390537996 0.066556593674310396 -0.029931457177891446 -0.015091658197571816 0.030114689770025949 0.086177373894920806 -0.040159725552024288 0.16361875213755908 0.10543565771883071 0.038708032374290581 -0.022102345261818569 0.099776660752071908 0.064649908493731673 0.012949207056347447 0.093574997411343994 0.1099093172552196 0.10963367602792862 -0.008361090581222164 0.015020518619781424 0.11643411360242822 0.10511383633847296 0.13969401565251116 -0.040036930310275984 0.076155936232041296 -0.025456961859063872 -0.01017676291185492 0.049496460825010996 -0.062914181881914277 0.14289266173385506 0.0023851730476905472
leaf_weight=8.7646803446114045 573.54309560358524 16.130158957093954 178.07150833122432 13.620604140684007 26.160117689520121 54.759689416736364 12.283719630911948 5.4465397186577311 41.686667434871197 32.00356962159276 18.585206739604477 27.769229713827372 5.1848885826766482 12.271814044564964 11.33522345125675 203.84944600984454 32.171984679996967 54.371628820896149 23.677101837471128 12.022082874551414 10.897769048810003 24.262537457048893 364.24240277335048 8.7635580860078317 85.038983618840575 41.690456371754408 11.166523955762385 9.7339810654520971 4.639768358319996 7.2991725187748671
leaf_count=122 20348 161 5218 185 226 465 267 94 295 317 229 176 132 174 101 984 180 1039 383 162 135 140 12209 122 2136 641 125 255 98 180
internal_value=-0.00179488 0.0605005 -0.0416015 0.0210522 0.0843519 0.0621189 -0.0147923 0.0282911 0.0621744 0.0764559 0.0817004 0.0577049 0.00277334 0.0153887 0.0292701 0.101914 0.0739719 -0.00293306 0.0144422 0.0491726 0.0562987 0.102609 -0.048481 0.0132208 -0.0202788 0.00228958 0.00477037 -0.0125253 0.00772367 0.0569899
internal_weight=1931.44 753.014 1178.43 283.736 469.279 207.097 240.644 62.5728 87.3108 73.6902 147.878 68.8562 196.425 57.1262 41.087 262.182 58.3321 180.295 90.0708 35.6992 23.1696 79.0222 937.785 59.2187 90.2239 50.4551 29.7517 33.9566 24.2227 11.9389
internal_count=47299 8321 38978 4810 3511 2121 6421 1203 797 612 1236 631 4013 1109 455 1390 406 3852 1584 545 309 605 32557 885 2268 763 354 800 545 278
is_linear=0
shrinkage=0.06


Tree=10
num_leaves=31
num_cat=0
split_feature=17 46 29 45 18 25 38 14 2 30 38 36 34 30 7 12 14 15 23 25 37 15 10 2 16 3 16 20 6 18
split_gain=1164.23 138.151 102.558 83.9912 53.5913 49.9616 70.8777 45.0486 25.7428 21.4678 18.9503 20.534 18.6894 16.4283 15.8313 21.9186 15.5791 15.5597 15.4922 15.472 18.3774 19.5484 14.8306 27.4673 22.6108 14.468 13.6428 13.4169 12.9573 12.7265
threshold=95.729166666666671 134.87002006679029 5.5000000000000009 200.10239171276058 96.437500000000014 2485.5000000000005 33.52291666666666 16.510416666666671 23.800000000000001 21.500000000000004 28.568750000000019 187.55000000000004 136.04583333333335 44.500000000000007 0.37000000000000005 81.784722222222243 19.131250000000005 17.363194444444449 -0.40833333333333582 3110.5000000000005 19.500000000000004 17.450694444444448 79.083333333333357 25.300000000000001 94.416666666666671 1.5000000000000002 95.250000000000014 -0.6458295238254691 2.5000000000000004 94.9513888888889
decision_type=2 2 2 2 2 2 2 2 2 2 2 2 2 2 2 2 2 2 2 2 2 2 2 2 2 2 2 2 2 2
left_child=1 2 18 7 -5 22 8 -2 9 14 19 -12 13 -4 -7 -16 -10 -8 -1 20 -9 -22 23 24 -3 -20 -27 -13 -15 -14
right_child=3 5 12 4 -6 6 17 10 16 -11 11 27 29 28 15 -17 -18 -19 25 -21 21 -23 -24 -25 -26 26 -28 -29 -30 -31
leaf_value=-0.038657356861582233 -0.05050302643480202 0.11335039027417919 0.0056818993882157987 0.11810389860741696 -0.019178473237245062 0.10556016252993605 0.044556748659367748 -0.024343098810635452 -0.017783737910444099 0.14572992525311973 0.09230054357999587 0.076775652365356703 0.11127067904054359 0.028880749735124379 -0.0012459804324316071 0.10848062995913134 0.036464028345161104 0.10632161077085185 -0.0094176580940589626 -0.040394010089205311 -0.00070643467818773257 0.1348960104146969 0.1112611920721444 0.1120515256305657 0.019633248548068413 0.10144123372137288 -0.0070668163009896846 -0.016893247198685617 0.097598942845346731 0.049428695846272172
leaf_weight=51.469546688720584 706.15200135856867 13.009005486965178 26.450532179325819 19.552434355020523 21.486208938062191 11.613257046788929 17.651771077886224 78.840573687106371 41.138102604076266 8.9907775409519655 7.6450957991182795 5.917581344023346 34.974183201789856 17.969267621636391 27.400162288919091 8.6141878105699998 35.508102964609861 87.309803441166878 66.030864527449012 247.87583788111806 11.640432899817826 5.7018294986337414 133.26824758946896 47.085240509361029 32.227403175085783 9.313752621412279 7.5551773421466342 78.976772295311093 21.937939431518316 18.220840467140079
leaf_count=1243 26168 58 299 167 421 110 174 2408 654 48 186 153 193 125 411 69 262 504 1375 7787 340 126 703 313 311 152 197 1949 143 155
internal_value=-0.00155057 0.0587434 0.0231665 -0.0381072 0.0462283 0.0782205 0.0590576 -0.0411359 0.0300127 0.060695 -0.0259854 -0.00188246 0.0635921 0.0423519 0.0446428 0.0249993 0.00734778 0.0959344 -0.0128015 -0.0324683 -0.0120426 0.0438773 0.0984568 0.0799734 0.0465843 0.00325153 0.0528432 -0.010364 0.0666568 0.090088
internal_weight=1901.53 717.738 253.922 1183.79 41.0386 463.816 238.226 1142.75 133.265 56.6184 436.598 92.5394 119.553 66.3577 47.6276 36.0144 76.6462 104.962 134.369 344.059 96.1828 17.3423 225.59 92.3216 45.2364 82.8998 16.8689 84.8944 39.9072 53.195
internal_count=47204 7499 3882 39705 588 3617 2232 39117 1554 638 12949 2288 915 567 590 480 916 678 2967 10661 2874 466 1385 682 369 1724 349 2102 268 348
is_linear=0
shrinkage=0.06


Tree=11
num_leaves=31
num_cat=0
split_feature=16 13 14 46 46 19 32 16 6 7 9 13 26 30 42 14 9 46 32 12 5 10 38 12 2 2 0 16 42 9
split_gain=1022.31 140.278 70.1381 49.401 38.2415 33.0385 32.3368 29.0241 22.4962 21.9942 26.6606 21.6489 19.6541 19.1301 18.3785 25.9285 16.405 15.7461 13.7937 15.567 12.4067 13.6998 12.382 15.6077 12.2635 12.0071 12.2449 11.2276 10.7456 12.7328
threshold=95.750000000000014 19.358333333333338 16.964583333333341 200.36839275268508 171.87636518134477 93.500000000000014 88.450000000000017 94.916666666666671 2.5000000000000004 0.48500000000000004 2.1500000000000008 17.308333333333337 0.75211962008208466 36.500000000000007 76.354166666666671 18.306250000000002 1.3500000000000003 240.12936516810899 230.25000000000003 82.909722222222243 73.500000000000014 81.916666666666671 3.0145833333333418 76.006944444444457 20.950000000000003 23.350000000000005 39.500000000000007 95.083333333333357 76.479166666666671 3.8500000000000001
decision_type=2 2 2 2 2 2 2 2 2 2 2 2 2 2 2 2 2 2 2 2 2 2 2 2 2 2 2 2 2 2
left_child=1 3 -2 7 -4 -3 13 22 18 10 -6 -5 27 -7 -14 -16 -10 -12 19 -8 21 -18 -1 -24 -11 26 -26 -13 29 -9
right_child=2 5 4 11 9 6 8 28 16 24 17 12 14 -15 15 -17 20 -19 -20 -21 -22 -23 23 -25 25 -27 -28 -29 -30 -31
leaf_value=0.018861758323788103 -0.047749991781853234 0.097825455137288519 -0.028718646403589867 -0.0071727816862399291 0.16885644270888536 -0.011709012234954103 0.036199309147943198 0.011321116421410765 0.049332013710716306 -0.049895244691729713 -0.044502017785026854 0.064461338150026928 0.12486926251395639 0.065940116824241599 0.016235578122109056 0.11658118082344854 0.05926323248323459 0.095448659314281273 0.096617093634286985 0.089370901663855404 0.13814939555016933 0.12381160811690059 0.012141015808080229 0.10979071032003397 0.13744295290455266 0.0034735805116529279 0.0031038588247092143 0.0010993158525803336 -0.026843249388418644 -0.064010778185573589
leaf_weight=36.42905779927969 814.49946150183678 140.51433701813221 181.55520734377205 17.983876844868064 7.0499271545559195 30.158679842948914 92.970004823058844 93.981847980991006 23.452579606324434 12.632688941434024 6.1864777281880361 19.31985692679882 25.12760242074728 18.385147798806429 21.894381534308195 16.077097043395042 26.509598836302757 5.4383661635220051 24.96958964318037 25.193450447171926 28.378389660269022 21.386729754507542 9.3718887344002741 15.871621895581482 5.3205745052546245 51.938290098682046 4.5156710967421532 21.023060154169798 61.598212748765945 8.8368696458637697
leaf_count=428 31096 649 5740 288 125 383 668 2244 157 297 147 121 161 136 210 92 146 79 109 155 152 114 108 167 112 1129 111 221 1340 201
internal_value=-0.001365 0.0510963 -0.0389086 0.022719 -0.0126874 0.0739282 0.062405 0.00614042 0.071341 0.0185814 0.0767988 0.0535876 0.0641511 0.0176993 0.0850634 0.0587218 0.0932181 0.0209701 0.0560982 0.0475359 0.106712 0.0880855 0.0412413 0.0735374 0.00396994 0.0149852 0.0757699 0.0314428 -0.00702587 0.00484663
internal_weight=1868.57 779.434 1089.14 347.515 274.637 431.919 291.404 226.089 242.86 93.082 18.6748 121.426 103.442 48.5438 63.0991 37.9715 99.7273 11.6248 143.133 118.163 76.2747 47.8963 61.6726 25.2435 74.4072 61.7745 9.83625 40.3429 164.417 102.819
internal_count=47086 8250 38836 5581 7740 2669 2020 4488 1501 2000 351 1093 805 519 463 302 569 226 932 823 412 260 703 275 1649 1352 223 342 3785 2445
is_linear=0
shrinkage=0.06


Tree=12
num_leaves=31
num_cat=0
split_feature=14 16 43 17 44 38 25 25 38 29 42 36 26 18 46 25 0 25 7 0 6 38 5 43 25 25 14 42 31 22
split_gain=981.68 113.857 83.9218 70.2526 42.1342 32.9843 34.4783 24.9721 33.4209 21.5124 20.7397 25.1454 21.5678 20.3059 16.666 20.5728 16.4224 19.9396 17.6414 16.3769 17.3987 18.9074 15.3893 15.1695 14.5487 19.4396 13.266 12.5596 12.1436 13.3957
threshold=17.902083333333341 94.916666666666671 138.05524798269582 96.270833333333357 278.37505673789786 16.222916666666688 1948.5000000000002 3248.5000000000005 33.52291666666666 7.5000000000000009 76.354166666666671 300.85000000000008 0.76563949998708669 95.7291666666667 89.623322697943806 1698.5000000000002 50.500000000000007 3110.5000000000005 0.60500000000000009 35.500000000000007 5.5000000000000009 7.4354166666666659 72.500000000000014 259.57603711884025 3582.5000000000005 2965.5000000000005 16.106250000000006 78.062500000000014 1.5000000000000002 -0.086278972141783997
decision_type=2 2 2 2 2 2 2 2 2 2 2 2 2 2 2 2 2 2 2 2 2 2 2 2 2 2 2 2 2 2
left_child=3 7 9 4 19 6 -4 14 -9 28 11 22 -12 24 15 -2 17 18 -7 -1 -21 -22 -6 -19 25 -8 -5 -11 -3 -30
right_child=1 2 5 26 10 16 13 8 -10 27 12 -13 -14 -15 -16 -17 -18 23 -20 20 21 -23 -24 -25 -26 -27 -28 -29 29 -31
leaf_value=-0.051401644822835685 0.10168347521714347 0.040264040917620904 0.10477043224924229 -0.051655685130821472 0.069267595324979198 0.11823292840894682 0.022929520511409368 -0.0022325614549514529 0.096581593517949108 5.7930846110853926e-06 0.076119746228349272 0.006951432570919772 -0.023278743222837576 -0.02877680297188924 0.084770030538645041 0.0056131960713622963 0.13778231631409332 0.0062083253464353914 0.044855484544462226 -0.019310854228015584 0.15603167936926579 -0.02939709294129083 0.18322970315751275 0.076448591170034413 -0.029993367209077158 0.1065900653168849 -0.036216871636174527 0.089153916184260565 -0.029249178191213587 0.056517150301481661
leaf_weight=60.950279470533133 12.668020855635403 11.798240063711999 17.529127269983292 491.54424894414842 13.60057904571295 32.662767233327031 35.925382485613227 32.064122669398785 20.012789264321327 11.040549702942373 10.054449807852505 17.9342574570328 35.9845856949687 28.767145542427897 307.96294147521257 21.891610916703939 13.071291666477917 25.282372741028666 18.462720835581422 104.69447662681341 4.3948590308427802 3.6021726336330175 6.2151522785425177 19.688652463257313 11.013769453391431 13.854956045746802 338.2300980091095 11.737741706892846 102.98596693202853 7.0016399696469298
leaf_count=1967 73 193 181 20123 217 217 390 300 108 119 172 267 795 601 1610 208 105 309 140 3326 130 102 102 109 167 169 12214 100 2603 172
internal_value=-0.000361957 0.0521766 0.0278171 -0.0368673 -0.00948459 0.0514756 0.0278169 0.074451 0.035741 -0.00757427 0.0254594 0.0584251 -0.00157114 0.0127554 0.0803364 0.0408283 0.074684 0.0661013 0.0917345 -0.0263464 -0.0127951 0.0725074 0.105012 0.03696 0.032408 0.0462141 -0.0453626 0.0459442 -0.0175841 -0.0237894
internal_weight=1842.63 755.422 360.822 1087.21 257.431 216.258 107.09 394.599 52.0769 144.564 83.789 37.75 46.039 89.5613 342.523 34.5596 109.168 96.0965 51.1255 173.642 112.692 7.99703 19.8157 44.971 60.7941 49.7803 829.774 22.7783 121.786 109.988
internal_count=47289 7874 5575 39415 7078 2388 1508 2299 408 3187 1553 586 967 1327 1891 281 880 775 357 5525 3558 232 319 418 726 559 32337 219 2968 2775
is_linear=0
shrinkage=0.06


Tree=13
num_leaves=31
num_cat=0
split_feature=17 31 45 43 45 17 18 21 30 43 27 29 42 14 5 5 41 43 38 36 0 10 10 42 31 47 23 2 35 9
split_gain=839.008 114.767 63.0493 57.794 38.9212 34.2752 33.8876 27.7072 25.4981 31.6774 28.102 19.7376 18.3749 17.6273 17.3581 16.8805 12.9625 18.6661 11.7989 24.1686 11.4813 11.2843 10.5274 10.1945 11.6027 10.1612 10.0907 15.3777 9.90983 16.3143
threshold=95.812500000000014 7.5000000000000009 200.10239171276058 129.18668188449809 69.161933829718436 96.562500000000014 96.4791666666667 0.82959552889112953 32.500000000000007 259.57603711884025 11.500000000000002 12.500000000000002 77.104166666666671 18.668750000000003 53.500000000000007 71.500000000000014 11.15 193.22689285168556 23.731249999999999 187.55000000000004 25.500000000000004 84.083333333333357 82.916666666666671 75.770833333333357 40.500000000000007 114.51658314452258 0.42916666666666986 21.750000000000004 158.69097222222226 0.8500000000000002
decision_type=2 2 2 2 2 2 2 2 2 2 2 2 2 2 2 2 2 2 2 2 2 2 2 2 2 2 2 2 2 2
left_child=1 4 5 -3 11 15 -4 14 9 10 12 -1 -6 23 -5 -2 17 -16 28 -20 -21 -15 25 24 -9 -14 27 -12 -17 -30
right_child=2 3 6 7 8 -7 -8 13 -10 -11 26 -13 22 21 16 18 -18 -19 19 20 -22 -23 -24 -25 -26 -27 -28 -29 29 -31
leaf_value=0.0089647594488259253 -0.045607213847920533 -0.024139498214056997 0.096172755753748645 0.0086811982209547226 0.058096089574551639 -0.049590224997027893 -0.020869923823434951 -0.0022711670846959826 0.10035235721428044 0.10197998246599088 0.10217977826958861 0.063067172872292285 -0.017393735546466824 0.027217735671171642 0.0078963920109117978 -0.035600580621055235 0.15124172063005453 0.10628378155828126 0.12081968135863359 0.070692146815503856 -0.016202535834519752 0.090926335556819518 0.048044952844357856 -0.025178340802835864 0.089382839203440728 0.041506305488482893 0.086338437144942728 0.028490753531754509 0.078460445537914203 -0.017175434249272616
leaf_weight=67.346494792029262 113.44693682901561 98.144857304170728 18.57606204226613 12.530905146151779 64.932219672948122 628.61041785031557 17.10620066896081 16.421595217660073 77.529222387820482 58.807528704404831 14.836071379482744 37.956953026354313 36.947632592171431 47.065932646393776 10.911745553836228 120.06072190962732 9.3986055087298137 19.080874297767878 5.8362875804305068 6.1076628584414712 52.763200676068664 12.712119832634924 23.224871203303337 36.403208682313561 7.1317120213061562 14.755167458206413 81.664778359234333 32.590670168399811 7.2362154629081479 57.027898771688342
leaf_count=921 4171 2542 151 137 522 26287 371 259 338 255 93 201 365 484 186 4233 125 167 165 149 1384 107 153 577 119 98 431 232 228 1752
internal_value=-0.00265468 0.0442391 -0.0382961 0.0125859 0.060965 -0.0411173 0.0400621 0.0335837 0.069409 0.0620895 0.0533673 0.0284661 0.0347342 0.0177098 0.0701896 -0.0264235 0.0897563 0.070489 -0.0176843 0.00435817 -0.00718749 0.0407657 0.0144888 -0.00527742 0.0254808 -0.000584588 0.0735547 0.0515422 -0.0254223 -0.00640672
internal_weight=1807.16 780.393 1026.77 269.802 510.592 991.089 35.6823 171.657 405.288 327.759 268.951 105.303 139.86 119.735 51.9221 362.479 39.3912 29.9926 249.032 64.7072 58.8709 59.7781 74.9277 59.9565 23.5533 51.7028 129.092 47.4267 184.325 64.2641
internal_count=47203 8312 38891 4703 3609 38369 522 2161 2487 2149 1894 1122 1138 1546 615 12082 478 353 7911 1698 1533 591 616 955 378 463 756 325 6213 1980
is_linear=0
shrinkage=0.06


Tree=14
num_leaves=31
num_cat=0
split_feature=16 16 44 14 44 38 16 44 25 13 4 21 22 45 14 45 41 30 25 29 22 1 9 39 2 42 25 32 2 25
split_gain=784.118 97.483 53.0553 52.6414 32.8752 27.6776 25.4306 23.1381 17.973 17.6684 27.7969 17.2875 15.5805 24.2147 15.0151 14.8359 24.2548 14.1398 14.0341 13.8047 12.9475 16.357 13.0674 12.735 12.2264 11.8945 11.4253 10.2362 10.57 10.3527
threshold=95.750000000000014 94.916666666666671 270.91951679670655 16.510416666666671 398.38382299720132 18.570833333333336 93.916666666666671 151.32076246775904 3582.5000000000005 20.333333333333336 1.0000000180025095e-35 1.3197173012082788 -0.53471469394632709 200.10239171276058 17.564583333333335 78.376023517496122 13.050000000000002 4.5000000000000009 3041.5000000000005 11.500000000000002 -0.64496355104012781 1.0000000180025095e-35 0.8500000000000002 221.50625000000002 24.650000000000002 78.937500000000014 3110.5000000000005 127.15000000000002 20.600000000000005 2378.5000000000005
decision_type=2 2 2 2 2 2 2 2 2 2 2 2 2 2 2 2 2 2 2 2 2 2 2 2 2 2 2 2 2 2
left_child=1 6 8 -2 20 27 -1 19 15 10 11 -9 13 17 -14 -3 -17 26 -6 -8 21 22 -5 -12 -20 -26 -7 -4 -29 -30
right_child=3 2 5 4 18 12 7 9 -10 -11 23 -13 14 -15 -16 16 -18 -19 24 -21 -22 -23 -24 -25 25 -27 -28 28 29 -31
leaf_value=0.097170076409361539 -0.049538521953636089 -0.0063807117084065963 -0.036714452620383684 0.11329083203170852 -0.025987855979293741 0.029224443930413443 -0.018597589619935361 0.070167112423383249 -0.02684737643739854 0.078663027983909686 0.027097249411126696 -0.0066935480623996563 0.033867886815963651 0.086701857775204672 0.10526841915673066 0.018029938460612502 0.12390170736802138 0.060298841727850987 0.0032637188130736159 0.055573700428335433 -0.033999604324035808 -0.032019992938826944 0.0078812591969681708 0.073627121566034029 0.11274509151096364 0.011036509304253747 -0.045933351729141529 -0.037612661533379423 0.078104508154658178 0.014092814729726509
leaf_weight=63.062385898083448 586.20660483464599 80.001777183264494 12.839247874915598 4.7892174273729315 12.489962317049502 14.059304660186173 22.427270747721195 14.269056443125008 62.7711086794734 124.32857317104936 26.467032510787249 40.254936013370752 14.776806715875862 27.384958438575268 37.537798136472702 62.255038443952799 8.9042277205735427 16.136831726878881 12.533313062042 15.126214057207106 260.10778250358999 45.60595316439867 36.506857365369797 105.9209261238575 12.743707248941066 6.1306862644851199 15.104087384417651 8.4121835529804212 13.948870971798895 26.142618859186769
leaf_count=276 26146 1655 128 155 211 127 285 113 1624 552 205 283 217 136 224 832 105 92 237 86 9259 1428 1093 630 199 120 147 103 113 375
internal_value=-0.0019545 0.0416134 0.0205273 -0.0381661 -0.0211119 0.0439328 0.0621065 0.055767 0.000140211 0.0611349 0.0494757 0.0134211 0.0601318 0.0421606 0.0851006 0.0113471 0.0312778 0.0152345 0.0278094 0.011278 -0.0273006 -0.00724963 0.0201059 0.0643249 0.0492031 0.0797086 -0.00970072 0.0109239 0.0235341 0.0363641
internal_weight=1789.25 812.131 400.275 977.114 390.907 186.343 411.856 348.794 213.932 311.241 186.912 54.524 125 72.6852 52.3146 151.161 71.1593 45.3002 43.8977 37.5535 347.01 86.902 41.2961 132.388 31.4077 18.8744 29.1634 61.3429 48.5037 40.0915
internal_count=47156 8308 5878 38848 12702 1662 2430 2154 4216 1783 1231 396 943 502 441 2592 937 366 767 371 11935 2676 1248 835 556 319 274 719 591 488
is_linear=0
shrinkage=0.06


Tree=15
num_leaves=31
num_cat=0
split_feature=14 13 44 14 21 45 41 16 34 45 24 28 44 25 3 45 7 14 25 42 45 7 7 44 0 44 22 45 18 26
split_gain=720.04 85.22 65.1333 51.6451 45.1224 28.3735 32.0395 27.3784 24.9449 21.7943 21.4697 17.7234 17.6888 18.4254 16.2256 17.6913 14.4003 13.342 13.1595 12.3416 12.549 12.2917 11.9747 12.6711 11.7099 15.5153 11.3823 12.2756 15.762 11.2199
threshold=17.902083333333341 19.941666666666674 199.90560344829694 16.510416666666671 1.1027794750200537 130.73411344724096 11.15 95.416666666666671 121.32708333333333 155.53872965100976 1031.5000000000002 1.5000000000000002 398.38382299720132 1948.5000000000002 1.0000000180025095e-35 166.65744969550101 0.62500000000000011 20.556250000000002 3722.5000000000005 77.562500000000014 104.93294461707207 0.55500000000000016 0.57500000000000007 243.79930139053079 34.500000000000007 238.71434468053971 -0.60482805614079627 64.11620061590952 95.631944444444457 0.90084621568940293
decision_type=2 2 2 2 2 2 2 2 2 2 2 2 2 2 2 2 2 2 2 2 2 2 2 2 2 2 2 2 2 2
left_child=3 2 11 -1 8 26 21 14 -4 10 17 -2 13 -9 15 18 -16 24 22 -10 -21 29 23 -6 -3 -26 27 28 -5 -7
right_child=1 9 4 5 7 6 -8 12 19 -11 -12 -13 -14 -15 16 -17 -18 -19 -20 20 -22 -23 -24 -25 25 -27 -28 -29 -30 -31
leaf_value=-0.047453105253105247 -0.022088883953926372 0.078616218632268087 0.010619383353842285 0.1542456004701698 0.081448984759822526 0.050428821210610757 0.10395433336349434 0.070527505269963958 0.12038116169306232 0.10250411807648385 0.026041604735596316 0.035990095571787666 0.049497865910726746 -0.030164682583471165 0.10087857804867678 0.080597070255565714 0.036525110571383024 0.080512197817572045 -0.03442235598313062 0.016268994158926062 0.097538677859135794 -0.018569194334007024 -0.0007961000443397594 0.022465771174362392 0.0043216150712107864 0.064311313914152471 -0.034742502394705263 -0.02667556339680369 0.0087345160893985644 -0.03941724634453176
leaf_weight=569.46728928945959 104.52508383989334 34.519737750291824 15.531653026118873 3.0499380789697197 20.680528599768877 21.310793541371826 11.149597179144619 7.4444374255836001 33.533190358430147 47.71816236153245 57.695649418979883 23.094557056203485 18.120455749332905 53.985517742112279 25.044702403247356 19.636321887373924 25.026802565902472 120.74525697901845 14.543049726635216 10.955118322744967 18.209132973104715 62.699442701414227 34.527965620160103 35.825827717781067 30.320903651416302 31.796538881957531 238.53849823214114 41.774634215980768 22.089313378557563 6.5391031820327035
leaf_count=26481 2524 185 175 96 157 360 169 126 225 203 406 213 143 1171 157 85 212 526 172 163 118 1381 294 235 231 151 8482 1284 785 149
internal_value=-0.00141383 0.0414321 0.0248679 -0.0357864 0.038833 -0.0194687 0.00798136 0.0265971 0.0786923 0.065072 0.0585786 -0.0115787 -0.00259577 -0.0179622 0.0398458 0.028302 0.0687133 0.0672142 0.0185757 0.0955555 0.0670109 -0.00383607 0.0270423 0.0440528 0.0505988 0.035029 -0.0286081 -0.00673975 0.0263882 0.0293331
internal_weight=1760.1 783.481 460.684 976.619 333.065 407.151 101.699 254.836 78.2291 322.796 275.078 127.62 79.5504 61.43 175.285 125.214 50.0715 217.382 105.577 62.6974 29.1643 90.5493 91.0343 56.5064 96.6372 62.1174 305.452 66.9139 25.1393 27.8499
internal_count=47059 7872 6170 39187 3433 12706 2059 2752 681 1702 1499 2737 1440 1297 1312 943 369 1093 858 506 281 1890 686 392 567 382 10647 2165 881 509
is_linear=0
shrinkage=0.06


Tree=16
num_leaves=31
num_cat=0
split_feature=14 13 32 14 43 38 30 42 28 22 25 10 46 15 42 0 14 6 26 14 44 0 2 25 11 5 6 25 23 32
split_gain=635.183 71.6361 62.6637 56.5321 28.616 25.9488 23.7169 28.4874 19.8102 17.9277 20.6615 15.9263 14.5806 22.9551 22.9003 13.5342 13.508 12.9026 13.2621 12.3163 11.3168 10.8964 16.6694 10.322 10.2035 10.155 9.98075 16.0406 9.73669 12.4762
threshold=17.902083333333341 20.333333333333336 130.95000000000002 16.510416666666671 259.57603711884025 28.568750000000019 33.500000000000007 78.375000000000014 1.5000000000000002 -0.64496355104012781 1948.5000000000002 89.083333333333357 240.12936516810899 16.814583333333339 76.979166666666671 39.500000000000007 18.668750000000003 2.5000000000000004 0.72164557100605464 19.452083333333338 228.66946246882441 27.500000000000004 28.350000000000005 3248.5000000000005 75.104166666666671 63.500000000000007 3.5000000000000004 3582.5000000000005 0.7291666666666653 122.30000000000001
decision_type=2 2 2 2 2 2 2 2 2 2 2 2 2 2 2 2 2 2 2 2 2 2 2 2 2 2 2 2 2 2
left_child=3 2 11 -1 6 15 7 9 17 10 -4 19 -7 -14 -15 28 -6 24 -19 -2 -3 -12 23 -23 -9 -11 -17 -28 -5 -30
right_child=1 20 4 5 16 12 -8 8 -10 25 21 -13 13 14 -16 26 -18 18 -20 -21 -22 22 -24 -25 -26 -27 27 -29 29 -31
leaf_value=-0.046611149065454723 -0.013624542673214899 0.051007478982677643 0.088270243639086005 -0.046327164340903351 0.050127219616379871 -0.01200768121449952 0.095490059870583233 0.021984260139656479 0.052644634214307061 0.04730017417148611 0.077247636859025096 0.075336063008981324 -0.0211967990820205 0.10288036491767305 0.00097391727175283555 -0.019253562667960609 0.1017406259356706 0.069510379851710352 -0.017538860276991617 0.019751651774819624 0.077861081390105252 0.043853954417671127 -0.052328223071615783 -0.013016952110114433 -0.033622151899402694 0.10368717429258519 0.10454153958431556 -0.015953970978056717 -0.047675999364474718 0.036320270144026556
leaf_weight=547.50995933823287 132.30893269181252 95.90758028626442 18.555064683780074 123.19094079174101 36.623165275901556 67.541658269241452 20.632007900625467 15.576114432886241 26.418189242482185 21.418775603175163 9.5126898009330016 9.6760860420763475 19.594393186271191 19.268857203423977 13.500638119876383 115.05640755593777 36.395494382828474 13.856826962903144 11.554347077384589 56.927929747849703 137.48563367128372 32.843666527420282 12.955803154036401 17.670373534783721 50.056983936578035 24.824051475152373 6.4481267258524921 10.379219710826872 12.699680948629977 12.76445530541241
leaf_count=26654 2815 512 145 4594 198 1861 104 294 158 184 113 126 381 152 198 4144 158 139 157 553 606 281 166 257 693 275 185 341 470 429
internal_value=-0.00106837 0.0389903 0.0271308 -0.0340803 0.0424533 -0.0169474 0.033613 0.0286113 0.00690199 0.0471192 0.0317361 0.000255037 0.00641487 0.0301772 0.0608961 -0.0269328 0.0758535 -0.00637109 0.0299295 -0.00358402 0.0668262 0.0173629 0.00838754 0.0239599 -0.0204256 0.0775698 -0.0129412 0.0302191 -0.0393458 -0.00557103
internal_weight=1729.15 781.2 547.807 947.954 348.894 400.444 275.875 255.243 117.462 137.78 91.5376 198.913 119.906 52.3639 32.7695 280.539 73.0187 91.0443 25.4112 189.237 233.393 72.9825 63.4698 50.514 65.6331 46.2428 131.884 16.8273 148.655 25.4641
internal_count=47343 7934 6816 39409 3322 12755 2966 2862 1441 1421 962 3494 2592 731 350 10163 356 1283 296 3368 1118 817 704 538 987 459 4670 526 5493 899
is_linear=0
shrinkage=0.06


Tree=17
num_leaves=31
num_cat=0
split_feature=13 31 13 32 13 44 21 31 46 13 19 18 46 9 38 11 46 25 19 7 32 18 38 7 11 20 30 21 25 25
split_gain=591.667 76.6723 34.348 32.7692 35.9664 23.2364 20.304 15.5442 13.7556 17.1493 13.7316 13.4718 13.8406 12.1885 13.9593 18.538 11.0016 10.9777 10.5044 10.1964 9.6693 8.99553 8.19989 8.2951 8.18365 8.06534 8.04997 7.9542 9.64066 7.44429
threshold=17.941666666666674 9.5000000000000018 16.958333333333339 141.70000000000002 20.991666666666671 353.25941223629894 1.1027794750200537 1.0000000180025095e-35 138.15115083716776 19.941666666666674 94.500000000000014 96.2013888888889 200.36839275268508 0.75000000000000011 -3.1479166666666809 75.937500000000014 248.02216807755255 2661.5000000000005 95.500000000000014 0.58500000000000008 218.55000000000004 95.812500000000014 49.112500000000011 0.30500000000000005 85.187500000000014 3.4330231517012071 25.500000000000004 0.61952919818678265 1698.5000000000002 3319.5000000000005
decision_type=2 2 2 2 2 2 2 2 2 2 2 2 2 2 2 2 2 2 2 2 2 2 2 2 2 2 2 2 2 2
left_child=2 3 18 4 7 13 16 25 27 -10 -4 12 17 14 15 -3 21 -5 -1 -8 24 -7 23 -12 -15 -2 -6 -9 -29 -24
right_child=1 5 10 11 26 6 19 8 9 -11 22 -13 -14 20 -16 -17 -18 -19 -20 -21 -22 -23 29 -25 -26 -27 -28 28 -30 -31
leaf_value=-0.028575236579311596 0.015844296077753329 0.1606411542726475 0.011372310463824014 0.062906431395866061 0.0380465794739911 0.066424187474301108 0.03594735342037423 0.056169896981460944 0.00334771769510075 0.057668516112195603 0.036340313639612903 0.018134909023483529 0.079502416974399234 -0.019328747367478593 -0.021234585621298367 0.016099264155964257 0.09339773186900048 0.023089398791989495 -0.047503161616204138 -0.022542574699531404 0.057921246115780457 -0.009922023037119589 -0.040250680923158019 -0.031772523708369672 0.057452872137336165 0.074526101281653767 0.079019422127099267 0.031945727150855092 -0.020044921431439797 0.023469260809589828
leaf_weight=134.31404904834926 12.706898389384149 5.342179838567974 48.606611281633377 86.182864956557751 24.640002168715 12.551732301712038 19.29420967027545 7.1845012325793496 43.195020359009504 40.577555194497108 6.6935774199664584 23.097698261961341 131.33108213171363 127.77824804745615 9.4316477756947261 7.9449414275586605 20.478857288137078 35.071390558034182 492.91591656021774 24.171941347420216 6.6292758453637353 9.9682303257286531 9.4620701037347335 167.75236463919282 5.2006900254636994 25.061545150354505 57.655160374939442 16.023664329200983 64.62021323107183 21.824961239472032
leaf_count=5253 148 116 746 482 126 71 158 138 483 211 226 222 625 3158 197 158 153 281 24727 252 107 170 254 6573 84 174 252 136 951 653
internal_value=-0.00182731 0.034986 -0.0359083 0.0471641 0.0331449 0.00721475 0.032339 0.0199354 0.0122656 0.0296595 -0.0173097 0.061996 0.0660069 -0.00616791 0.0345883 0.0742133 0.0615717 0.0513898 -0.04345 0.00342055 -0.0128003 0.0326303 -0.0240861 -0.029159 -0.0163259 0.0547831 0.0667517 -0.0043251 -0.00971456 0.00419857
internal_weight=1697.71 816.14 881.57 567.348 291.665 248.792 86.465 209.369 171.601 83.7726 254.34 275.683 252.585 162.327 22.7188 13.2871 42.9988 121.254 627.23 43.4662 139.608 22.52 205.733 174.446 132.979 37.7684 82.2952 87.8284 80.6439 31.287
internal_count=47285 8853 38432 4229 2619 4624 804 2241 1919 694 8452 1610 1388 3820 471 274 394 763 29980 410 3349 241 7706 6799 3242 322 378 1225 1087 907
is_linear=0
shrinkage=0.06


Tree=18
num_leaves=31
num_cat=0
split_feature=16 31 14 16 45 12 45 22 25 42 38 9 29 14 21 27 21 36 44 25 31 14 45 29 2 5 25 45 30 47
split_gain=530.86 69.4938 46.4596 28.4993 31.7006 20.515 20.5048 21.2882 23.0286 18.8722 16.7901 16.1441 17.1252 15.2384 22.0289 13.1931 12.8196 15.827 12.7501 14.5752 14.7807 12.6916 14.9622 11.9271 11.3768 14.3374 32.0816 11.1318 11.015 10.1575
threshold=95.750000000000014 8.5000000000000018 16.964583333333341 94.083333333333357 155.53872965100976 82.909722222222243 82.300966566254985 -0.91953820376387785 1948.5000000000002 77.562500000000014 -42.689583333333324 0.95000000000000007 3.5000000000000004 17.464583333333341 0.92924143770553969 9.5000000000000018 1.4010237994715633 177.00000000000003 270.91951679670655 1948.5000000000002 15.500000000000002 18.306250000000002 142.00837211720463 6.5000000000000009 23.050000000000004 81.500000000000014 4266.5000000000009 64.11620061590952 1.5000000000000002 88.90727745380984
decision_type=2 2 2 2 2 2 2 2 2 2 2 2 2 2 2 2 2 2 2 2 2 2 2 2 2 2 2 2 2 2
left_child=1 3 -2 -1 5 10 -3 -8 -9 13 -5 -12 16 -10 28 -14 17 -13 23 -20 -21 -11 -23 24 25 -4 27 -27 -15 -19
right_child=2 6 18 4 -6 -7 7 8 9 21 11 12 15 14 -16 -17 -18 29 19 20 -22 22 -24 -25 -26 26 -28 -29 -30 -31
leaf_value=0.077129112010581119 -0.043064485709016422 -0.017630167527464099 -0.020987014320105555 -0.01618846265697535 0.074884836942973043 0.059044068410596361 -0.020632051639519519 0.11856929574660492 -0.011229042712042231 -0.032106039597081561 -0.0026094790070236044 -0.03116355002562549 0.017902015861434004 0.058473589075765914 0.023384756317887646 0.058386237495399021 -0.011092948228422691 0.11197300656548294 0.10285804474647908 0.033913618406031 -0.018417251383351912 -0.016425064299508532 0.073949067703108995 0.09617955625693865 -0.036355422553422244 0.071563554116394854 0.18439309422999964 -0.062193157005802829 0.13512488005275741 0.035464848116756147
leaf_weight=86.945794079452753 607.2051443066448 79.000953156501055 38.249285655096173 31.151553228497505 77.044661780819297 83.932042229920626 38.047732142731547 9.8258191328495723 15.031238829717038 27.683367716148496 44.918106406927109 9.0024768821895105 38.705509886145592 13.601477585732939 32.910957340151072 115.31370785646141 38.219538003206253 9.2026824317872542 5.2228027433156958 29.656543197110295 56.349386939778924 14.049517596140506 12.429294116795061 2.9861630853265515 103.87261811457574 3.5993255302309972 4.3873530738055697 5.9307943005114794 13.396585419774054 19.450727170333266
leaf_count=395 31187 2168 1422 306 359 550 383 94 295 483 443 214 262 105 349 640 407 114 72 546 1322 190 78 64 3892 133 167 199 105 224
internal_value=-0.00119573 0.0336406 -0.0340983 0.0455889 0.039716 0.0327666 0.00778653 0.0191324 0.0300225 0.0232833 0.0255582 0.0302904 0.0367185 0.0427856 0.056338 0.0482124 0.0133871 0.0382336 -0.0123433 0.00553737 -0.000372534 -0.0037006 0.025997 -0.022601 -0.0248742 -0.00201306 0.0501329 -0.0116761 0.0965084 0.0600372
internal_weight=1667.32 809.864 857.459 553.887 466.941 389.896 255.977 176.976 138.928 129.102 305.964 274.813 229.895 74.9403 59.909 154.019 75.8754 37.6559 250.254 91.2287 86.0059 54.1622 26.4788 159.026 156.039 52.1668 13.9175 9.53012 26.9981 28.6534
internal_count=47168 8164 39004 3914 3519 3160 4250 2082 1699 1605 2610 2304 1861 854 559 902 959 552 7817 1940 1868 751 268 5877 5813 1921 499 332 210 338
is_linear=0
shrinkage=0.06


Tree=19
num_leaves=31
num_cat=0
split_feature=17 13 32 14 44 7 6 28 16 32 46 25 42 46 7 2 6 46 6 7 2 38 41 41 30 6 12 15 12 22
split_gain=451.841 75.4216 51.4805 29.4879 20.922 20.6036 19.2143 17.9793 15.9605 17.6974 15.0928 18.5543 14.8448 14.4114 16.9524 14.4784 14.337 13.8476 12.6951 11.7882 12.6938 14.7206 11.4908 16.48 12.0218 11.0452 10.6974 10.4325 9.70528 9.32996
threshold=96.020833333333357 19.941666666666674 154.90000000000001 16.397916666666671 398.38382299720132 0.57500000000000007 4.5000000000000009 1.5000000000000002 94.083333333333357 127.15000000000002 240.12936516810899 3248.5000000000005 78.375000000000014 121.98209512724863 0.89500000000000013 21.600000000000005 2.5000000000000004 361.90702615894276 1.5000000000000002 0.60500000000000009 20.600000000000005 7.4354166666666659 12.300000000000002 9.9500000000000011 2.5000000000000004 2.5000000000000004 78.756944444444457 17.547916666666669 76.881944444444457 -0.50443815906265133
decision_type=2 2 2 2 2 2 2 2 2 2 2 2 2 2 2 2 2 2 2 2 2 2 2 2 2 2 2 2 2 2
left_child=1 2 6 -2 -5 10 7 13 -3 -10 11 12 16 14 -1 19 -4 27 -13 20 21 -15 23 -8 -24 -11 -21 -7 -17 -29
right_child=3 8 5 4 -6 17 22 -9 9 25 -12 18 -14 15 -16 28 -18 -19 -20 26 -22 -23 24 -25 -26 -27 -28 29 -30 -31
leaf_value=-0.034129774439384614 -0.046955322070927868 0.076081983175122908 0.04484699580880426 -0.029033170821824859 0.016471117556648578 -0.015459532295577132 0.016215486980791494 0.031303815480635599 0.024733036316553603 0.043712004841505801 0.079995918173402195 -0.053819974358262003 0.014441558427301803 -0.020462040642507305 0.094394139941645194 0.0048876370383006745 0.11587872456797886 0.077332348902588263 0.026378557279211234 -0.047448662188204163 0.11719341055870601 0.092680305121358081 0.055853807570041658 0.12368602918454809 -0.052143779558414302 0.078172363244306514 0.060783036319998311 0.010533154796480797 -0.033659127143553146 0.059101244098601388
leaf_weight=109.44954277202487 444.57985625974834 64.626848928630352 23.545486956834793 259.52373692393303 42.304253337904811 39.992946300655603 10.7397244758904 36.089315414428711 111.14896240085363 89.092555604875088 40.166276786476374 10.953498350456359 21.637176193296909 10.184688035398727 3.8236568458378306 49.031867194920778 18.088058080524206 11.910687435418366 20.227731829509139 10.20096614025533 7.9618086200207463 6.974839797243475 6.9797725323587638 9.8457120377570373 7.9222095794975758 53.646003399044275 4.8509026803076258 59.035446649417281 45.18311052583158 18.765063807368279
leaf_count=3211 24726 289 191 10712 829 640 140 302 726 428 207 210 207 160 120 942 130 62 238 242 114 90 177 149 143 244 69 611 725 180
internal_value=-0.00259597 0.0259779 0.0131605 -0.037129 -0.0226553 0.0327453 -0.00305535 -0.008261 0.049461 0.0426847 0.0491883 0.0360871 0.0547558 -0.0140264 -0.0297913 -0.000738468 0.0757074 0.0156794 -0.00179398 0.0294209 0.0545792 0.025527 0.038568 0.0676171 -0.00156 0.0566634 -0.0125678 0.00944531 -0.0135984 0.0222475
internal_weight=1648.48 902.075 583.56 746.408 301.828 264.322 319.238 283.751 318.514 253.888 134.618 94.452 63.2707 247.661 113.273 134.388 41.6335 129.704 31.1812 40.1732 25.1213 17.1595 35.4874 20.5854 14.902 142.739 15.0519 117.793 94.215 77.8005
internal_count=47214 10947 9260 36267 11541 2676 6584 5975 1687 1398 1183 976 528 5673 3331 2342 321 1493 448 675 364 250 609 289 320 672 311 1431 1667 791
is_linear=0
shrinkage=0.06


Tree=20
num_leaves=31
num_cat=0
split_feature=13 16 13 32 7 43 15 29 14 0 40 45 33 21 24 26 44 14 45 41 6 38 38 45 6 29 7 45 45 25
split_gain=404.137 50.9339 46.5012 48.7326 34.8633 20.5442 18.9544 18.2348 15.1812 13.3054 12.6067 20.4237 14.6391 13.0135 14.3629 12.2084 14.716 13.8754 11.0708 11.7363 10.8227 21.4199 10.5856 10.553 12.2331 10.4254 9.29996 9.24073 8.93152 8.37172
threshold=18.175000000000004 95.750000000000014 19.941666666666674 130.95000000000002 0.58500000000000008 193.22689285168556 17.363194444444449 7.5000000000000009 16.106250000000006 32.500000000000007 20.950000000000003 64.11620061590952 140.89166666666668 1.238017355093864 1439.5000000000002 0.84041090615630809 270.91951679670655 17.777083333333341 92.30802340577317 11.15 2.5000000000000004 -10.72083333333333 53.939583333333331 155.53872965100976 2.5000000000000004 11.500000000000002 0.40500000000000008 54.337387492834957 67.87140413079176 6035.5000000000009
decision_type=2 2 2 2 2 2 2 2 2 2 2 2 2 2 2 2 2 2 2 2 2 2 2 2 2 2 2 2 2 2
left_child=1 15 3 10 18 7 -6 9 -3 -4 25 -12 13 14 -13 -1 20 -18 -5 23 -17 -22 -8 24 26 -2 -20 -10 -9 -29
right_child=2 8 5 4 6 -7 22 28 27 -11 11 12 -14 -15 -16 16 17 -19 19 -21 21 -23 -24 -25 -26 -27 -28 29 -30 -31
leaf_value=-0.013837814152118762 -0.028280329450154778 -0.046191370581504097 0.053909422746073798 0.02340393893600709 -0.031348098344660964 0.068235849738428264 0.0095340205478243976 0.030596652494765238 -0.050116734101250511 -0.0036526624683509818 -0.042059431970759134 0.15468628652941688 -0.014429369423479457 0.021223719891939625 0.028826809256194269 -0.037436050412350041 0.017240291431246578 0.099231555872519542 -0.034192159152947585 0.10218925025673725 0.1428656148759328 -0.009910882176961117 0.054127054928633456 0.076379212879329597 0.075230569883697071 0.041063066042545747 0.033625837660075375 -0.020733834462567699 0.061830460935925848 -0.05493428434049516
leaf_weight=94.587547594681382 90.586658287793398 343.09759480133653 19.886827398091555 37.419349303469062 31.443365383893251 111.07987484335899 65.584119237959385 55.262527581304312 58.948408303782344 52.940296057611704 17.520291784778237 7.8933185283094662 14.38632597401738 14.883800357580183 5.5658346656709909 19.111626598984003 18.588919408619407 12.37828287668526 9.8790020830929262 20.451145442202687 4.3762050941586521 13.481145408004521 27.075270080938935 38.217044398188591 18.650223823264241 8.5411121323704702 27.66273925639689 263.71928343363106 81.665873192250729 28.556472105905414
leaf_count=1838 1849 20198 151 407 443 514 691 276 2880 421 523 133 255 295 121 592 282 80 98 138 119 371 145 206 111 61 285 11706 372 1486
internal_value=-0.00191979 -0.0301373 0.0300366 0.0172732 0.03251 0.0473721 0.00890468 0.0363232 -0.0372149 0.0120658 -0.00914968 0.0124954 0.0348646 0.0598852 0.102639 9.87248e-05 0.0195026 0.050014 0.0517476 0.0609815 -0.00605547 0.0275292 0.0225642 0.0520549 0.0355116 -0.0223055 0.0157797 -0.0284461 0.0492249 -0.0240754
internal_weight=1613.44 856.845 756.595 435.76 276.382 320.835 124.103 209.756 694.322 72.8271 159.377 60.2496 42.7293 28.343 13.4592 162.524 67.9362 30.9672 152.28 114.86 36.969 17.8574 92.6594 94.409 56.192 99.1278 37.5417 351.224 136.928 292.276
internal_count=47047 39552 7495 5761 2524 1734 1279 1220 36270 572 3237 1327 804 549 254 3282 1444 362 1245 838 1082 490 836 700 494 1910 383 16072 648 13192
is_linear=0
shrinkage=0.06


Tree=21
num_leaves=31
num_cat=0
split_feature=17 46 19 26 25 7 6 30 42 0 37 20 11 0 26 29 38 0 11 25 45 38 22 5 7 30 16 21 1 5
split_gain=401.719 50.6391 50.5383 30.3368 29.9775 34.6274 25.0119 23.7278 20.1726 18.7146 25.6138 16.5226 15.2371 22.9832 14.5329 15.4448 17.1851 14.2295 14.0727 16.364 13.7445 13.0773 15.7453 11.6319 13.2982 24.5166 11.5617 11.3099 12.7589 10.7648
threshold=96.020833333333357 240.12936516810899 93.500000000000014 0.88109187050815296 3582.5000000000005 0.25000000000000006 2.5000000000000004 4.5000000000000009 82.687500000000014 27.500000000000004 13.500000000000002 -0.6458295238254691 68.895833333333357 34.500000000000007 0.84041090615630809 1.5000000000000002 1.1645833333333118 21.500000000000004 75.645833333333357 2118.5000000000005 104.93294461707207 37.71875 -0.23984898090812826 81.500000000000014 0.57500000000000007 4.5000000000000009 93.750000000000014 2.1721668855505709 1.0000000180025095e-35 68.500000000000014
decision_type=2 2 2 2 2 2 2 2 2 2 2 2 2 2 2 2 2 2 2 2 2 2 2 2 2 2 2 2 2 2
left_child=1 2 26 11 6 -6 17 8 -3 10 -8 -2 13 -7 18 16 -16 -4 19 -11 -19 27 -23 24 25 -22 -1 -13 -29 -28
right_child=3 7 4 -5 5 12 9 -9 -10 14 -12 21 -14 -15 15 -17 -18 20 -20 -21 23 22 -24 -25 -26 -27 29 28 -30 -31
leaf_value=0.083344384062220084 0.12822773917242991 0.053333689649351583 -0.06039214985543756 -0.043565254495217962 0.11276236113743007 -0.020325801426495219 -0.0037069590268326729 0.080491885685991499 -0.013389824218131377 0.065376540306963785 0.10309315232262252 -0.030773801304965528 -0.026631401148520216 0.15289785461220612 0.18330972531197678 -0.0037931407516620065 0.055590076634013184 -0.0010460530297292593 0.02846076438385186 -0.043076530623011491 0.11031966874984239 -0.0021421002669320117 0.11307096426391573 -0.02309560351741238 0.010085053790234102 0.020568151890550473 0.029211285588936195 0.11935752151028615 -0.032496831490462695 0.069483745915633652
leaf_weight=30.717684023082256 2.8242931868880978 54.027489168569446 10.894753096625207 499.27505430206656 7.4313910566270343 7.3179500605910999 11.386416811496018 75.332417035475373 23.366888569667935 6.4200066830962923 27.874323232099414 139.75575303286314 121.41457963548601 4.4245715960860252 5.8201496228575769 7.4510234575718632 10.886925932019947 163.66314639896154 93.875079486519098 22.780687803402543 18.800735974684358 43.74512917548418 4.7321539297699919 14.076094882562755 38.769490111619234 26.261107673868537 76.645488334819674 3.9467271715402594 4.0214437693357468 34.717469297349453
leaf_count=142 118 346 189 28603 142 177 179 367 196 94 199 6212 3058 126 151 101 182 2526 836 395 175 1063 159 124 404 152 434 107 134 180
internal_value=-0.00156696 0.0250597 0.0185808 -0.0356694 0.0109561 -0.0132848 0.0183816 0.0565209 0.0331885 0.0353117 0.0721189 -0.0158619 -0.0203194 0.0449447 0.0254968 0.0680448 0.100083 0.00679342 0.0171452 -0.0192323 0.00959179 -0.017936 0.00910453 0.0273741 0.0358485 0.0580143 0.0507554 -0.0268097 0.0427184 0.0417662
internal_weight=1592.66 894.356 741.629 698.301 599.548 140.588 458.96 152.727 77.3944 186.495 39.2607 199.026 133.157 11.7425 147.234 24.1581 16.7071 272.465 123.076 29.2007 261.571 196.201 48.4773 97.9074 83.8313 45.0618 142.081 147.724 7.96817 111.363
internal_count=47271 10875 9966 36396 9210 3503 5707 909 542 2137 378 7793 3361 303 1759 434 333 3570 1325 489 3381 7675 1222 855 731 327 756 6453 241 614
is_linear=0
shrinkage=0.06


Tree=22
num_leaves=31
num_cat=0
split_feature=13 17 43 14 43 14 13 22 47 9 0 23 2 2 41 38 44 20 15 2 7 25 10 18 2 18 41 31 41 43
split_gain=369.98 54.4626 35.8189 29.1331 20.6653 19.4659 16.9285 14.6534 17.9951 12.413 12.6166 12.4248 10.5455 11.8711 13.9534 9.82832 9.60017 9.42807 13.5751 12.0682 9.20703 9.5639 8.72538 8.71277 8.52866 8.5095 8.3303 8.15181 8.76207 8.12056
threshold=17.741666666666671 95.562500000000014 137.38782467188764 16.452083333333338 259.57603711884025 20.556250000000002 19.941666666666674 -0.73672735516063159 106.36776145837472 0.45000000000000007 27.500000000000004 0.39583333333333309 28.800000000000001 27.950000000000003 10.050000000000002 -18.158333333333285 151.32076246775904 1.4719295572980686 19.366666666666671 24.650000000000002 0.30500000000000005 3179.5000000000005 78.416666666666671 96.395833333333329 26.950000000000003 94.9513888888889 11.800000000000002 1.0000000180025095e-35 7.0500000000000007 205.84156518720786
decision_type=2 2 2 2 2 2 2 2 2 2 2 2 2 2 2 2 2 2 2 2 2 2 2 2 2 2 2 2 2 2
left_child=3 2 5 -1 12 9 7 26 15 -2 11 -11 13 20 -15 -9 -12 -18 -19 -20 -3 29 -17 -6 25 -8 -4 -7 -29 -22
right_child=1 4 6 -5 23 27 24 8 -10 10 16 -13 -14 14 -16 22 17 18 19 -21 21 -23 -24 -25 -26 -27 -28 28 -30 -31
leaf_value=-0.044135443480588003 0.068722798635996479 0.053398543082399712 0.012866128025109438 -0.019466514947820295 0.049675592980714514 0.068142016048610921 0.065508509023298384 -0.0084219024814443846 0.089411523992674088 0.0062111083269621153 -0.036266816066009878 0.097857223339649912 -0.041896505720508223 -0.014662508814534793 0.1104199622606153 0.020083367938790526 0.051406784845458887 -0.028556942443405398 -0.0096691174300824051 0.063649450956995035 -0.0077681158074317126 -0.026522199454485907 0.071182563116005446 -0.0035445768040328128 0.076880610983562345 0.032008911831884271 0.05420911102775406 0.049271286561779086 0.0048302402127730374 0.045152803510317495
leaf_weight=405.70948107540607 9.7313775997608882 8.1132774166762811 98.403506342321634 299.61386905424297 35.754814237356186 24.223304487764835 56.229820862412453 15.243544759228824 30.89036506973207 14.713321257382633 33.660052519291639 8.3466292954981309 30.666779583320022 6.0438787564635259 6.8488535508513451 22.967502649873495 11.766700472682713 42.855291489511728 18.281306616961956 14.4860483109951 36.692089471966028 72.996021902188659 25.260748457163572 16.042873056605458 63.600802060216665 53.053629077970982 21.352343071252108 32.255581382662058 31.635680731385946 14.588673047721384
leaf_count=25552 124 165 693 11414 204 106 265 148 181 206 702 101 848 155 196 163 168 630 162 126 1010 2194 175 163 298 258 152 151 157 219
internal_value=-0.00147402 0.0250216 0.034125 -0.0336563 -0.000118594 0.0160163 0.0454465 0.0341705 0.051853 0.00313653 -0.00129236 0.0393827 -0.00992492 -0.00317625 0.0517836 0.0335741 -0.00904099 0.00144568 -0.00632815 0.0227441 -0.00852849 -0.0125713 0.0468478 0.0331921 0.0594119 0.0492455 0.0202375 0.0385034 0.0272664 0.00728716
internal_weight=1562.03 856.705 628.958 705.323 227.747 241.955 387.002 214.118 94.3622 153.841 144.109 23.06 175.95 145.283 12.8927 63.4718 121.049 87.3893 75.6226 32.7674 132.39 124.277 48.2283 51.7977 172.884 109.283 119.756 88.1146 63.8913 51.2808
internal_count=47086 10120 4966 36966 5154 2633 2333 1512 667 2219 2095 307 4787 3939 351 486 1788 1086 918 288 3588 3423 338 367 821 523 845 414 308 1229
is_linear=0
shrinkage=0.06


Tree=23
num_leaves=31
num_cat=0
split_feature=14 16 17 43 6 0 43 42 26 46 42 7 2 46 9 9 11 47 14 27 42 18 42 6 25 9 9 26 9 28
split_gain=313.956 45.8358 45.5376 36.3421 34.3834 29.2723 27.6686 21.5538 15.5355 15.3943 18.7463 15.3376 13.7265 13.538 13.9937 12.9964 16.5134 14.5605 12.9137 12.8958 12.1396 11.6415 13.5107 11.5615 11.2182 10.9485 15.8805 32.1647 10.4771 10.0905
threshold=17.902083333333341 94.583333333333357 96.604166666666671 102.1935049455853 2.5000000000000004 31.500000000000004 246.75346858397785 73.500000000000014 0.72164557100605464 224.09808161272781 76.354166666666671 0.51000000000000012 17.150000000000002 104.10510365034493 2.3500000000000001 1.0500000000000003 75.354166666666671 112.41121069528542 19.877083333333335 9.5000000000000018 81.750000000000014 95.409722222222243 78.375000000000014 4.5000000000000009 3248.5000000000005 1.2500000000000002 2.1500000000000008 0.81177688961898509 2.7500000000000004 2.5000000000000004
decision_type=2 2 2 2 2 2 2 2 2 2 2 2 2 2 2 2 2 2 2 2 2 2 2 2 2 2 2 2 2 2
left_child=2 13 9 29 6 7 12 -6 -9 -1 11 -11 -5 14 -2 16 -14 -17 20 -19 23 -8 -23 -7 -15 -12 27 -27 -21 -3
right_child=1 3 -4 4 5 18 21 8 -10 10 25 -13 15 24 -16 17 -18 19 -20 28 -22 22 -24 -25 -26 26 -28 -29 -30 -31
leaf_value=-0.021213625655241423 -0.0042229547083284464 -0.029749433382317596 -0.043960560427427423 0.065864501320032687 0.15090383458690962 0.01498345182374184 0.085365903724771375 0.096692674874852239 0.018173623484653154 0.10709085695145643 -0.065951563239787681 0.017573015456038378 0.095484156411597201 0.057782848025409804 0.060204179055374119 -0.027669590221708073 0.0064622138211677194 -0.021817270963686568 0.071204080101970504 0.0057091507365106082 -0.023485232647305891 0.058346371305689482 -0.0095611426264353479 0.069158805903713538 0.01300281021633087 0.15253056041974372 -0.037687986610100033 -0.027064030612258538 0.067146948945132956 0.047594975374872756
leaf_weight=283.23614307120442 34.499316453933716 72.902718653902411 400.77604133449495 10.524982661008833 12.155334111303089 57.353056266903877 17.736435413360596 18.698624700307846 17.619257934391499 9.3216829989105445 12.160021243616937 26.417524996213615 9.0515352897346002 172.9794825874269 18.723392378538847 96.394126323983073 43.803700121119618 30.516473753377795 19.182873740792274 25.929154578596354 20.650343453511596 23.223294094204903 19.323673693463206 18.839394152164459 22.793735351413488 6.0822440087795249 17.642374396324158 8.7613529218360764 16.25791329331696 6.6240961998701087
leaf_count=12392 208 1732 25345 104 115 609 84 120 164 91 305 396 140 850 111 1551 492 372 94 243 219 116 134 180 134 127 431 224 108 48
internal_value=-0.00263429 0.0239976 -0.0300113 0.0141281 0.0206388 0.0425881 0.00830583 0.0817464 0.0585999 -0.0146367 0.00853683 0.0409215 -0.00108698 0.0452745 0.0184421 -0.00426182 0.0217073 -0.0123791 0.0262285 0.00789393 0.0173196 0.0445284 0.0275046 0.0283789 0.0525691 -0.0173872 0.000791264 0.0465258 0.0293858 -0.0233071
internal_weight=1550.18 785.783 764.397 536.787 457.26 164.499 292.761 48.4732 36.3179 363.621 80.3852 35.7392 232.478 248.996 53.2227 221.953 52.8552 169.098 116.026 72.7035 96.8428 60.2834 42.547 76.1925 195.773 44.646 32.486 14.8436 42.1871 79.5268
internal_count=47239 7928 39311 6625 4845 1501 3344 399 284 13966 1574 487 3010 1303 319 2906 632 2274 1102 723 1008 334 250 789 984 1087 782 351 351 1780
is_linear=0
shrinkage=0.06


Tree=24
num_leaves=31
num_cat=0
split_feature=16 13 13 46 46 30 42 32 2 0 41 15 25 38 30 42 43 46 15 7 41 41 36 31 30 7 7 31 25 15
split_gain=295.297 38.2748 37.2414 23.258 20.3819 15.9559 20.6718 15.7183 15.5388 13.6341 23.058 26.7684 14.1587 12.6518 13.9126 18.2137 16.9529 12.5147 11.5152 12.7939 13.3097 19.5258 16.3483 10.8586 10.3915 13.6739 13.5639 9.85888 9.58367 8.7724
threshold=95.750000000000014 20.333333333333336 16.825000000000006 232.73504074309028 109.98723781465621 4.5000000000000009 82.687500000000014 151.75000000000003 35.95000000000001 52.500000000000007 7.0500000000000007 16.689583333333339 1948.5000000000002 -32.297916666666673 29.500000000000004 81.104166666666671 102.1935049455853 121.98209512724863 17.547916666666669 0.60500000000000009 11.15 9.7000000000000011 234.65000000000003 2.5000000000000004 3.5000000000000004 0.62500000000000011 0.67500000000000016 1.0000000180025095e-35 2118.5000000000005 17.186805555555562
decision_type=2 2 2 2 2 2 2 2 2 2 2 2 2 2 2 2 2 2 2 2 2 2 2 2 2 2 2 2 2 2
left_child=1 3 -2 8 -4 6 29 23 13 12 -11 -12 -6 -1 15 17 -16 24 -19 20 21 -20 -22 -3 25 -15 -27 -14 -25 -5
right_child=2 7 4 5 9 -7 -8 -9 -10 10 11 -13 27 14 16 -17 -18 18 19 -21 22 -23 -24 28 -26 26 -28 -29 -30 -31
leaf_value=-0.014357233485276007 -0.041904012106284881 0.045247567701420452 -0.037833084301765678 0.001243643849685967 0.070441561590525753 0.061455509247485746 -0.033756816382278593 0.067520471490873771 0.077530556091598618 -0.037936349387155989 -0.0043118777369877594 0.17893947786030698 0.068762357550426326 -0.0086205897328064992 -0.0034777627923434948 -0.023755609906237731 0.079102128744014913 -0.0039840422812538823 0.049691730031880578 0.00070158767189044719 0.10374302959659214 -0.017144601180696578 0.027595757570320963 0.037840062678016706 -0.026028337474750168 0.16221088001170225 0.021505769697888245 -0.014473956056319863 -0.010978773381826198 0.05137574047071819
leaf_weight=86.191515682265162 418.34044685121626 97.624128088355064 89.178176963701844 17.733049675822258 7.8440657425671807 54.473189171403646 19.840531250461936 68.517746493220329 11.304592901840804 7.3850821265950826 5.1582275414839369 6.4679799731820822 5.2824285002425304 21.074765698984269 14.951059987768529 56.412762332707644 22.294775113463402 47.171592609956861 41.420045491307974 39.090041633695364 21.513766758143902 25.376338699832559 19.215932061895728 27.854936368763447 43.584956202656031 3.9951984174549562 6.4455685969442129 169.48763794917613 30.140624847263098 43.123147508129478
leaf_count=1247 27308 474 4358 141 151 267 166 338 119 266 234 166 160 626 210 756 119 814 308 378 181 222 150 146 880 105 212 6195 183 250
internal_value=-0.00209252 0.0224422 -0.0304401 0.0144844 -0.0139486 0.0363651 0.0194281 0.0435747 0.0080554 -0.00338451 0.0449718 0.0976359 -0.00841871 0.00630518 0.0112174 0.00724031 0.0459533 0.0137433 0.0218014 0.0300975 0.040784 0.0243002 0.0678174 0.0330317 -0.00704974 0.019197 0.0753471 -0.0119581 0.0124686 0.0367676
internal_weight=1528.49 819.35 709.144 595.213 290.804 135.17 80.6967 224.137 460.043 201.625 19.0113 11.6262 182.614 448.738 362.547 325.301 37.2458 268.888 193.788 146.616 107.526 66.7964 40.7297 155.62 75.1005 31.5155 10.4408 174.77 57.9956 60.8562
internal_count=47130 8292 38838 7151 11530 824 557 1141 6327 7172 666 400 6506 6208 4961 4632 329 3876 2053 1239 861 530 331 803 1823 943 317 6355 329 391
is_linear=0
shrinkage=0.06


Tree=25
num_leaves=31
num_cat=0
split_feature=16 25 25 43 45 30 42 2 44 5 30 38 15 0 12 27 0 26 11 2 31 25 20 42 0 15 5 23 12 2
split_gain=284.353 37.0902 26.4516 26.7598 23.9163 33.526 23.702 22.0579 20.7682 20.3312 14.8598 14.2061 14.0318 17.1496 13.9273 11.9634 11.4601 9.91276 23.1532 11.0403 26.151 12.6944 9.26695 9.26134 17.9666 31.0894 13.803 28.5662 26.0625 16.1626
threshold=95.916666666666671 3722.5000000000005 5835.5000000000009 97.68750646833935 71.696841702978659 33.500000000000007 81.750000000000014 28.200000000000006 270.91951679670655 90.500000000000014 94.500000000000014 1.1645833333333118 17.450694444444448 46.500000000000007 69.423611111111128 9.5000000000000018 50.500000000000007 0.68268589550378933 76.520833333333357 17.750000000000004 64.500000000000014 3041.5000000000005 2.2620801454245272 75.770833333333357 52.500000000000007 16.689583333333339 85.500000000000014 0.33333333333333309 70.173611111111128 31.700000000000006
decision_type=2 2 2 2 2 2 2 2 2 2 2 2 2 2 2 2 2 2 2 2 2 2 2 2 2 2 2 2 2 2
left_child=1 4 3 -2 10 6 11 -8 -3 17 -1 -6 13 -13 -10 -11 22 18 -5 20 21 -19 -16 24 -21 -26 -25 29 -29 -28
right_child=2 8 -4 9 5 -7 7 -9 14 15 -12 12 -14 -15 16 -17 -18 19 -20 23 -22 -23 -24 26 25 -27 27 28 -30 -31
leaf_value=0.0030894994166074455 -0.046208724319019345 -0.027828709101318096 -0.05267473845688439 0.11838791379633921 0.020228211384478268 0.074926774385618289 -0.0094846386877931559 0.05524277306072873 0.088132856697449316 -0.055683459297136223 0.07736811756268934 -0.008561678594648665 0.051604809698762466 0.083405494605424069 0.01788741703503104 0.040603004898263899 0.059635483564800133 0.11148770862048472 -0.045405890610854462 -0.010482867420802221 0.23245587784830371 -0.043552947606197885 -0.029786742673704278 -0.034598577986956751 -0.0062633355624407286 0.16980726328270179 -0.061178880025329715 0.29059223715409904 0.036754268459748031 0.13000128372699249
leaf_weight=160.31709879171103 141.64651938527822 75.211692306213081 160.0800416469574 6.8460866622626764 137.78243286069483 61.824137318879366 90.181839754804969 23.996995222754776 8.6126169180497509 52.863751351833344 10.320013076066969 31.408360010944307 186.84334641136229 9.5095047019422037 32.540231396444142 5.0930042108520857 12.483095724135636 2.7026437195017916 5.6882417481392622 113.23985987715423 2.2107268013060084 6.4110667454078794 26.740130038931966 97.594379780814052 9.8448002496734244 5.7009155182167879 10.443042619153857 2.2146041551604858 4.2517877239733934 1.8782764244824655
leaf_count=2403 8943 2303 11154 178 1360 301 824 168 111 3144 44 437 1183 123 408 175 134 102 138 6150 110 345 295 4645 613 170 611 110 186 91
internal_value=-0.000890515 0.0213716 -0.0316177 -0.0244247 0.0271695 0.0333414 0.0279821 0.00411914 -0.00516747 -0.0149881 0.00758182 0.0354358 0.0446356 0.0128119 0.0160377 -0.0472222 0.0073853 -0.00804384 0.0440561 -0.0105899 0.0473301 0.0024239 -0.0036174 -0.0132652 -0.00217946 0.0583052 -0.0255325 0.0215621 0.123688 -0.0320352
internal_weight=1496.48 867.771 628.71 468.63 712.184 541.547 479.722 114.179 155.588 326.983 170.637 365.544 227.761 40.9179 80.3761 57.9568 71.7635 269.026 12.5343 256.492 11.3244 9.11371 59.2804 245.168 128.786 15.5457 116.382 18.7877 6.46639 12.3213
internal_count=46959 10094 36865 25711 6843 4396 4095 992 3251 16768 2447 3103 1743 560 948 3319 837 13449 316 13133 557 447 703 12576 6933 783 5643 998 296 702
is_linear=0
shrinkage=0.06


Tree=26
num_leaves=31
num_cat=0
split_feature=14 43 14 28 30 40 47 6 0 46 14 45 42 2 41 5 34 15 5 5 38 34 31 22 37 36 32 2 5 21
split_gain=235.848 34.7264 32.8485 28.7335 25.8849 22.496 20.8388 22.8273 19.1613 14.3604 15.9994 13.7704 12.8591 13.2592 12.7841 12.0848 10.798 17.9607 9.92571 10.5272 26.4063 9.5059 9.33534 10.16 9.19904 8.19381 10.7524 10.2058 13.5388 8.05648
threshold=17.902083333333341 137.38782467188764 16.510416666666671 1.5000000000000002 34.500000000000007 7.0500000000000007 72.075668628595551 2.5000000000000004 35.500000000000007 232.73504074309028 19.131250000000005 130.73411344724096 76.354166666666671 24.050000000000004 11.15 81.500000000000014 159.38124999999999 17.656250000000004 82.500000000000014 80.500000000000014 -32.297916666666673 141.12083333333337 1.0000000180025095e-35 -0.39809912897421634 7.5000000000000009 262.35000000000008 339.65000000000003 22.200000000000006 74.500000000000014 1.9893699705728596
decision_type=2 2 2 2 2 2 2 2 2 2 2 2 2 2 2 2 2 2 2 2 2 2 2 2 2 2 2 2 2 2
left_child=2 3 -1 18 5 -3 -7 9 -9 15 29 22 13 -10 16 -8 -13 25 19 -2 -21 24 23 -4 -5 27 -27 -18 -29 -11
right_child=1 4 11 21 -6 6 7 8 12 10 -12 14 -14 -15 -16 -17 17 -19 -20 20 -22 -23 -24 -25 -26 26 -28 28 -30 -31
leaf_value=-0.039759946195319432 -0.011726711238075246 -0.006375945967321074 0.10612710746272377 0.044956639598009066 0.07950587308980557 -0.031997916092680198 0.018322409637581069 0.08211775315396834 0.10282071037851236 0.038647007747067343 0.078448096400300871 -0.051976990658687681 0.017422446795861184 0.030211842586542352 0.068664952011209729 -0.03341651577070142 -0.045402255286067193 0.096340913947024653 -0.060648467412665684 0.13775799420189361 -0.022961312595500397 0.045605196708480719 -0.023523474467013347 -0.029963453118917686 -0.0065042536506593734 -0.036950146410226176 0.027129635654825599 0.1390452214897992 0.016506432692996422 -0.01047028388037788
leaf_weight=363.85760641098022 147.47485721670091 63.878422453999519 4.2324752733111382 18.747092520818114 35.961130559444427 17.453285742551088 120.94156229496002 53.957015212625265 16.937385130673647 40.396255876868963 29.388240545988083 13.274625648744403 51.550594164058566 19.452336760237813 10.253800397738813 18.774998195469379 5.1643281914293793 7.2699176371097556 13.329371545463799 6.0746747087687245 9.3366590235382301 55.599064162001014 239.10243119485676 3.7024141382426015 37.558440767228603 31.179938275367022 13.511996228247879 4.5546902660280457 11.296077186241744 17.115774085745215
leaf_count=26588 2709 641 132 133 186 191 1074 344 94 246 150 417 311 136 148 276 110 93 396 134 224 309 10457 148 222 794 156 69 290 106
internal_value=-0.00215528 0.0207336 -0.0271967 0.00423009 0.0305214 0.0266056 0.0320641 0.0350981 0.0539698 0.0232815 0.042433 -0.0138906 0.0366992 0.0640072 0.0053288 0.0113698 -0.00220076 0.00685362 -0.0108693 -0.0067958 0.0403893 0.0280071 -0.0213987 0.0426273 0.0106298 -0.00304738 -0.0175765 0.0278511 0.0517177 0.0240295
internal_weight=1481.33 773.927 707.4 288.12 485.807 449.846 385.967 368.514 141.897 226.617 86.9003 343.543 87.9403 36.3897 96.5054 139.717 86.2516 72.9769 176.216 162.886 15.4113 111.905 247.037 7.93489 56.3055 65.707 44.6919 21.0151 15.8508 57.512
internal_count=47284 7882 39402 4127 3755 3569 2928 2737 885 1852 502 12814 541 230 2077 1350 1929 1512 3463 3067 358 664 10737 280 355 1419 950 469 359 352
is_linear=0
shrinkage=0.06


Tree=27
num_leaves=31
num_cat=0
split_feature=17 13 43 7 14 25 11 45 0 11 34 2 21 20 41 7 39 20 38 7 0 41 0 31 7 25 2 0 0 42
split_gain=229.813 34.9317 28.6417 24.6318 21.9809 14.9842 16.5666 13.9428 15.6796 12.9307 14.3608 11.4021 11.8047 10.7424 17.5094 22.7398 23.7298 16.6035 11.0978 12.3338 35.3472 32.214 10.7588 10.3628 10.1958 10.0018 10.2452 15.2912 19.1673 19.058
threshold=95.979166666666671 20.991666666666671 137.38782467188764 0.77500000000000013 16.106250000000006 3518.5000000000005 68.604166666666671 155.53872965100976 52.500000000000007 83.437500000000014 159.38124999999999 17.150000000000002 0.87811739521908916 3.4330231517012071 9.7000000000000011 0.59500000000000008 265.10416666666674 3.993561320802947 25.568749999999998 0.88500000000000012 38.500000000000007 11.800000000000002 28.500000000000004 52.500000000000007 0.57500000000000007 5835.5000000000009 27.050000000000004 28.500000000000004 43.500000000000007 75.500000000000014
decision_type=2 2 2 2 2 2 2 2 2 2 2 2 2 2 2 2 2 2 2 2 2 2 2 2 2 2 2 2 2 2
left_child=1 2 9 5 -2 11 -7 8 -8 -1 -11 -4 23 18 22 -16 17 -17 19 -6 -21 -22 -15 -13 -14 26 -20 -28 -29 -30
right_child=4 -3 3 -5 13 6 7 -9 -10 10 -12 12 24 14 15 16 -18 -19 25 20 21 -23 -24 -25 -26 -27 27 28 29 -31
leaf_value=-0.0063234483670925332 -0.042478469258459828 0.051162517340703519 0.082573282683634688 -0.031219028242551787 -0.034252485501414034 0.090098338628645649 -0.024434615731875428 0.03472879795436442 0.048731037568494451 0.011076944669523366 0.096249673339792841 0.070848016680997591 0.034293335841014315 0.049465359371016905 -0.03253345204660902 0.15922894904900925 0.23071703259207163 -0.045052957107475651 -0.014006363166970117 -0.061224743999951953 0.024134044267706784 0.31610188104771686 -0.057601544671593022 0.0070137767708735605 0.010083501580071661 -0.061469752716093166 0.1129786584714462 -0.027558927151554512 -0.022447861241184031 0.18621536895798449
leaf_weight=234.402025221847 258.85033235605806 107.11427397653461 15.95031696371734 28.06918425578624 195.48746549431235 8.2477957960218173 63.149260809645057 32.554483462125063 12.658008567057548 31.637956139631569 9.198536600917576 40.969144680537283 173.7640175037086 4.6274567572400001 6.0602847822010508 2.4465699475258571 3.8764012875035405 3.4550878023728728 55.207414132542908 7.3349741669371706 3.4967633904889226 2.2267642570659518 12.520734881050883 11.790028860792516 97.90981163084507 10.30871649738401 6.2726540546864298 16.236008752137426 2.7992276344448319 3.6052258964627981
leaf_count=4929 20271 538 102 402 11148 101 1067 216 136 401 76 327 1106 124 257 118 125 138 1897 440 187 133 404 131 756 571 183 537 102 128
internal_value=-0.000613533 0.0190838 0.0145644 0.0233368 -0.0293382 0.0266877 0.00812541 0.00188616 -0.0122177 -0.0008953 0.0302623 0.0330468 0.0306119 -0.0192139 0.0133017 0.0587872 0.115386 0.0396334 -0.0227541 -0.0304812 0.0259749 0.137725 -0.0287094 0.0565831 0.0255682 -0.00568879 0.00114699 0.0300812 0.00711402 0.0950139
internal_weight=1462.23 867.415 760.301 485.062 594.812 456.993 116.61 108.362 75.8073 275.239 40.8365 340.383 324.433 335.962 32.9865 15.8383 9.77806 5.90166 302.975 208.546 13.0585 5.72353 17.1482 52.7592 271.674 94.4292 84.1205 28.9131 22.6405 6.40445
internal_count=47051 10288 9750 4344 36763 3942 1520 1419 1203 5406 477 2422 2320 16492 1166 638 381 256 15326 11908 760 320 528 458 1862 3418 2847 950 767 230
is_linear=0
shrinkage=0.06


Tree=28
num_leaves=31
num_cat=0
split_feature=14 14 45 16 21 31 30 45 42 35 32 47 9 20 12 35 35 9 45 42 12 9 20 5 22 11 14 30 12 5
split_gain=195.941 32.5327 32.0966 24.9359 19.0691 22.7137 15.5059 15.2182 13.9621 14.0271 11.6011 11.4428 17.6179 15.5545 18.1805 40.6094 42.644 15.7823 20.6482 18.8288 43.1344 15.7574 17.8632 15.3627 11.7988 11.6873 11.1618 19.8433 10.4283 11.1799
threshold=17.777083333333341 16.106250000000006 61.321223763806479 94.583333333333357 0.92924143770553969 12.500000000000002 52.500000000000007 200.10239171276058 76.229166666666671 110.65347222222225 133.30000000000004 63.162340082887084 1.2500000000000002 0.60173229530794015 67.534722222222243 136.56805555555559 118.76736111111111 2.0500000000000003 126.39974171285434 64.166666666666671 72.909722222222243 1.6500000000000001 2.3896213849400003 68.500000000000014 -0.47449730673463358 80.229166666666671 16.197916666666671 1.5000000000000002 81.784722222222243 72.500000000000014
decision_type=2 2 2 2 2 2 2 2 2 2 2 2 2 2 2 2 2 2 2 2 2 2 2 2 2 2 2 2 2 2
left_child=1 -1 6 -4 8 7 -2 28 9 -5 -10 -3 -13 14 15 16 -14 18 19 20 -15 -20 -23 -21 -16 26 27 -26 29 -6
right_child=2 11 3 4 5 -7 -8 -9 10 -11 -12 12 13 17 24 -17 -18 -19 21 23 -22 22 -24 -25 25 -27 -28 -29 -30 -31
leaf_value=-0.042278745545404457 -0.028472218293774304 -0.035662517205419519 0.041115981504485553 0.020634104886803638 -0.0072238606078060099 -0.0098020358704304315 0.022913305196639325 0.064555238820095673 -0.016472739297731243 0.11722620313056702 0.043745604232572254 -0.031430549753805583 0.063395548249459213 -0.061816079160435015 0.089752189399020785 -0.061748341405584876 0.44476487522949482 -0.025803883716144352 0.13195949462773127 0.094069047094922892 0.2984007193150125 -0.032890256014097563 0.10780743812992175 -0.039369786128786145 0.24223863547570471 0.13302205112449933 -0.010813673717199686 -0.031589447980193225 0.038034616610530578 0.020980857614099208
leaf_weight=249.9702475098893 69.643603628501296 75.1302580088377 204.53774934262037 8.5058514233678597 83.349490657448769 128.87271331623197 30.355070184916258 25.614064738154411 15.90471859462559 14.88181917183101 41.749237854033709 94.04248712118715 2.3998498357832423 2.6751206861808887 6.4288626508787265 2.8301799902692437 1.8842976586893199 96.730194378644228 7.3859640704467919 3.4322374667972317 2.1654790537431836 8.1714235711842758 5.3921759724616996 32.679423625580966 1.7815252300351851 2.3969287713989607 45.983909257687628 2.0478346580639482 61.069704120978713 128.74054847657681
leaf_count=20363 1684 4372 1067 143 707 2392 186 126 220 133 321 4093 141 137 214 151 89 4030 196 103 100 249 120 1724 130 93 2151 148 421 1298
internal_value=-0.000614737 -0.0253514 0.0189601 0.0234235 0.0163095 0.0112524 -0.0128739 0.020334 0.0429952 0.0820967 0.0271335 -0.0146 -0.00963046 -0.000493799 0.024043 0.114621 0.231133 -0.0106644 0.0129932 -0.0117918 0.0993296 0.061443 0.0230438 -0.0266871 0.0130537 0.00360952 -0.00261759 0.095803 0.0161874 0.00989666
internal_weight=1456.75 643.528 813.225 713.226 508.688 427.647 99.9987 298.774 81.0416 23.3877 57.654 393.558 318.428 224.385 65.7534 7.11433 4.28415 158.632 61.9018 40.9523 4.8406 20.9496 13.5636 36.1117 58.6391 52.2102 49.8133 3.82936 273.16 212.09
internal_count=47302 38604 8698 6828 5761 4944 1870 2552 817 276 541 18241 13869 9776 3117 381 230 6659 2629 2064 237 565 369 1827 2736 2522 2429 278 2426 2005
is_linear=0
shrinkage=0.06


Tree=29
num_leaves=31
num_cat=0
split_feature=13 17 43 17 31 43 2 37 31 15 14 47 21 5 6 43 41 41 0 0 41 21 30 12 2 9 0 27 0 15
split_gain=184.083 26.6103 32.031 23.744 17.7742 18.5445 15.5841 23.0203 72.207 13.657 13.4683 13.0329 12.9425 12.4783 12.683 12.3372 12.0872 11.9345 13.432 14.8819 12.7211 10.627 10.2727 10.0044 12.8791 10.7416 20.9609 29.5726 11.1238 16.8949
threshold=17.941666666666674 94.312500000000014 259.57603711884025 96.562500000000014 1.5000000000000002 99.724205061189025 31.700000000000006 15.500000000000002 34.500000000000007 17.777083333333337 17.668750000000006 104.03434686022264 0.37139603472763133 68.500000000000014 2.5000000000000004 97.68750646833935 6.0500000000000007 5.3000000000000016 52.500000000000007 55.000000000000007 11.250000000000002 0.78431315476633057 61.500000000000007 82.909722222222243 23.350000000000005 0.8500000000000002 32.500000000000007 10.500000000000002 28.500000000000004 17.902083333333337
decision_type=2 2 2 2 2 2 2 2 2 2 2 2 2 2 2 2 2 2 2 2 2 2 2 2 2 2 2 2 2 2
left_child=3 11 4 15 13 -6 -5 -8 -9 -4 12 16 -7 -3 -15 -1 -2 -17 -19 20 -20 -12 -18 25 -25 26 -23 -28 29 -27
right_child=1 2 9 6 5 10 7 8 -10 -11 21 -13 -14 14 -16 17 22 18 19 -21 -22 23 -24 24 -26 28 27 -29 -30 -31
leaf_value=-0.034496905303457358 0.0635882100272539 0.0044825803656048111 0.024608669040681094 -0.038889254474169514 -0.028016857812169203 0.035188727863497193 -0.022776637062044244 -0.061032228148996566 0.39618718159751765 0.070059607335760721 0.039648659344534924 0.071691375146839362 -0.040173346622454892 0.025370414838567414 0.073178618762895609 -0.039429899086331502 -0.0088477165464397184 -0.0068897249783092885 0.036265626232471621 0.014578486658738357 0.20369001062189115 -0.034220976492282125 0.043740042849632232 0.069079981145133931 0.0035827933823691467 0.093937720229785027 0.1182833264847209 -0.012507295785711418 -0.0096540385286335816 0.0057846337415482897
leaf_weight=69.42694790661335 26.713939137756824 54.414934381842613 49.218651114031672 306.61609948240221 59.704252937808633 10.704780358821152 14.205260141752662 3.0512372003868213 2.0987665187567472 46.083126036450267 43.863681193441153 42.140309810638428 35.11407620832324 62.032380560413003 29.465251239016652 32.529143122024834 30.397860642522573 170.70568998530507 3.4167738044634488 24.698628831654787 3.1307646911591291 11.47844294272363 23.876549370586872 20.508343944326043 22.849756041541696 9.6681472975760681 14.82735217176378 10.725402677431701 160.3281935788691 41.094463279470801
leaf_count=3881 137 340 313 24422 1738 226 1135 207 129 250 403 230 1097 487 178 1268 166 6285 93 781 115 167 109 128 208 160 170 122 1894 399
internal_value=-4.84201e-05 0.0189577 0.0143234 -0.024345 0.00908339 0.00307579 -0.0355931 0.0166225 0.125297 0.0465864 0.00794606 0.0446297 -0.0225663 0.027235 0.0407662 -0.0122802 0.0305489 -0.00570217 -0.000269518 0.0358983 0.116321 0.012115 0.0142868 0.00797161 0.0345629 0.00332492 0.033131 0.0633858 -0.00190389 0.0225741
internal_weight=1435.09 805.21 682.081 629.879 586.779 440.867 325.971 19.3553 5.15 95.3018 381.163 123.129 45.8189 145.913 91.4976 303.908 80.9883 234.481 201.952 31.2462 6.54754 335.344 54.2744 291.48 43.3581 248.122 37.0312 25.5528 211.091 50.7626
internal_count=47238 8922 8280 38316 7717 6712 25893 1471 336 563 4974 642 1323 1005 665 12423 412 8542 7274 989 208 3651 275 3248 336 2912 459 292 2453 559
is_linear=0
shrinkage=0.06


Tree=30
num_leaves=31
num_cat=0
split_feature=13 17 16 45 24 0 0 5 34 42 9 25 9 25 12 12 45 21 12 12 6 5 45 15 45 18 22 27 14 18
split_gain=178.816 34.1382 25.1177 23.1503 12.4638 15.1479 17.5971 11.7907 12.0413 15.2399 11.9867 15.7703 15.3655 13.7005 36.3038 26.9284 13.682 17.8639 12.2331 17.5387 11.2543 13.823 10.7862 10.1421 10.9849 20.0296 13.2568 19.8563 10.1055 10.0551
threshold=18.175000000000004 96.562500000000014 94.083333333333357 166.65744969550101 1286.5000000000002 20.500000000000004 22.500000000000004 49.500000000000007 104.61250000000001 81.750000000000014 2.1500000000000008 4190.5000000000009 1.4500000000000002 3248.5000000000005 74.368055555555571 72.743055555555571 130.73411344724096 0.37139603472763133 68.312500000000014 66.090277777777786 2.5000000000000004 71.500000000000014 61.321223763806479 16.460416666666671 67.87140413079176 96.020833333333329 -0.3331306803031352 6.5000000000000009 18.306250000000002 96.3541666666667
decision_type=2 2 2 2 2 2 2 2 2 2 2 2 2 2 2 2 2 2 2 2 2 2 2 2 2 2 2 2 2 2
left_child=1 7 -2 4 5 -4 -7 -1 -9 10 11 12 23 16 15 -15 17 -14 19 -13 29 -22 -23 -10 25 -25 -26 -28 -5 -8
right_child=2 -3 3 28 -6 6 20 8 9 -11 -12 18 13 14 -16 -17 -18 -19 -20 -21 21 22 -24 24 26 -27 27 -29 -30 -31
leaf_value=0.08452464895308659 0.05182207225350087 -0.038193357620630232 -0.053948311658508406 0.018591203065620353 -0.0070012682143872603 0.07473935007492423 0.0089907185834124069 -0.033882275363358375 -0.061391238312288182 -0.037067523307314831 -0.016885272049610725 -0.028753541834506031 0.12595817062378264 0.084324650841301113 0.0074638894192401786 0.33048822577678416 0.095551679052489333 -0.04529431488658741 -0.024217674568692261 0.16721041023599953 0.011169031304153955 -0.0062297164314521437 0.052756493055519341 0.012159950524429952 -0.021716464805324739 0.21951966298207806 0.14890812373319653 -0.021882018874291004 0.061575736646173135 -0.045886552139833794
leaf_weight=4.5864491723477832 74.042068347334862 318.45666405465454 11.17480246350169 32.319518405944109 113.35287947952747 18.104528286494315 250.48227901384234 73.38437648396939 6.7928449399769297 48.280145823955536 89.633890593424439 3.5139089087024322 2.8025399679318097 3.1479849247261864 6.415932840667665 3.2529429588466883 7.1311279898509374 10.079407556913791 47.475093258544803 3.0900019956752658 107.5578465051949 13.220841575413941 71.600701130926609 4.8512411378324023 23.188437212258574 2.5629240050911903 4.7880249489098805 5.0198974357917905 50.385259069502354 12.625845489092169
leaf_count=102 396 26052 137 213 2270 134 2283 3998 384 1709 3040 160 104 116 189 93 109 349 2010 129 843 179 567 180 498 126 163 123 265 317
internal_value=-0.00137879 -0.0239785 0.0186338 0.0150245 0.0109103 0.0150985 0.0167278 -0.0110446 -0.0123136 -0.00649502 0.000101944 0.0114553 0.0283681 0.0598921 0.108326 0.209425 0.0288738 -0.00803738 -0.0135745 0.0629389 0.0144219 0.0254516 0.0435625 0.00644321 0.0178459 0.0838399 0.00301729 0.0614942 0.0447782 0.00635731
internal_weight=1423.32 668.454 754.867 680.825 598.12 484.767 473.592 349.997 345.411 272.026 223.746 134.112 80.0333 32.8299 12.8169 6.40093 20.0131 12.8819 54.079 6.60391 455.488 192.379 84.8215 47.2034 40.4105 7.41417 32.9964 9.80792 82.7048 263.108
internal_count=47238 39634 7604 7208 6730 4460 4323 13582 13480 9482 7773 4733 2434 960 398 209 562 453 2299 289 4189 1589 746 1474 1090 306 784 286 478 2600
is_linear=0
shrinkage=0.06


Tree=31
num_leaves=31
num_cat=0
split_feature=14 31 32 30 45 17 25 45 21 2 5 22 12 5 42 30 15 2 6 31 17 19 14 6 36 40 27 43 26 46
split_gain=142.426 27.8771 24.3117 17.6059 15.4255 14.8556 12.971 13.0972 15.5263 18.7886 12.303 11.6597 21.601 14.4612 10.5816 15.5477 11.7209 11.6543 11.515 14.4308 10.3726 10.1778 9.67983 9.27696 9.26405 9.10542 10.5855 9.8786 8.57133 8.52563
threshold=17.114583333333339 9.5000000000000018 95.500000000000014 36.500000000000007 155.53872965100976 94.645833333333357 5835.5000000000009 61.321223763806479 -1.0895289235708521 24.750000000000004 90.500000000000014 -1.2494959924154114 84.756944444444457 68.500000000000014 81.750000000000014 4.5000000000000009 19.870138888888892 31.150000000000002 4.5000000000000009 56.500000000000007 95.479166666666671 93.500000000000014 19.877083333333335 6.5000000000000009 281.85000000000008 13.750000000000002 13.500000000000002 230.19629347469797 0.81177688961898509 138.15115083716776
decision_type=2 2 2 2 2 2 2 2 2 2 2 2 2 2 2 2 2 2 2 2 2 2 2 2 2 2 2 2 2 2
left_child=6 2 3 21 5 -4 7 23 9 -9 -10 24 13 -13 15 17 -16 18 -3 -20 -6 -2 -17 -1 -7 26 28 29 -15 -27
right_child=1 14 4 -5 20 11 -8 8 10 -11 -12 12 -14 25 16 22 -18 -19 19 -21 -22 -23 -24 -25 -26 27 -28 -29 -30 -31
leaf_value=-0.042581380722250761 0.037589434123231097 0.012180624170215232 0.036153298948470559 0.023846481765914928 0.066437286050779809 -0.03302701215618209 -0.045389597343001631 0.2820979421788008 -0.0094780809508807073 -0.021884175123592871 -0.049749225733392625 -0.008357274229485262 0.095554976694487676 -0.018888537395336281 -0.028995940447324786 -0.027916118559827199 0.068535027181287025 -0.028970001965448449 0.015585273870118647 0.14294448368237386 0.023574949543168435 -0.032396073148711041 0.054935928726056626 0.087707549634097298 0.014491140141147878 0.011743968960536429 0.057084227571757823 -0.013098690550760374 0.049412926062824318 0.068390515600113388
leaf_weight=102.12423693295568 8.5218678563833219 190.42409932240844 144.85923115536571 46.406737321987748 50.223733503371477 32.127660680562258 128.78124189283699 1.3992338944226497 170.22970258258283 1.5349723752588031 32.529032432474196 66.287304237484932 12.478198563680051 33.535823240876198 64.579186886548996 63.172880635596812 4.7630391865968695 23.19455380924046 7.4399605616927129 5.623827937990427 34.14283848553896 61.22617229539901 5.5200792755931607 2.0060487370938054 27.338541137054563 12.890334961935876 12.727129912003873 9.4566359240561706 8.2395144682377559 37.07675788924098
leaf_count=8368 59 4459 749 290 282 246 11217 105 10901 111 2667 615 96 450 1629 1613 31 523 128 103 214 1099 58 89 186 278 91 76 167 368
internal_value=-0.00104824 0.0118681 0.0198467 -0.00479118 0.0257916 0.0208405 -0.0293855 -0.0227332 -0.0139558 0.123076 -0.0159389 0.0120436 0.019211 0.0139248 -0.00120368 0.0037481 -0.0222966 0.0113259 0.015919 0.0704121 0.0490911 -0.0238452 -0.0212582 -0.0400714 -0.0111814 0.0268896 0.00917783 0.0431345 -0.00541717 0.053777
internal_weight=1400.86 962.256 597.538 116.155 481.384 397.017 438.604 309.823 205.693 2.93421 202.759 252.158 192.692 180.214 364.718 295.375 69.3422 226.682 203.488 13.0638 84.3666 69.748 68.693 104.13 59.4662 113.926 54.5025 59.4237 41.7753 49.9671
internal_count=47268 13810 5266 1448 3818 3322 33458 22241 13784 216 13568 2573 2141 2045 8544 6884 1660 5213 4690 231 496 1158 1671 8457 432 1430 708 722 617 646
is_linear=0
shrinkage=0.06


Tree=32
num_leaves=31
num_cat=0
split_feature=13 13 17 46 14 42 30 46 42 17 21 25 5 9 26 2 20 30 21 27 17 38 12 14 34 42 3 44 2 21
split_gain=136.688 30.1908 25.8676 21.0514 15.9087 20.0153 14.1669 12.1431 10.9902 10.2436 9.95227 11.6266 11.3248 13.6854 11.1386 18.7255 16.2022 16.0189 9.87888 11.7038 9.74671 10.1991 9.22908 9.15108 9.07572 8.74685 10.5346 8.26674 18.5354 8.9761
threshold=17.941666666666674 20.991666666666671 96.604166666666671 240.12936516810899 19.131250000000005 78.062500000000014 4.5000000000000009 89.623322697943806 81.750000000000014 95.645833333333357 -1.0895289235708521 5356.5000000000009 78.500000000000014 0.95000000000000007 0.84041090615630809 18.500000000000004 -0.22763674239551787 1.5000000000000002 3.2193572271459456 15.500000000000002 95.812500000000014 62.389583333333334 72.909722222222243 19.877083333333335 234.71041666666667 67.583333333333357 1.0000000180025095e-35 199.90560344829694 24.500000000000004 0.43763576005204824
decision_type=2 2 2 2 2 2 2 2 2 2 2 2 2 2 2 2 2 2 2 2 2 2 2 2 2 2 2 2 2 2
left_child=2 3 7 9 5 -5 -7 -1 10 18 -9 12 14 -14 24 16 -16 -18 19 -2 27 25 -11 -21 -12 26 -22 28 -17 -29
right_child=1 -3 -4 4 -6 6 -8 8 -10 22 11 -13 13 -15 15 20 17 -19 -20 23 21 -23 -24 -25 -26 -27 -28 29 -30 -31
leaf_value=-0.036044034401737063 0.0089131492683597394 0.045059148106541984 -0.036329098129865234 0.049409817752977737 0.06900314347559823 -0.025159341542188702 0.045200705601374146 0.10440859573257831 -0.034959604198100326 0.011437588409193442 -0.031457111647767926 -0.037387020221909421 0.16434287381771759 0.021970416908886525 0.221342386137416 0.17625451055802807 0.16563920762618758 -0.032451369609217358 -0.013304881082720236 0.011643682702912703 -0.022529797987913297 0.090731575767356812 -0.02452054836327603 0.063800552538240615 0.058725314989986767 -0.044320555769764222 0.11335714723579629 -0.026011414035030503 -0.0068965801575020334 0.05865413315535524
leaf_weight=57.260194740258157 334.58870841003954 104.30722908303142 282.81789686810225 44.797312818467617 31.948171690106392 36.890398927032948 14.293803334236143 3.2365113375708452 38.259259852580726 41.024238930083811 53.131868989206851 28.250972645357251 2.5794958882033816 42.10005556140095 2.5151835111901164 3.7297982685267952 2.3390331128612143 3.9538576174527407 59.762666665017605 22.018477246165276 6.1157229132950288 2.8205637810751787 68.772702142596245 26.91173679754138 4.3459531571716061 27.953041612170637 3.0923128286376595 11.943136990070345 4.2626569662243128 7.2410585954785338
leaf_count=3533 3371 563 25108 268 170 323 72 169 1556 1241 1496 1652 98 1701 95 118 112 160 410 187 342 49 2029 139 54 1573 188 198 125 103
internal_value=-0.00137964 0.0149994 -0.0232569 0.0103952 0.0323295 0.0201224 -0.00551045 -0.0111406 -0.00538765 0.00532174 9.96974e-06 -0.00162728 0.00404432 0.03019 -0.00470974 0.0103687 0.0926246 0.0411778 0.0093856 0.0129214 -0.00041952 -0.0192646 -0.0110852 0.0403301 -0.0246383 -0.0276134 0.0231048 0.0273049 0.0785736 0.00594553
internal_weight=1373.26 785.315 587.949 681.008 127.93 95.9815 51.1842 305.131 247.87 553.079 209.611 206.375 178.124 44.6796 133.444 75.9664 8.80807 6.29289 443.282 383.519 67.1583 39.9816 109.797 48.9302 57.4778 37.1611 9.20804 27.1767 7.99246 19.1842
internal_count=47203 8773 38430 8210 833 663 395 13322 9789 7377 8233 8064 6412 1799 4613 3063 367 272 4107 3697 2696 2152 3270 326 1550 2103 530 544 243 301
is_linear=0
shrinkage=0.06


Tree=33
num_leaves=31
num_cat=0
split_feature=16 13 13 45 43 25 16 41 31 0 30 23 36 10 35 39 6 1 25 21 2 0 9 42 44 30 31 9 19 41
split_gain=123.045 22.9105 21.5918 22.022 15.6913 14.7021 13.024 12.3472 12.0725 11.2286 20.2099 33.6791 9.83808 13.6682 12.9372 8.45023 12.3857 11.4874 16.9593 12.4263 10.465 10.1614 11.8929 9.5905 9.44761 8.39228 8.32607 9.27068 14.3564 10.7926
threshold=95.916666666666671 16.225000000000005 18.441666666666674 166.65744969550101 97.68750646833935 5835.5000000000009 93.750000000000014 6.0500000000000007 1.0000000180025095e-35 53.500000000000007 2.5000000000000004 0.18749999999999731 270.15000000000003 66.750000000000014 128.16666666666671 199.42708333333337 2.5000000000000004 1.0000000180025095e-35 2254.5000000000005 1.0433064936786256 24.050000000000004 25.500000000000004 2.0500000000000003 70.062500000000014 337.80781742866367 4.5000000000000009 15.500000000000002 2.3500000000000001 95.500000000000014 11.250000000000002
decision_type=2 2 2 2 2 2 2 2 2 2 2 2 2 2 2 2 2 2 2 2 2 2 2 2 2 2 2 2 2 2
left_child=2 -2 -1 6 -3 7 -4 -6 -9 12 11 -11 13 14 -10 -8 17 -17 20 -20 -19 -18 24 -24 -23 -5 -15 -28 -29 -30
right_child=1 4 3 25 5 -7 15 8 9 10 -12 -13 -14 26 -16 16 21 18 19 -21 -22 22 23 -25 -26 -27 27 28 29 -31
leaf_value=-0.0029670832658544146 -0.039312381040612458 -0.038294017490280746 0.055516273587193216 0.03002116860948922 -0.021816702096964707 -0.049099533618381645 -0.0041964242583324724 0.11918361923733141 0.18751155204606001 0.24519612391764573 -0.044109407780974171 0.0071792935500518172 -0.031928043144186201 -0.02454085042911271 0.022233450729939874 -0.0075756103535589659 0.075317059768916242 -0.0021221492906771072 0.06288838291649182 -0.0060961236487338645 0.055680687198535715 -0.006269627138412906 0.07423983226934748 0.027822390708358357 0.044015543112084742 0.073977141941149044 -0.00044390978759574186 -0.031311671960219008 0.13520212031508014 0.0303242638010159
leaf_weight=232.84750972315669 216.01038276217878 71.639875190332532 26.778145581483841 30.974527411162853 67.885852474719286 25.55390708334744 89.407855452038348 3.5156604917719951 2.895779274404048 3.8448271397501212 4.4906044546514741 4.8270950773730874 25.916256646625698 26.866256844252348 4.1459898073226213 106.19972128421068 14.983333352953194 14.733912477269767 10.608881931751965 82.513556599617004 48.041109520941973 56.327240284532309 20.438945923000574 74.191242996603251 17.670282706618309 31.578311778604984 42.217441736720502 5.6740737985819605 6.9203921547159535 7.2150380806997418
leaf_count=5304 19913 5385 154 164 3174 2118 1059 138 177 190 176 206 1048 1318 187 858 93 117 105 765 305 464 130 445 98 193 2207 247 330 464
internal_value=-0.00133756 -0.024376 0.0126264 0.018441 -0.0137491 -0.00616881 0.0146815 -0.000854054 0.00941862 0.00656042 0.059207 0.112708 0.000873463 0.00973459 0.0902006 0.012638 0.016015 0.00764346 0.0180109 0.00176287 0.0421138 0.027965 0.0237575 0.037848 0.00573825 0.0522113 0.00336039 0.0154455 0.0493085 0.0816701
internal_weight=1376.91 519.619 857.295 624.447 303.609 231.969 561.894 206.415 138.529 135.014 13.1625 8.67192 121.851 95.935 7.04177 535.116 445.708 262.097 155.897 93.1224 62.775 183.611 168.628 94.6302 73.9975 62.5528 88.8932 62.0269 19.8095 14.1354
internal_count=47532 37278 10254 4950 17365 11980 4593 9862 6688 6550 572 396 5978 4930 364 4439 3380 2150 1292 870 422 1230 1137 575 562 357 4566 3248 1041 794
is_linear=0
shrinkage=0.06


Tree=34
num_leaves=31
num_cat=0
split_feature=17 25 44 45 25 0 0 5 5 18 12 7 20 1 16 33 45 2 15 27 31 46 47 26 41 15 26 31 7 29
split_gain=117.243 19.2267 19.1245 18.2563 20.1116 17.0811 23.1195 14.4675 17.7364 24.9602 36.5032 14.3611 14.1159 34.3141 14.0452 11.7683 11.3614 10.8999 13.2471 20.9479 27.588 31.4436 10.876 13.1929 16.7361 13.3378 10.5141 10.3585 21.304 14.9947
threshold=95.979166666666671 5835.5000000000009 151.32076246775904 166.65744969550101 3652.5000000000005 21.500000000000004 22.500000000000004 90.500000000000014 88.500000000000014 97.090277777777786 72.909722222222243 0.25000000000000006 -2.0206939560961668 1.0000000180025095e-35 93.750000000000014 122.91666666666667 86.755881497411039 18.050000000000001 16.881250000000005 3.5000000000000004 18.500000000000004 164.55043848778919 65.961476252209692 0.88789668903407326 11.15 17.104861111111116 0.87386573945945001 31.500000000000004 0.53500000000000014 11.500000000000002
decision_type=2 2 2 2 2 2 2 2 2 2 2 2 2 2 2 2 2 2 2 2 2 2 2 2 2 2 2 2 2 2
left_child=3 2 -2 4 5 -1 -7 8 12 15 16 -6 13 -4 -8 -10 -11 18 19 -14 -21 -22 27 25 -25 -24 -19 29 -29 -16
right_child=1 -3 7 -5 11 6 14 -9 9 10 -12 -13 17 -15 22 -17 -18 26 -20 20 21 -23 23 24 -26 -27 -28 28 -30 -31
leaf_value=-0.055127518409210423 -0.039776842867839043 -0.045544636450480513 0.32328283079492426 0.038485415671318003 0.063239440855800882 0.077699047730024284 0.054684841982683682 -0.040676268265651967 0.12174645770168969 -0.060693046242732501 0.45012192253312011 -0.016970112446494063 -0.043860358133858343 -0.036816914490306822 -0.039001324986753565 -0.015014847097303127 0.19443415188322577 0.00063691794557092871 -0.048757056998653035 -0.035205787745822718 0.34769748047512022 0.03177789333861579 -0.043064790738022531 0.01527884823693075 0.11073283563861887 0.013535538703672049 -0.026683500658690879 -0.035700297439768415 0.16341320443561042 0.036815086736138307
leaf_weight=12.649857556447385 102.82022935058922 114.95115668792278 1.5603460874408472 87.206762347370386 8.5936549063771945 20.669207308441401 28.006078392267227 45.292317233979702 2.9303743047639754 1.350768827833235 1.2916818242520092 123.82424835301936 3.4987717950716597 2.4460102953016758 41.841183573007584 9.9775702841579896 1.1749828299507497 95.713127514347434 4.3339730156585565 2.2806134568527341 2.7867617206647992 1.9125769045203922 15.472204830497502 16.046000319533054 11.247674301266668 479.04671996179968 107.85484030842781 4.4036784963682285 3.4500161670148373 12.108826223760842
leaf_count=200 8906 11209 110 515 135 151 165 3357 156 124 109 2981 253 173 935 379 94 3795 189 129 159 94 355 202 184 4250 7684 147 120 70
internal_value=-0.000938901 -0.0239969 -0.0176003 0.0124542 0.0095339 0.0139069 0.015288 -0.00958289 -0.00369323 0.0558935 0.190675 -0.0117647 -0.00817465 0.10343 0.0131789 0.0160328 0.0579924 -0.0102221 0.0394707 0.0759615 0.136023 0.219122 0.0111871 0.014006 0.0546153 0.0117647 -0.013838 -0.0126127 0.0517674 -0.0219847
internal_weight=1366.74 502.176 387.225 864.566 777.359 644.941 632.292 284.405 239.112 16.7254 3.81743 132.418 222.387 4.00636 611.622 12.9079 2.52575 218.381 14.8127 10.4787 6.97995 4.69934 583.616 521.813 27.2937 494.519 203.568 61.8037 7.85369 53.95
internal_count=47330 36920 25711 10410 9895 6779 6579 16805 13448 862 327 3116 12586 283 6428 535 218 12303 824 635 382 253 6263 4991 386 4605 11479 1272 267 1005
is_linear=0
shrinkage=0.06


Tree=35
num_leaves=31
num_cat=0
split_feature=16 13 16 46 43 5 24 30 21 3 30 7 10 30 22 32 48 27 40 12 7 11 41 11 12 41 27 17 9 17
split_gain=120.042 21.8264 17.5096 16.7103 16.22 14.5537 12.9846 12.0132 10.7748 11.6608 22.5305 20.3706 13.147 12.3944 11.3987 10.924 12.0817 10.3901 14.9277 30.4732 10.0129 16.4784 13.5413 13.3111 21.3882 9.97082 9.57668 9.4342 9.3367 9.10425
threshold=95.916666666666671 17.841666666666672 94.083333333333357 92.465136195738339 259.57603711884025 90.500000000000014 1576.5000000000002 4.5000000000000009 0.87811739521908916 1.0000000180025095e-35 19.500000000000004 0.62500000000000011 82.416666666666671 34.500000000000007 -0.73672735516063159 88.450000000000017 15.000000000000002 3.5000000000000004 25.850000000000005 73.284722222222243 0.49500000000000005 78.145833333333357 11.050000000000002 74.604166666666671 71.340277777777786 8.1000000000000014 9.5000000000000018 95.479166666666671 2.5500000000000003 95.270833333333357
decision_type=2 2 2 2 2 2 2 2 2 2 2 2 2 2 2 2 2 2 2 2 2 2 2 2 2 2 2 2 2 2
left_child=1 -1 -3 -2 6 17 8 25 27 15 11 14 -13 -12 -11 -10 26 -5 20 -20 21 22 -19 24 -24 -6 29 -4 -26 -17
right_child=3 2 4 5 7 -7 -8 -9 9 10 13 12 -14 -15 -16 16 -18 18 19 -21 -22 -23 23 -25 28 -27 -28 -29 -30 -31
leaf_value=-0.010362874855896197 -0.042288568367332698 0.044703862852148842 0.047382128951983925 -0.028035018228775667 -0.0077354715290773278 -0.046263387279755215 -0.028420264755512327 0.069620983529836145 -0.0222010430986362 0.097913894584590086 -0.039732233672756009 -0.015278697711966221 0.056475217463102301 0.022683568640317727 0.029468657774885474 -0.032927789847638812 0.028561357061693587 -0.03086515663116229 0.33670264172413872 -0.06103302332023345 -0.012876015168867395 0.13147440139926994 -0.010768626637301734 -0.061898669468099292 0.079231527356636189 0.048086619309024477 0.010200181289594925 0.00024332881001284926 0.23364369646361069 0.0068870064055862297
leaf_weight=131.47328861989081 143.23662703670561 70.140751481056213 51.174695948138833 104.35699492320418 22.911947101354599 55.338199918158352 30.437895831651986 29.004060380160809 52.936036145314574 25.752774406224489 23.245324080809951 23.242635279893875 15.20705797895789 22.578325126320124 13.274331630207596 47.31597107835114 73.047214765101671 15.717851320281627 1.3580038687214249 1.4171633180230854 158.09379954729229 4.3992056855931869 4.756185779348014 2.9199744304642072 2.6365159722045064 23.16613794118166 136.91969214193523 21.793639500625432 3.029636817984283 36.721840911544859
leaf_count=3723 13383 414 446 8886 122 4610 624 173 671 197 174 316 141 143 137 351 532 630 104 98 8615 107 309 150 83 119 997 359 138 536
internal_value=-0.00157918 0.0121148 0.0162258 -0.0249967 0.0131467 -0.0180005 0.00971435 0.0393707 0.0118512 0.00852243 0.0243714 0.0440962 0.0131004 -0.00897859 0.0746335 0.00288981 0.00740745 -0.0127642 -0.00456356 0.133595 -0.00656517 0.0232533 0.00687046 0.0513247 0.083046 0.0203295 0.000414102 0.0333031 0.161794 -0.01553
internal_weight=1347.6 850.344 718.87 497.26 648.73 354.024 573.647 75.0821 543.21 470.241 123.3 77.4768 38.4497 45.8236 39.0271 346.941 294.005 298.685 194.328 2.77517 191.553 33.4594 29.0602 13.3423 10.4223 46.0781 220.958 72.9683 5.66615 84.0378
internal_count=47288 10175 6452 37113 6038 23730 5624 414 5000 4195 1108 791 457 317 334 3087 2416 19120 10234 202 10032 1417 1310 680 530 241 1884 805 221 887
is_linear=0
shrinkage=0.06


end of trees

feature_importances:
rr_mean_24h=59
exp_next24_mean=57
rr_mean_6h=56
steps_24h=55
spo2_mean_6h=50
controller_adherence=39
pm25_fcst_max_24h=39
rh_mean_24h=38
bmi=36
puffs_72h=35
pm25_trend_24h=35
pm25_fcst_mean_24h=35
age=34
exp_next24_max=33
hours_since_puff=31
outdoor_hours_day=29
rr_dev_24h=28
fev1_pct=27
rr_mean_72h=26
temp_min_24h=25
flares_last_year=24
spo2_mean_24h=24
pm25_now=24
hr_mean_72h=22
puffs_24h=20
spo2_mean_72h=19
steps_ratio_24h=19
spo2_dev_24h=18
hr_mean_24h=12
hr_dev_24h=12
hr_mean_6h=11
disturb_24h=11
puffs_6h=10
exp_past24_mean=10
spo2_min_6h=9
pm25_mean_72h=9
pm25_max_24h=9
rr_trend_24h=8
steps_6h=7
pm25_mean_24h=7
smoking=6
temp_now=6
sex=4
pm25_hours_above_120_24h=4
pm10_mean_24h=4
pm25_mean_6h=2
allergy=1
hour_of_day=1

parameters:
[boosting: gbdt]
[objective: binary]
[metric: binary_logloss]
[tree_learner: serial]
[device_type: cpu]
[data_sample_strategy: bagging]
[data: ]
[valid: ]
[num_iterations: 36]
[learning_rate: 0.06]
[num_leaves: 31]
[num_threads: 1]
[seed: 100]
[deterministic: 0]
[force_col_wise: 0]
[force_row_wise: 0]
[histogram_pool_size: -1]
[max_depth: -1]
[min_data_in_leaf: 100]
[min_sum_hessian_in_leaf: 0.001]
[bagging_fraction: 0.7]
[pos_bagging_fraction: 1]
[neg_bagging_fraction: 1]
[bagging_freq: 1]
[bagging_seed: 1216]
[bagging_by_query: 0]
[feature_fraction: 0.8]
[feature_fraction_bynode: 1]
[feature_fraction_seed: 16704]
[extra_trees: 0]
[extra_seed: 11254]
[early_stopping_round: 0]
[early_stopping_min_delta: 0]
[first_metric_only: 0]
[max_delta_step: 0]
[lambda_l1: 0]
[lambda_l2: 0]
[linear_lambda: 0]
[min_gain_to_split: 0]
[drop_rate: 0.1]
[max_drop: 50]
[skip_drop: 0.5]
[xgboost_dart_mode: 0]
[uniform_drop: 0]
[drop_seed: 5415]
[top_rate: 0.2]
[other_rate: 0.1]
[min_data_per_group: 100]
[max_cat_threshold: 32]
[cat_l2: 10]
[cat_smooth: 10]
[max_cat_to_onehot: 4]
[top_k: 20]
[monotone_constraints: ]
[monotone_constraints_method: basic]
[monotone_penalty: 0]
[feature_contri: ]
[forcedsplits_filename: ]
[refit_decay_rate: 0.9]
[cegb_tradeoff: 1]
[cegb_penalty_split: 0]
[cegb_penalty_feature_lazy: ]
[cegb_penalty_feature_coupled: ]
[path_smooth: 0]
[interaction_constraints: ]
[verbosity: -1]
[saved_feature_importance_type: 0]
[use_quantized_grad: 0]
[num_grad_quant_bins: 4]
[quant_train_renew_leaf: 0]
[stochastic_rounding: 1]
[linear_tree: 0]
[max_bin: 63]
[max_bin_by_feature: ]
[min_data_in_bin: 3]
[bin_construct_sample_cnt: 200000]
[data_random_seed: 365]
[is_enable_sparse: 1]
[enable_bundle: 1]
[use_missing: 1]
[zero_as_missing: 0]
[feature_pre_filter: 1]
[pre_partition: 0]
[two_round: 0]
[header: 0]
[label_column: ]
[weight_column: ]
[group_column: ]
[ignore_column: ]
[categorical_feature: ]
[forcedbins_filename: ]
[precise_float_parser: 0]
[parser_config_file: ]
[objective_seed: 24504]
[num_class: 1]
[is_unbalance: 0]
[scale_pos_weight: 1]
[sigmoid: 1]
[boost_from_average: 1]
[reg_sqrt: 0]
[alpha: 0.9]
[fair_c: 1]
[poisson_max_delta_step: 0.7]
[tweedie_variance_power: 1.5]
[lambdarank_truncation_level: 30]
[lambdarank_norm: 1]
[label_gain: ]
[lambdarank_position_bias_regularization: 0]
[eval_at: ]
[multi_error_top_k: 1]
[auc_mu_weights: ]
[num_machines: 1]
[local_listen_port: 12400]
[time_out: 120]
[machine_list_filename: ]
[machines: ]
[gpu_platform_id: -1]
[gpu_device_id: -1]
[gpu_device_id_list: ]
[gpu_use_dp: 0]
[num_gpu: 1]

end of parameters

pandas_categorical:[]
